update,gameplay_rollouts,trade_rollouts,gameplay_reward,gameplay_reward_avg_logged,trade_reward,trade_reward_avg_logged,trade_propose,trade_accept,trade_reject,trade_counter,trade_skip,gameplay_policy_loss,gameplay_value_loss,gameplay_entropy,gameplay_entropy_avg_logged,trade_policy_loss,trade_value_loss,trade_entropy,trade_entropy_avg_logged,tom_loss,total_loss,entropy_coef,gamma,gameplay_reward_ma10,trade_reward_ma10,gameplay_entropy_ma10,trade_entropy_ma10,gameplay_value_loss_ma10,trade_value_loss_ma10,gameplay_policy_loss_ma10,trade_policy_loss_ma10,tom_loss_ma10,total_loss_ma10,trade_propose_rate,trade_accept_rate,trade_reject_rate,trade_counter_rate,trade_skip_rate
0,119,76,-0.002,-0.002,0.003,0.003,14,2,9,5,46,0.1118,0.0015,4.8504,4.8504,-0.175,0.0014,1.4251,1.4251,1.613918,0.0174,0.0005,0.92,-0.002,0.003,4.8504,1.4251,0.0015,0.0014,0.1118,-0.175,1.613918,0.0174,0.18421052631578946,0.02631578947368421,0.11842105263157894,0.06578947368421052,0.6052631578947368
1,119,76,-0.002,-0.002,0.0023,0.0026,15,1,14,2,44,0.0805,0.0016,4.8505,4.8504,-0.126,0.0015,1.4251,1.4251,1.606578,0.0348,0.0005,0.92008,-0.002,0.00265,4.85045,1.4251,0.0015500000000000002,0.00145,0.09615,-0.1505,1.610248,0.026099999999999998,0.19736842105263158,0.013157894736842105,0.18421052631578946,0.02631578947368421,0.5789473684210527
2,124,71,0.0042,0.0001,0.0008,0.002,8,2,6,1,54,-0.0412,0.0036,4.8505,4.8505,0.0719,0.0019,1.4251,1.4251,1.603281,0.1121,0.000499,0.92015,6.666666666666655e-05,0.0020333333333333336,4.850466666666667,1.4251,0.0022333333333333333,0.0016,0.05036666666666667,-0.07636666666666665,1.6079256666666666,0.054766666666666665,0.11267605633802817,0.028169014084507043,0.08450704225352113,0.014084507042253521,0.7605633802816901
3,120,77,-0.002,-0.0005,0.0041,0.0025,13,3,10,4,47,0.1593,0.0012,4.8505,4.8505,-0.2483,0.001,1.4251,1.4251,1.615301,-0.0087,0.000499,0.92023,-0.0004500000000000001,0.00255,4.850475,1.4251,0.001975,0.00145,0.0776,-0.11935,1.6097695,0.038900000000000004,0.16883116883116883,0.03896103896103896,0.12987012987012986,0.05194805194805195,0.6103896103896104
4,117,79,0.0013,-0.0001,0.0081,0.0037,18,7,11,3,40,0.0405,0.0026,4.8505,4.8505,-0.0599,0.0015,1.4251,1.4251,1.613946,0.0617,0.000498,0.9203,-0.00010000000000000009,0.00366,4.85048,1.4251,0.0021,0.00146,0.07017999999999999,-0.10746,1.6106048000000002,0.04346,0.22784810126582278,0.08860759493670886,0.13924050632911392,0.0379746835443038,0.5063291139240507
5,120,75,0.0047,0.0007,0.0051,0.0039,13,5,7,2,48,0.0104,0.003,4.8505,4.8505,-0.0167,0.0021,1.425,1.4251,1.614022,0.0755,0.000498,0.92038,0.0007,0.0039000000000000003,4.850483333333334,1.4250833333333333,0.00225,0.0015666666666666667,0.06021666666666667,-0.09233333333333334,1.6111743333333335,0.0488,0.17333333333333334,0.06666666666666667,0.09333333333333334,0.02666666666666667,0.64
6,117,82,0.002,0.0009,0.0083,0.0045,17,6,11,7,41,0.0519,0.0027,4.8505,4.8505,-0.0741,0.0027,1.425,1.4251,1.609224,0.0595,0.000497,0.92045,0.0008857142857142857,0.004528571428571429,4.850485714285715,1.4250714285714285,0.002314285714285714,0.0017285714285714285,0.05902857142857143,-0.08972857142857142,1.6108957142857143,0.05032857142857143,0.2073170731707317,0.07317073170731707,0.13414634146341464,0.08536585365853659,0.5
7,118,79,0.002,0.001,0.005,0.0046,14,4,11,4,46,0.0708,0.002,4.8505,4.8505,-0.1058,0.0023,1.425,1.425,1.606471,0.0459,0.000497,0.92053,0.0010249999999999999,0.0045875,4.8504875,1.4250625000000001,0.002275,0.0018,0.0605,-0.0917375,1.610342625,0.049775,0.17721518987341772,0.05063291139240506,0.13924050632911392,0.05063291139240506,0.5822784810126582
8,118,78,-0.002,0.0007,0.0077,0.0049,13,6,7,7,45,0.1865,0.0009,4.8505,4.8505,-0.2822,0.0009,1.4249,1.425,1.60521,-0.0161,0.000496,0.9206,0.0006888888888888888,0.004933333333333334,4.850488888888889,1.4250444444444446,0.002122222222222222,0.0017,0.0745,-0.1129,1.6097723333333334,0.04245555555555555,0.16666666666666666,0.07692307692307693,0.08974358974358974,0.08974358974358974,0.5769230769230769
9,121,76,-0.0017,0.0004,0.0069,0.0051,14,7,7,2,46,0.1509,0.0008,4.8505,4.8505,-0.2403,0.0007,1.4249,1.425,1.611853,-0.0096,0.000496,0.92068,0.00045,0.00513,4.85049,1.42503,0.00199,0.0016,0.08214,-0.12564,1.6099804,0.03725,0.18421052631578946,0.09210526315789473,0.09210526315789473,0.02631578947368421,0.6052631578947368
10,121,73,-0.002,0.0002,0.005,0.0051,12,6,6,0,49,0.1281,0.0009,4.8505,4.8505,-0.2123,0.0009,1.4249,1.425,1.608756,-0.0044,0.000495,0.92075,0.00045,0.00533,4.8505,1.4250099999999999,0.0019299999999999999,0.00155,0.08377,-0.12936999999999999,1.6094642000000001,0.03507,0.1643835616438356,0.0821917808219178,0.0821917808219178,0.0,0.6712328767123288
11,120,78,0.0015,0.0003,0.0065,0.0052,13,5,8,6,46,0.0079,0.0024,4.8505,4.8505,-0.0122,0.0009,1.4249,1.425,1.612164,0.0764,0.000495,0.92083,0.0008,0.00575,4.8505,1.42499,0.00201,0.00149,0.07651,-0.11799000000000001,1.6100228,0.03923,0.16666666666666666,0.0641025641025641,0.10256410256410256,0.07692307692307693,0.5897435897435898
12,119,76,0.0012,0.0004,0.0057,0.0053,14,6,8,1,47,-0.0139,0.0022,4.8505,4.8505,0.0217,0.0009,1.4248,1.425,1.601397,0.0879,0.000495,0.9209,0.0005,0.00624,4.8505,1.42496,0.0018699999999999997,0.00139,0.07924,-0.12301,1.6098344,0.036809999999999996,0.18421052631578946,0.07894736842105263,0.10526315789473684,0.013157894736842105,0.618421052631579
13,118,80,-0.002,0.0002,0.0056,0.0053,18,4,14,3,41,0.1117,0.0006,4.8505,4.8505,-0.1648,0.0006,1.4248,1.425,1.616817,0.0268,0.000494,0.92098,0.0005,0.00639,4.8505,1.42493,0.0018099999999999998,0.00135,0.07448,-0.11465999999999998,1.609986,0.04036,0.225,0.05,0.175,0.0375,0.5125
14,121,75,-0.0021,0.0001,0.0036,0.0052,15,3,12,1,44,0.1324,0.0008,4.8505,4.8505,-0.2137,0.0007,1.4248,1.425,1.606778,-0.0017,0.000494,0.92105,0.00016000000000000004,0.00594,4.8505,1.4249,0.0016300000000000002,0.00127,0.08367,-0.13004000000000002,1.6092692,0.03402,0.2,0.04,0.16,0.013333333333333334,0.5866666666666667
15,120,75,-0.002,-0.0001,0.0059,0.0052,13,6,6,2,48,0.156,0.0008,4.8505,4.8505,-0.2496,0.0007,1.4247,1.4249,1.604102,-0.0142,0.000493,0.92113,-0.00051,0.00602,4.8505,1.42487,0.00141,0.00113,0.09823000000000001,-0.15333,1.6082771999999999,0.02505,0.17333333333333334,0.08,0.08,0.02666666666666667,0.64
16,113,85,-0.0019,-0.0002,0.0088,0.0054,19,6,14,8,38,0.1631,0.0006,4.8505,4.8505,-0.2168,0.0008,1.4247,1.4249,1.611561,0.026,0.000493,0.9212,-0.0009,0.006070000000000001,4.8505,1.42484,0.0012000000000000001,0.0009400000000000001,0.10934999999999999,-0.16760000000000003,1.6085109,0.0217,0.2235294117647059,0.07058823529411765,0.16470588235294117,0.09411764705882353,0.4470588235294118
17,122,75,-0.0013,-0.0002,0.0042,0.0054,10,4,6,4,51,0.111,0.0006,4.8505,4.8505,-0.1806,0.0006,1.4246,1.4249,1.602837,0.0096,0.000492,0.92128,-0.00123,0.00599,4.8505,1.4247999999999998,0.0010599999999999997,0.0007700000000000001,0.11337,-0.17507999999999999,1.6081475,0.01807,0.13333333333333333,0.05333333333333334,0.08,0.05333333333333334,0.68
18,116,81,0.0053,0.0001,0.0072,0.0055,20,5,15,4,37,0.011,0.0042,4.8505,4.8505,-0.0158,0.003,1.4246,1.4249,1.616888,0.0781,0.000492,0.92135,-0.0005,0.00594,4.8505,1.42477,0.00139,0.00098,0.09582,-0.14844,1.6093153,0.027490000000000004,0.24691358024691357,0.06172839506172839,0.18518518518518517,0.04938271604938271,0.4567901234567901
19,118,80,0.0012,0.0001,0.0044,0.0054,15,2,13,6,44,0.0393,0.0019,4.8505,4.8505,-0.058,0.0015,1.4246,1.4249,1.613244,0.0622,0.000491,0.92143,-0.00021000000000000004,0.005690000000000001,4.8505,1.4247400000000001,0.0015,0.00106,0.08466,-0.13021,1.6094544,0.03467,0.1875,0.025,0.1625,0.075,0.55
20,113,85,-0.0016,0.0001,0.0093,0.0057,24,7,16,4,34,0.1565,0.0003,4.8505,4.8505,-0.208,0.0005,1.4245,1.4249,1.602743,0.0274,0.000491,0.9215,-0.00017,0.00612,4.8505,1.4247,0.0014399999999999999,0.00102,0.0875,-0.12977999999999998,1.6088531,0.03785000000000001,0.2823529411764706,0.08235294117647059,0.18823529411764706,0.047058823529411764,0.4
21,120,77,-0.0016,0.0002,0.0036,0.0058,14,2,13,4,44,0.0963,0.0006,4.8505,4.8505,-0.1501,0.0006,1.4245,1.4248,1.611775,0.0259,0.000491,0.92158,-0.00048000000000000007,0.00583,4.8505,1.42466,0.00126,0.00099,0.09634,-0.14357,1.6088142,0.0328,0.18181818181818182,0.025974025974025976,0.16883116883116883,0.05194805194805195,0.5714285714285714
22,116,82,-0.0017,-0.0001,0.0072,0.0061,19,5,13,5,40,0.1311,0.0004,4.8505,4.8505,-0.1854,0.0005,1.4245,1.4248,1.600186,0.0246,0.00049,0.92165,-0.0007700000000000001,0.00598,4.8505,1.42463,0.0010799999999999998,0.00095,0.11084000000000001,-0.16428,1.6086931,0.02647,0.23170731707317074,0.06097560975609756,0.15853658536585366,0.06097560975609756,0.4878048780487805
23,121,75,0.0019,0.0001,0.0017,0.006,13,2,12,0,48,0.001,0.0026,4.8505,4.8505,-0.0016,0.0017,1.4244,1.4248,1.611908,0.0806,0.00049,0.92173,-0.00037999999999999997,0.0055899999999999995,4.8505,1.4245900000000002,0.0012799999999999999,0.00106,0.09977,-0.14796,1.6082022000000002,0.03185,0.17333333333333334,0.02666666666666667,0.16,0.0,0.64
24,118,79,0.002,0.0001,0.0051,0.0058,17,3,14,4,41,-0.0047,0.0019,4.8505,4.8505,0.007,0.0008,1.4244,1.4247,1.607224,0.0825,0.000489,0.9218,3.0000000000000035e-05,0.00574,4.8505,1.42455,0.0013900000000000002,0.0010700000000000002,0.08606,-0.12589,1.6082467999999999,0.04027,0.21518987341772153,0.0379746835443038,0.17721518987341772,0.05063291139240506,0.5189873417721519
25,115,82,-0.0016,-0.0002,0.0067,0.0059,17,4,12,7,42,0.1479,0.0005,4.8505,4.8505,-0.2074,0.0008,1.4243,1.4247,1.612015,0.0202,0.000489,0.92188,7.000000000000003e-05,0.0058200000000000005,4.8505,1.4245100000000002,0.00136,0.0010799999999999998,0.08524999999999999,-0.12167000000000001,1.6090381,0.04371,0.2073170731707317,0.04878048780487805,0.14634146341463414,0.08536585365853659,0.5121951219512195
26,117,82,0.0019,-0.0002,0.0086,0.0059,18,6,12,7,39,0.0646,0.0027,4.8504,4.8505,-0.0921,0.002,1.4242,1.4247,1.61326,0.0539,0.000488,0.92195,0.00045000000000000004,0.0058,4.85049,1.4244600000000003,0.0015699999999999998,0.0012000000000000001,0.0754,-0.1092,1.609208,0.0465,0.21951219512195122,0.07317073170731707,0.14634146341463414,0.08536585365853659,0.47560975609756095
27,114,84,-0.002,-0.0004,0.0072,0.006,18,4,15,8,39,0.1496,0.0004,4.8504,4.8505,-0.203,0.0005,1.4242,1.4246,1.604544,0.0257,0.000488,0.92203,0.00038,0.0060999999999999995,4.85048,1.42442,0.00155,0.00119,0.07926,-0.11144000000000001,1.6093787,0.04811,0.21428571428571427,0.047619047619047616,0.17857142857142858,0.09523809523809523,0.4642857142857143
28,117,81,0.0024,-0.0002,0.0094,0.0061,18,8,9,5,41,0.076,0.0025,4.8504,4.8505,-0.1098,0.0028,1.4241,1.4246,1.607958,0.0478,0.000487,0.9221,9.000000000000002e-05,0.006319999999999999,4.85047,1.4243700000000001,0.00138,0.00117,0.08575999999999999,-0.12083999999999999,1.6084857,0.04508,0.2222222222222222,0.09876543209876543,0.1111111111111111,0.06172839506172839,0.5061728395061729
29,121,74,0.0011,-0.0001,0.0048,0.006,13,5,9,1,46,-0.0015,0.0018,4.8504,4.8505,0.0024,0.001,1.4241,1.4245,1.630547,0.0823,0.000487,0.92218,8.000000000000003e-05,0.006359999999999999,4.85046,1.42432,0.0013700000000000001,0.0011200000000000001,0.08168,-0.11479999999999999,1.610216,0.04709,0.17567567567567569,0.06756756756756757,0.12162162162162163,0.013513513513513514,0.6216216216216216
30,118,80,0.0013,0.0001,0.0064,0.0061,15,5,10,5,45,0.0739,0.0018,4.8504,4.8505,-0.109,0.0017,1.424,1.4245,1.6162,0.0459,0.000486,0.92225,0.00037,0.006070000000000001,4.85045,1.42427,0.00152,0.00124,0.07342,-0.10490000000000002,1.6115617,0.04894,0.1875,0.0625,0.125,0.0625,0.5625
31,118,79,-0.0013,-0.0,0.0052,0.006,13,3,10,7,46,0.1247,0.0004,4.8504,4.8505,-0.1862,0.0004,1.424,1.4244,1.614786,0.0181,0.000486,0.92233,0.0004000000000000001,0.00623,4.850440000000001,1.4242199999999998,0.0015,0.0012200000000000002,0.07626000000000001,-0.10851000000000002,1.6118628000000002,0.04816,0.16455696202531644,0.0379746835443038,0.12658227848101267,0.08860759493670886,0.5822784810126582
32,113,87,0.0059,0.0002,0.0098,0.0062,21,6,14,10,36,0.0357,0.0044,4.8504,4.8505,-0.0463,0.0037,1.4239,1.4244,1.610653,0.0724,0.000486,0.9224,0.00116,0.00649,4.85043,1.4241599999999999,0.0019,0.0015400000000000001,0.06672,-0.0946,1.6129095,0.05294,0.2413793103448276,0.06896551724137931,0.16091954022988506,0.11494252873563218,0.41379310344827586
33,111,88,0.0015,0.0004,0.0136,0.0066,21,11,11,11,34,0.1642,0.0018,4.8504,4.8505,-0.2071,0.0026,1.4238,1.4243,1.611132,0.0384,0.000485,0.92248,0.0011200000000000001,0.007679999999999999,4.85042,1.4241,0.0018199999999999998,0.00163,0.08304,-0.11515,1.6128319000000002,0.04872,0.23863636363636365,0.125,0.125,0.125,0.38636363636363635
34,121,76,-0.002,0.0004,0.0053,0.0067,14,5,8,2,47,0.1044,0.0004,4.8504,4.8504,-0.1662,0.0004,1.4238,1.4243,1.6132,0.0177,0.000485,0.92255,0.0007199999999999999,0.0077,4.850409999999999,1.42404,0.00167,0.00159,0.09395,-0.13247000000000003,1.6134294999999998,0.04224,0.18421052631578946,0.06578947368421052,0.10526315789473684,0.02631578947368421,0.618421052631579
35,115,83,0.0054,0.0007,0.0089,0.0069,17,7,11,7,41,0.0627,0.0035,4.8504,4.8504,-0.0868,0.0044,1.4237,1.4242,1.601493,0.0583,0.000484,0.92263,0.00142,0.00792,4.8504,1.4239799999999998,0.00197,0.00195,0.08543,-0.12041000000000002,1.6123773,0.04605,0.20481927710843373,0.08433734939759036,0.13253012048192772,0.08433734939759036,0.4939759036144578
36,120,76,0.0058,0.0011,0.0056,0.0067,15,5,10,2,44,0.0221,0.0051,4.8504,4.8504,-0.0349,0.0045,1.4236,1.4242,1.607269,0.0708,0.000484,0.9227,0.0018100000000000002,0.007619999999999999,4.8504,1.42392,0.00221,0.0021999999999999997,0.08118,-0.11469,1.6117781999999998,0.04774,0.19736842105263158,0.06578947368421052,0.13157894736842105,0.02631578947368421,0.5789473684210527
37,118,79,-0.0017,0.0011,0.0083,0.0069,16,8,8,3,44,0.126,0.0005,4.8503,4.8504,-0.1883,0.0008,1.4236,1.4241,1.601197,0.017,0.000483,0.92278,0.00184,0.007729999999999999,4.850389999999999,1.42386,0.00222,0.0022299999999999998,0.07882,-0.11321999999999999,1.6114435,0.04687,0.20253164556962025,0.10126582278481013,0.10126582278481013,0.0379746835443038,0.5569620253164557
38,119,78,0.0027,0.001,0.0062,0.0069,15,5,9,4,45,-0.0003,0.0027,4.8503,4.8504,0.0004,0.0017,1.4235,1.4241,1.608005,0.0813,0.000483,0.92285,0.0018700000000000001,0.00741,4.8503799999999995,1.4238,0.00224,0.0021199999999999995,0.07119,-0.1022,1.6114482000000003,0.05022,0.19230769230769232,0.0641025641025641,0.11538461538461539,0.05128205128205128,0.5769230769230769
39,117,79,-0.002,0.0008,0.0069,0.007,12,5,8,8,46,0.1479,0.0005,4.8503,4.8504,-0.2191,0.0007,1.4234,1.424,1.608285,0.0083,0.000482,0.92293,0.00156,0.00762,4.85037,1.42373,0.00211,0.0020900000000000003,0.08613,-0.12435,1.6092220000000002,0.04282,0.1518987341772152,0.06329113924050633,0.10126582278481013,0.10126582278481013,0.5822784810126582
40,116,82,0.0019,0.001,0.01,0.007,19,8,11,6,38,0.0459,0.0035,4.8503,4.8504,-0.0649,0.0027,1.4233,1.424,1.606256,0.0629,0.000482,0.923,0.0016200000000000003,0.00798,4.850359999999999,1.42366,0.00228,0.00219,0.08333,-0.11994,1.6082276,0.04452,0.23170731707317074,0.0975609756097561,0.13414634146341464,0.07317073170731707,0.4634146341463415
41,118,80,-0.002,0.001,0.0084,0.0073,15,7,8,6,44,0.2031,0.0006,4.8503,4.8504,-0.2996,0.0007,1.4232,1.4239,1.609812,-0.0169,0.000482,0.92308,0.00155,0.0083,4.85035,1.42358,0.0023,0.00222,0.09117,-0.13127999999999998,1.6077302,0.04102,0.1875,0.0875,0.1,0.075,0.55
42,118,79,-0.0021,0.0009,0.0081,0.0073,15,7,8,5,44,0.1815,0.0005,4.8503,4.8504,-0.2712,0.0006,1.4231,1.4238,1.613571,-0.0099,0.000481,0.92315,0.0007500000000000001,0.00813,4.850339999999999,1.4235000000000002,0.0019100000000000002,0.0019100000000000002,0.10575000000000001,-0.15377000000000002,1.608022,0.03279,0.189873417721519,0.08860759493670886,0.10126582278481013,0.06329113924050633,0.5569620253164557
43,116,81,-0.0016,0.0008,0.0077,0.0076,19,6,13,4,39,0.1262,0.0006,4.8503,4.8504,-0.1808,0.001,1.423,1.4238,1.600057,0.0247,0.000481,0.92323,0.0004400000000000001,0.00754,4.8503300000000005,1.4234200000000001,0.0017900000000000004,0.0017499999999999998,0.10195000000000001,-0.15114,1.6069144999999998,0.03142,0.2345679012345679,0.07407407407407407,0.16049382716049382,0.04938271604938271,0.48148148148148145
44,118,78,-0.002,0.0006,0.0074,0.0077,18,7,11,1,41,0.1705,0.0004,4.8502,4.8504,-0.258,0.0005,1.4229,1.4237,1.610021,-0.008,0.00048,0.9233,0.0004400000000000001,0.00775,4.85031,1.42333,0.0017900000000000004,0.0017599999999999998,0.10855999999999999,-0.16031999999999996,1.6065966,0.028849999999999997,0.23076923076923078,0.08974358974358974,0.14102564102564102,0.01282051282051282,0.5256410256410257
45,116,84,-0.0017,0.0006,0.011,0.0079,20,10,10,5,39,0.1567,0.0006,4.8502,4.8504,-0.2164,0.0009,1.4228,1.4236,1.600951,0.0196,0.00048,0.92338,-0.00026999999999999995,0.007959999999999998,4.850289999999999,1.42324,0.0015,0.0014100000000000002,0.11796,-0.17328,1.6065424,0.02498,0.23809523809523808,0.11904761904761904,0.11904761904761904,0.05952380952380952,0.4642857142857143
46,117,80,0.0053,0.0007,0.0088,0.0079,18,7,9,5,41,0.0183,0.0049,4.8502,4.8503,-0.0268,0.0028,1.4226,1.4235,1.611857,0.0745,0.000479,0.92345,-0.00031999999999999986,0.00828,4.85027,1.42314,0.00148,0.0012400000000000002,0.11757999999999999,-0.17246999999999998,1.6070011999999998,0.02535,0.225,0.0875,0.1125,0.0625,0.5125
47,115,83,-0.0013,0.0008,0.0097,0.0081,20,8,13,5,37,0.1627,0.0004,4.8502,4.8503,-0.2254,0.0005,1.4225,1.4235,1.611321,0.0168,0.000479,0.92353,-0.00027999999999999987,0.00842,4.8502600000000005,1.42303,0.00147,0.00121,0.12125,-0.17618,1.6080136,0.02533,0.24096385542168675,0.0963855421686747,0.1566265060240964,0.060240963855421686,0.4457831325301205
48,115,85,-0.0016,0.0006,0.0077,0.008,19,5,15,7,39,0.1536,0.0006,4.8501,4.8503,-0.2078,0.0008,1.4223,1.4234,1.602666,0.0251,0.000478,0.9236,-0.0007099999999999999,0.00857,4.850239999999999,1.4229100000000001,0.00126,0.00112,0.13664,-0.197,1.6074797,0.01971,0.2235294117647059,0.058823529411764705,0.17647058823529413,0.08235294117647059,0.4588235294117647
49,116,82,0.0046,0.0008,0.0097,0.0082,18,8,10,6,40,0.0313,0.0039,4.8501,4.8503,-0.0442,0.0034,1.4221,1.4233,1.59787,0.0691,0.000478,0.92368,-4.9999999999999874e-05,0.00885,4.85022,1.42278,0.0016,0.0013900000000000002,0.12498000000000001,-0.17951,1.6064382,0.02579,0.21951219512195122,0.0975609756097561,0.12195121951219512,0.07317073170731707,0.4878048780487805
50,113,84,0.0014,0.0008,0.01,0.0084,17,6,10,12,39,0.0759,0.0022,4.8501,4.8503,-0.1021,0.0024,1.422,1.4232,1.607332,0.055,0.000477,0.92375,-9.999999999999986e-05,0.00885,4.850199999999999,1.4226500000000002,0.00147,0.0013599999999999999,0.12797999999999998,-0.18323,1.6065458,0.024999999999999998,0.20238095238095238,0.07142857142857142,0.11904761904761904,0.14285714285714285,0.4642857142857143
51,118,82,-0.0013,0.0008,0.0068,0.0085,19,5,15,4,39,0.1642,0.0005,4.85,4.8503,-0.2363,0.0005,1.4218,1.4231,1.607645,0.0073,0.000477,0.92383,-2.999999999999984e-05,0.00869,4.85017,1.42251,0.00146,0.00134,0.12409,-0.1769,1.6063291,0.02742,0.23170731707317074,0.06097560975609756,0.18292682926829268,0.04878048780487805,0.47560975609756095
52,114,84,0.0051,0.0007,0.0095,0.0085,15,6,8,12,43,0.021,0.0044,4.85,4.8502,-0.0285,0.0028,1.4216,1.4229,1.612171,0.0752,0.000477,0.9239,0.0006900000000000002,0.008830000000000001,4.850140000000001,1.4223599999999998,0.0018499999999999999,0.00156,0.10804,-0.15263,1.6061891,0.035930000000000004,0.17857142857142858,0.07142857142857142,0.09523809523809523,0.14285714285714285,0.5119047619047619
53,116,81,-0.0016,0.0006,0.0094,0.0083,18,8,11,5,39,0.1669,0.0006,4.85,4.8502,-0.239,0.0008,1.4214,1.4228,1.620021,0.0081,0.000476,0.92398,0.0006900000000000003,0.009000000000000001,4.850109999999999,1.4222,0.0018499999999999999,0.00154,0.11211,-0.15844999999999998,1.6081855,0.03427,0.2222222222222222,0.09876543209876543,0.13580246913580246,0.06172839506172839,0.48148148148148145
54,113,86,0.0021,0.0008,0.0107,0.0085,23,9,14,5,35,0.0974,0.0018,4.8499,4.8502,-0.128,0.0029,1.4211,1.4227,1.613579,0.051,0.000476,0.92405,0.0011,0.00933,4.85008,1.4220199999999998,0.0019899999999999996,0.00178,0.1048,-0.14545,1.6085413,0.04017,0.26744186046511625,0.10465116279069768,0.16279069767441862,0.05813953488372093,0.4069767441860465
55,116,82,-0.002,0.0004,0.012,0.0087,21,11,10,4,36,0.1871,0.0004,4.8499,4.8502,-0.2646,0.0005,1.4209,1.4225,1.605167,0.0017,0.000475,0.92413,0.0010700000000000002,0.009430000000000001,4.85005,1.4218300000000001,0.00197,0.0017399999999999998,0.10783999999999998,-0.15027,1.6089628999999999,0.03838,0.25609756097560976,0.13414634146341464,0.12195121951219512,0.04878048780487805,0.43902439024390244
56,119,78,0.0019,0.0002,0.0054,0.0087,15,4,11,4,44,0.0305,0.0023,4.8498,4.8501,-0.0466,0.0018,1.4206,1.4224,1.604288,0.0647,0.000475,0.9242,0.0007300000000000001,0.00909,4.85001,1.42163,0.0017100000000000001,0.0016399999999999997,0.10906,-0.15225,1.6082059999999998,0.0374,0.19230769230769232,0.05128205128205128,0.14102564102564102,0.05128205128205128,0.5641025641025641
57,117,82,-0.002,0.0002,0.0109,0.0088,17,10,7,6,42,0.2272,0.0007,4.8498,4.8501,-0.3242,0.0009,1.4203,1.4222,1.608353,-0.0173,0.000474,0.92428,0.00066,0.00921,4.849970000000001,1.42141,0.0017399999999999998,0.0016799999999999999,0.11551,-0.16213,1.6079092,0.03399,0.2073170731707317,0.12195121951219512,0.08536585365853659,0.07317073170731707,0.5121951219512195
58,115,82,0.0013,0.0001,0.0077,0.0089,21,6,14,3,38,0.0647,0.0022,4.8497,4.8501,-0.0908,0.0026,1.42,1.422,1.623295,0.056,0.000474,0.92435,0.0009500000000000001,0.00921,4.8499300000000005,1.42118,0.0019,0.0018599999999999999,0.10662,-0.15043,1.6099720999999998,0.037079999999999995,0.25609756097560976,0.07317073170731707,0.17073170731707318,0.036585365853658534,0.4634146341463415
59,115,83,0.0028,0.0004,0.0103,0.0091,21,8,13,6,35,-0.003,0.0045,4.8497,4.85,0.0042,0.0023,1.4197,1.4219,1.611604,0.0837,0.000473,0.92443,0.0007700000000000001,0.00927,4.84989,1.4209399999999999,0.00196,0.0017499999999999998,0.10318999999999998,-0.14559,1.6113454999999999,0.03854,0.25301204819277107,0.0963855421686747,0.1566265060240964,0.07228915662650602,0.42168674698795183
60,119,79,0.0023,0.0004,0.0052,0.0088,13,3,11,7,45,0.068,0.0026,4.8496,4.85,-0.1024,0.0032,1.4193,1.4217,1.611242,0.0476,0.000473,0.9245,0.00086,0.00879,4.84984,1.4206699999999999,0.002,0.00183,0.1024,-0.14562,1.6117365,0.0378,0.16455696202531644,0.0379746835443038,0.13924050632911392,0.08860759493670886,0.569620253164557
61,115,82,-0.002,0.0004,0.0065,0.0087,21,5,15,2,39,0.1503,0.0006,4.8495,4.85,-0.2108,0.0007,1.419,1.4214,1.613701,0.0194,0.000473,0.92458,0.0007900000000000001,0.00876,4.8497900000000005,1.4203899999999998,0.00201,0.0018499999999999999,0.10101,-0.14306999999999997,1.6123421,0.039009999999999996,0.25609756097560976,0.06097560975609756,0.18292682926829268,0.024390243902439025,0.47560975609756095
62,112,89,-0.002,0.0004,0.0132,0.009,23,11,13,9,33,0.1623,0.0006,4.8495,4.8499,-0.2043,0.0009,1.4186,1.4212,1.613982,0.038,0.000472,0.92465,7.999999999999999e-05,0.00913,4.84974,1.42009,0.00163,0.00166,0.11513999999999999,-0.16065000000000002,1.6125232,0.03529,0.25842696629213485,0.12359550561797752,0.14606741573033707,0.10112359550561797,0.3707865168539326
63,112,88,0.0017,0.0006,0.0135,0.0093,25,11,14,8,30,0.1269,0.0031,4.8494,4.8499,-0.1615,0.0043,1.4183,1.421,1.60897,0.0481,0.000472,0.92473,0.00041000000000000005,0.00954,4.849680000000001,1.4197799999999998,0.0018799999999999997,0.00201,0.11113999999999999,-0.1529,1.6114181000000003,0.03929,0.2840909090909091,0.125,0.1590909090909091,0.09090909090909091,0.3409090909090909
64,114,84,0.0021,0.0008,0.0111,0.0095,22,10,12,4,36,0.0577,0.0028,4.8493,4.8498,-0.0784,0.0033,1.4179,1.4207,1.612757,0.0616,0.000471,0.9248,0.00040999999999999994,0.00958,4.84962,1.4194600000000002,0.00198,0.00205,0.10717000000000002,-0.14794000000000002,1.6113358999999998,0.04035,0.2619047619047619,0.11904761904761904,0.14285714285714285,0.047619047619047616,0.42857142857142855
65,115,85,0.0023,0.001,0.0095,0.0094,23,6,16,7,33,-0.0043,0.0042,4.8493,4.8498,0.0058,0.0012,1.4175,1.4205,1.615767,0.0835,0.000471,0.92488,0.0008399999999999999,0.00933,4.84956,1.41912,0.00236,0.00212,0.08803,-0.12090000000000001,1.6123958999999999,0.048530000000000004,0.27058823529411763,0.07058823529411765,0.18823529411764706,0.08235294117647059,0.38823529411764707
66,109,92,0.0055,0.001,0.0113,0.0095,23,7,16,13,33,-0.0197,0.0054,4.8492,4.8497,0.0234,0.0032,1.4171,1.4202,1.61217,0.0871,0.00047,0.92495,0.0012000000000000001,0.00992,4.8495,1.4187699999999999,0.00267,0.0022600000000000003,0.08301,-0.1139,1.6131841000000002,0.050769999999999996,0.25,0.07608695652173914,0.17391304347826086,0.14130434782608695,0.358695652173913
67,115,83,-0.0017,0.001,0.0087,0.0095,19,6,13,7,38,0.166,0.0005,4.8491,4.8497,-0.2299,0.0005,1.4167,1.4199,1.5984,0.0149,0.00047,0.92503,0.00123,0.0097,4.84943,1.41841,0.00265,0.00222,0.07689,-0.10447,1.6121887999999998,0.053989999999999996,0.2289156626506024,0.07228915662650602,0.1566265060240964,0.08433734939759036,0.4578313253012048
68,115,84,-0.0013,0.001,0.0075,0.0095,21,5,16,5,37,0.1119,0.0005,4.849,4.8496,-0.1533,0.0005,1.4162,1.4196,1.613814,0.0384,0.000469,0.92511,0.0009699999999999998,0.00968,4.84936,1.41803,0.0024800000000000004,0.00201,0.08161,-0.11072,1.6112407000000002,0.05223,0.25,0.05952380952380952,0.19047619047619047,0.05952380952380952,0.44047619047619047
69,113,86,-0.0012,0.0007,0.0125,0.0096,21,10,12,9,34,0.235,0.0007,4.8489,4.8496,-0.3087,0.0011,1.4158,1.4193,1.610968,0.0062,0.000469,0.92518,0.00057,0.0099,4.84928,1.41764,0.0021000000000000003,0.00189,0.10541,-0.14201,1.6111771000000001,0.044480000000000006,0.2441860465116279,0.11627906976744186,0.13953488372093023,0.10465116279069768,0.3953488372093023
70,108,94,0.0019,0.0007,0.0143,0.0098,27,11,16,12,28,0.0386,0.0031,4.8488,4.8495,-0.0443,0.0015,1.4152,1.4189,1.618182,0.076,0.000468,0.92526,0.00053,0.01081,4.8492,1.41723,0.00215,0.00172,0.10247000000000002,-0.1362,1.6118711000000001,0.047319999999999994,0.2872340425531915,0.11702127659574468,0.1702127659574468,0.1276595744680851,0.2978723404255319
71,117,80,0.0019,0.0009,0.0081,0.0099,20,7,13,2,38,-0.0005,0.0031,4.8487,4.8494,0.0007,0.0015,1.4147,1.4186,1.600392,0.0811,0.000468,0.92533,0.00092,0.010969999999999999,4.84912,1.4168,0.0024000000000000002,0.0018000000000000002,0.08739,-0.11505000000000001,1.6105401999999998,0.05349,0.25,0.0875,0.1625,0.025,0.475
72,121,76,0.0012,0.0007,0.0058,0.0097,16,6,10,0,44,0.0566,0.0022,4.8486,4.8494,-0.0901,0.0022,1.4141,1.4182,1.610518,0.0477,0.000468,0.92541,0.00124,0.01023,4.84903,1.41635,0.00256,0.0019299999999999999,0.07682,-0.10363,1.6101938,0.054459999999999995,0.21052631578947367,0.07894736842105263,0.13157894736842105,0.0,0.5789473684210527
73,115,84,0.002,0.0009,0.0081,0.0096,22,6,16,4,36,0.0267,0.0029,4.8485,4.8493,-0.0366,0.0021,1.4136,1.4178,1.603951,0.0713,0.000467,0.92548,0.0012699999999999999,0.009689999999999999,4.848940000000001,1.41588,0.00254,0.0017100000000000001,0.0668,-0.09114,1.6096919,0.05678,0.2619047619047619,0.07142857142857142,0.19047619047619047,0.047619047619047616,0.42857142857142855
74,116,82,-0.0021,0.0006,0.0097,0.0096,18,8,9,6,41,0.1526,0.0006,4.8484,4.8492,-0.2159,0.0006,1.413,1.4174,1.612985,0.0166,0.000467,0.92556,0.0008500000000000001,0.00955,4.84885,1.41539,0.00232,0.0014399999999999999,0.07629,-0.10489,1.6097147,0.05228000000000001,0.21951219512195122,0.0975609756097561,0.10975609756097561,0.07317073170731707,0.5
75,117,80,0.0045,0.001,0.0077,0.0094,14,6,9,7,44,0.0119,0.003,4.8483,4.8491,-0.0173,0.0021,1.4124,1.417,1.609884,0.0761,0.000466,0.92563,0.00107,0.00937,4.84875,1.4148800000000001,0.0022,0.0015300000000000001,0.07791000000000001,-0.1072,1.6091263999999998,0.051539999999999996,0.175,0.075,0.1125,0.0875,0.55
76,114,85,-0.002,0.0008,0.0092,0.0096,19,6,13,9,38,0.2104,0.0008,4.8481,4.8491,-0.2821,0.0008,1.4117,1.4165,1.614879,0.0083,0.000466,0.92571,0.00031999999999999997,0.00916,4.8486400000000005,1.41434,0.0017399999999999998,0.00129,0.10092000000000001,-0.13774999999999998,1.6093973,0.04366,0.2235294117647059,0.07058823529411765,0.15294117647058825,0.10588235294117647,0.4470588235294118
77,116,82,0.0053,0.0011,0.0084,0.0094,19,6,13,6,38,0.0199,0.0039,4.848,4.849,-0.0281,0.0034,1.411,1.4161,1.613807,0.0746,0.000465,0.92578,0.00102,0.00913,4.84853,1.41377,0.00208,0.0015800000000000002,0.08631,-0.11757,1.6109379999999998,0.04963,0.23170731707317074,0.07317073170731707,0.15853658536585366,0.07317073170731707,0.4634146341463415
78,112,87,-0.002,0.001,0.0123,0.0097,24,10,12,7,34,0.2308,0.0008,4.8479,4.8489,-0.2971,0.0012,1.4103,1.4156,1.611835,0.0138,0.000465,0.92586,0.0009499999999999998,0.00961,4.84842,1.41318,0.00211,0.00165,0.0982,-0.13194999999999998,1.6107401,0.04717,0.27586206896551724,0.11494252873563218,0.13793103448275862,0.08045977011494253,0.39080459770114945
79,114,85,0.0133,0.0015,0.0127,0.0098,24,11,15,5,30,-0.0733,0.0184,4.8477,4.8488,0.0983,0.0052,1.4095,1.4151,1.607215,0.1157,0.000464,0.92593,0.0024,0.009630000000000001,4.8483,1.41255,0.00388,0.00206,0.06737,-0.09125000000000001,1.6103648,0.05811999999999999,0.2823529411764706,0.12941176470588237,0.17647058823529413,0.058823529411764705,0.35294117647058826
80,109,92,-0.002,0.0013,0.0129,0.0102,24,9,13,13,33,0.2277,0.0005,4.8476,4.8487,-0.2698,0.0008,1.4088,1.4146,1.609487,0.0376,0.000464,0.92601,0.00201,0.00949,4.84818,1.41191,0.0036199999999999995,0.0019899999999999996,0.08628,-0.11379999999999998,1.6094953,0.05428000000000001,0.2608695652173913,0.09782608695652174,0.14130434782608695,0.14130434782608695,0.358695652173913
81,115,85,-0.002,0.0013,0.0104,0.0104,24,9,16,3,33,0.1548,0.0009,4.8474,4.8486,-0.2095,0.0008,1.4081,1.414,1.609442,0.0252,0.000464,0.92608,0.00162,0.009720000000000001,4.84805,1.41125,0.0034000000000000002,0.0019199999999999998,0.10181,-0.13482,1.6104002999999998,0.04869,0.2823529411764706,0.10588235294117647,0.18823529411764706,0.03529411764705882,0.38823529411764707
82,114,84,-0.0021,0.0013,0.0098,0.0102,21,8,14,5,36,0.1611,0.0007,4.8472,4.8485,-0.2187,0.0007,1.4071,1.4134,1.608795,0.0221,0.000463,0.92616,0.00129,0.01012,4.847910000000001,1.41055,0.0032500000000000003,0.00177,0.11226,-0.14768,1.610228,0.046130000000000004,0.25,0.09523809523809523,0.16666666666666666,0.05952380952380952,0.42857142857142855
83,115,85,0.0014,0.0013,0.0089,0.01,21,6,15,7,36,0.014,0.0026,4.847,4.8483,-0.0189,0.0014,1.4061,1.4128,1.611566,0.0762,0.000463,0.92623,0.0012299999999999998,0.010199999999999999,4.84776,1.4098,0.0032199999999999998,0.0017000000000000001,0.11099,-0.14591,1.6109895,0.04662,0.24705882352941178,0.07058823529411765,0.17647058823529413,0.08235294117647059,0.4235294117647059
84,115,83,0.0017,0.0012,0.0089,0.0098,23,8,15,1,36,0.0285,0.0019,4.8467,4.8482,-0.0395,0.0012,1.405,1.4122,1.610712,0.0696,0.000462,0.92631,0.0016099999999999997,0.010119999999999999,4.84759,1.409,0.00335,0.00176,0.09858,-0.12827,1.6107622,0.05192,0.27710843373493976,0.0963855421686747,0.18072289156626506,0.012048192771084338,0.43373493975903615
85,117,80,0.0019,0.0012,0.0079,0.0098,19,6,13,4,38,0.051,0.0031,4.8465,4.8481,-0.0746,0.0031,1.4038,1.4115,1.602559,0.0582,0.000462,0.92638,0.0013499999999999999,0.01014,4.84741,1.40814,0.0033599999999999997,0.0018599999999999999,0.10249,-0.134,1.6100296999999997,0.050129999999999994,0.2375,0.075,0.1625,0.05,0.475
86,114,84,-0.002,0.0008,0.0088,0.0096,23,7,16,3,35,0.1464,0.0007,4.8462,4.8479,-0.1988,0.0008,1.4025,1.4108,1.606373,0.0273,0.000461,0.92646,0.0013499999999999999,0.0101,4.84722,1.40722,0.0033499999999999997,0.0018599999999999999,0.09609000000000001,-0.12567,1.6091791,0.05203,0.27380952380952384,0.08333333333333333,0.19047619047619047,0.03571428571428571,0.4166666666666667
87,116,83,0.0045,0.0012,0.0091,0.0097,19,6,12,8,38,0.0683,0.0063,4.8459,4.8478,-0.0955,0.0069,1.4012,1.41,1.619485,0.0589,0.000461,0.92653,0.0012699999999999999,0.01017,4.84701,1.40624,0.0035900000000000003,0.00221,0.10093,-0.13241,1.6097469,0.050460000000000005,0.2289156626506024,0.07228915662650602,0.14457831325301204,0.0963855421686747,0.4578313253012048
88,111,89,0.0057,0.0015,0.0076,0.0097,25,3,22,8,31,0.0111,0.0046,4.8456,4.8476,-0.0139,0.0037,1.3999,1.4092,1.611282,0.0805,0.00046,0.92661,0.0020399999999999997,0.0097,4.846780000000001,1.4052,0.00397,0.00246,0.07896,-0.10409000000000002,1.6096916000000001,0.05713,0.2808988764044944,0.033707865168539325,0.24719101123595505,0.0898876404494382,0.34831460674157305
89,115,84,-0.0016,0.0015,0.0112,0.0096,22,10,13,4,35,0.166,0.0007,4.8453,4.8474,-0.2273,0.0007,1.3985,1.4083,1.610959,0.0185,0.00046,0.92668,0.0005499999999999998,0.00955,4.84654,1.4041,0.0021999999999999997,0.00201,0.10289000000000001,-0.13665,1.6100660000000002,0.04741,0.2619047619047619,0.11904761904761904,0.15476190476190477,0.047619047619047616,0.4166666666666667
90,117,80,0.0151,0.0021,0.0105,0.0094,20,10,10,2,38,-0.0714,0.0115,4.8449,4.8472,0.1044,0.0052,1.3968,1.4074,1.607306,0.1203,0.000459,0.92676,0.00226,0.00931,4.84627,1.4029,0.0033,0.00245,0.07298,-0.09922999999999998,1.6098479,0.05567999999999999,0.25,0.125,0.125,0.025,0.475
91,112,89,-0.0021,0.0019,0.0141,0.0097,24,12,12,9,32,0.2457,0.0008,4.8444,4.847,-0.3092,0.0011,1.395,1.4064,1.607402,0.0164,0.000459,0.92683,0.0022499999999999994,0.00968,4.8459699999999994,1.4015900000000001,0.00329,0.00248,0.08207,-0.1092,1.6096439,0.0548,0.2696629213483146,0.1348314606741573,0.1348314606741573,0.10112359550561797,0.3595505617977528
92,114,85,-0.002,0.0018,0.0105,0.0099,23,9,14,4,35,0.1326,0.0006,4.844,4.8468,-0.1778,0.0008,1.3931,1.4054,1.612005,0.0346,0.000459,0.92691,0.00226,0.00975,4.84565,1.4001899999999998,0.0032800000000000004,0.00249,0.07922,-0.10511,1.6099649,0.05605,0.27058823529411763,0.10588235294117647,0.16470588235294117,0.047058823529411764,0.4117647058823529
93,112,87,0.0014,0.0017,0.0121,0.0101,20,9,11,11,36,0.0906,0.0029,4.8435,4.8465,-0.1167,0.0023,1.3913,1.4043,1.613794,0.0558,0.000458,0.92698,0.00226,0.010069999999999999,4.8453,1.39871,0.0033099999999999996,0.00258,0.08688,-0.11489,1.6101877000000002,0.05401,0.22988505747126436,0.10344827586206896,0.12643678160919541,0.12643678160919541,0.41379310344827586
94,116,82,-0.002,0.0018,0.0094,0.0101,23,8,15,2,34,0.1571,0.0008,4.8431,4.8463,-0.2222,0.0006,1.3897,1.4031,1.604514,0.0144,0.000458,0.92706,0.00189,0.01012,4.844939999999999,1.39718,0.0032,0.00252,0.09974,-0.13316,1.6095679,0.04849,0.2804878048780488,0.0975609756097561,0.18292682926829268,0.024390243902439025,0.4146341463414634
95,115,84,0.0017,0.0016,0.0075,0.0101,24,5,19,3,33,0.0829,0.003,4.8426,4.846,-0.1135,0.0033,1.3878,1.4019,1.615884,0.0519,0.000457,0.92713,0.0018699999999999997,0.01008,4.84455,1.39558,0.0031899999999999997,0.0025399999999999997,0.10293000000000001,-0.13705,1.6109003999999998,0.04786,0.2857142857142857,0.05952380952380952,0.2261904761904762,0.03571428571428571,0.39285714285714285
96,112,87,0.0104,0.0022,0.009,0.0101,27,6,20,4,30,-0.036,0.0246,4.8421,4.8457,0.0463,0.0107,1.3858,1.4006,1.611248,0.1072,0.000457,0.92721,0.0031099999999999995,0.010100000000000001,4.84414,1.39391,0.00558,0.0035299999999999997,0.08469,-0.11254,1.6113879,0.05585,0.3103448275862069,0.06896551724137931,0.22988505747126436,0.04597701149425287,0.3448275862068966
97,115,85,0.0084,0.0024,0.01,0.0102,22,8,13,6,36,0.0345,0.0049,4.8416,4.8454,-0.0467,0.005,1.3839,1.3992,1.610207,0.0718,0.000456,0.92728,0.0034999999999999996,0.010190000000000001,4.84371,1.39218,0.0054399999999999995,0.00334,0.08131000000000001,-0.10766,1.6104600999999998,0.05714,0.25882352941176473,0.09411764705882353,0.15294117647058825,0.07058823529411765,0.4235294117647059
98,113,86,0.0066,0.0028,0.0099,0.0101,27,8,19,2,30,0.016,0.0046,4.8411,4.845,-0.0211,0.0032,1.3819,1.3978,1.609109,0.0779,0.000456,0.92736,0.0035899999999999994,0.01042,4.84326,1.39038,0.0054399999999999995,0.00329,0.08180000000000001,-0.10837999999999999,1.6102428,0.05688,0.313953488372093,0.09302325581395349,0.22093023255813954,0.023255813953488372,0.3488372093023256
99,114,84,0.0055,0.0024,0.0086,0.0099,22,6,17,5,34,0.0026,0.0073,4.8405,4.8446,-0.0035,0.0047,1.3799,1.3963,1.609468,0.0841,0.000455,0.92743,0.0043,0.010159999999999999,4.842779999999999,1.3885200000000002,0.0060999999999999995,0.00369,0.06545999999999999,-0.086,1.6100936999999997,0.06344000000000001,0.2619047619047619,0.07142857142857142,0.20238095238095238,0.05952380952380952,0.40476190476190477
100,115,83,0.0047,0.0028,0.0097,0.0097,23,8,15,3,34,-0.0076,0.0039,4.84,4.8443,0.0105,0.0024,1.3782,1.3948,1.611295,0.0852,0.000455,0.92751,0.00326,0.01008,4.84229,1.38666,0.00534,0.00341,0.07184,-0.09539,1.6104926,0.05993,0.27710843373493976,0.0963855421686747,0.18072289156626506,0.03614457831325301,0.40963855421686746
101,112,89,0.006,0.0032,0.0103,0.0097,29,7,21,5,27,0.0834,0.0042,4.8394,4.8439,-0.1049,0.0046,1.3763,1.3932,1.605688,0.0617,0.000455,0.92758,0.004069999999999999,0.0097,4.8417900000000005,1.38479,0.00568,0.0037600000000000003,0.05561000000000001,-0.07496,1.6103212,0.06445999999999999,0.3258426966292135,0.07865168539325842,0.23595505617977527,0.056179775280898875,0.30337078651685395
102,114,85,0.0021,0.0034,0.0085,0.0096,21,6,16,6,36,0.0367,0.0029,4.8387,4.8435,-0.0492,0.0018,1.3743,1.3915,1.609729,0.0689,0.000454,0.92766,0.00448,0.0095,4.84126,1.38291,0.00591,0.0038599999999999997,0.04602,-0.06210000000000001,1.6100935999999997,0.06789,0.24705882352941178,0.07058823529411765,0.18823529411764706,0.07058823529411765,0.4235294117647059
103,112,87,0.011,0.0038,0.0094,0.0096,24,6,17,9,31,-0.033,0.027,4.838,4.843,0.0425,0.011,1.3719,1.3898,1.608703,0.1075,0.000454,0.92773,0.0054399999999999995,0.00923,4.84071,1.38097,0.00832,0.00473,0.033659999999999995,-0.046180000000000006,1.6095845,0.07305999999999999,0.27586206896551724,0.06896551724137931,0.19540229885057472,0.10344827586206896,0.3563218390804598
104,117,80,0.0079,0.0042,0.0073,0.0096,17,6,12,4,41,-0.0026,0.0086,4.8372,4.8425,0.0039,0.0062,1.3695,1.3881,1.604938,0.0874,0.000453,0.92781,0.00643,0.00902,4.840120000000001,1.37895,0.0091,0.0052899999999999996,0.01769,-0.02357,1.6096268999999999,0.08036,0.2125,0.075,0.15,0.05,0.5125
105,112,89,0.0097,0.0045,0.0099,0.0097,30,7,23,3,26,-0.0004,0.0067,4.8364,4.842,0.0006,0.0044,1.3671,1.3862,1.604491,0.0845,0.000453,0.92788,0.00723,0.009260000000000001,4.839499999999999,1.37688,0.00947,0.0054,0.009360000000000002,-0.012159999999999999,1.6084875999999997,0.08362,0.33707865168539325,0.07865168539325842,0.25842696629213485,0.033707865168539325,0.29213483146067415
106,112,88,-0.0016,0.0046,0.0126,0.0099,26,11,14,5,32,0.116,0.0011,4.8355,4.8415,-0.1477,0.001,1.3647,1.3843,1.609804,0.0485,0.000452,0.92796,0.006029999999999999,0.00962,4.838839999999999,1.3747699999999998,0.00712,0.00443,0.024560000000000005,-0.03156,1.6083431999999998,0.07775,0.29545454545454547,0.125,0.1590909090909091,0.056818181818181816,0.36363636363636365
107,111,89,0.0057,0.0046,0.0131,0.0101,30,11,20,4,24,0.0439,0.004,4.8346,4.8409,-0.0548,0.0039,1.3624,1.3824,1.609533,0.0722,0.000452,0.92803,0.0057599999999999995,0.00993,4.838140000000001,1.37262,0.00703,0.00432,0.025500000000000002,-0.032369999999999996,1.6082758,0.07779,0.33707865168539325,0.12359550561797752,0.2247191011235955,0.0449438202247191,0.2696629213483146
108,113,86,0.0058,0.0046,0.0109,0.0102,27,10,17,1,31,-0.0073,0.0054,4.8336,4.8403,0.0096,0.0027,1.3599,1.3804,1.611917,0.0855,0.000451,0.92811,0.00568,0.01003,4.83739,1.37042,0.00711,0.00427,0.023170000000000003,-0.0293,1.6085566,0.07855000000000001,0.313953488372093,0.11627906976744186,0.19767441860465115,0.011627906976744186,0.36046511627906974
109,114,85,-0.0021,0.0046,0.0135,0.0103,26,12,14,4,29,0.1919,0.0014,4.8325,4.8397,-0.2574,0.001,1.3574,1.3783,1.606206,0.0146,0.000451,0.92818,0.00492,0.01052,4.836589999999999,1.36817,0.00652,0.0038999999999999994,0.042100000000000005,-0.054689999999999996,1.6082304,0.0716,0.3058823529411765,0.1411764705882353,0.16470588235294117,0.047058823529411764,0.3411764705882353
110,107,97,-0.0013,0.0038,0.0139,0.0105,35,11,23,7,21,0.1691,0.0009,4.8316,4.839,-0.1865,0.0009,1.3552,1.3763,1.60825,0.0625,0.00045,0.92826,0.00432,0.01094,4.835749999999999,1.36587,0.00622,0.00375,0.059770000000000004,-0.07439,1.6079259000000001,0.06933,0.36082474226804123,0.1134020618556701,0.23711340206185566,0.07216494845360824,0.21649484536082475
111,112,88,0.0062,0.0042,0.0116,0.0104,29,9,20,4,26,0.0403,0.0056,4.8307,4.8383,-0.0513,0.0041,1.3534,1.3742,1.609949,0.073,0.00045,0.92833,0.004339999999999999,0.01107,4.83488,1.36358,0.006359999999999999,0.0036999999999999997,0.055459999999999995,-0.06903000000000001,1.608352,0.07046000000000001,0.32954545454545453,0.10227272727272728,0.22727272727272727,0.045454545454545456,0.29545454545454547
112,109,94,-0.0016,0.0042,0.0111,0.0104,32,7,26,7,22,0.1748,0.0014,4.8297,4.8376,-0.2026,0.0011,1.3514,1.3721,1.606068,0.0523,0.00045,0.92841,0.00397,0.01133,4.8339799999999995,1.36129,0.006209999999999999,0.00363,0.06927000000000001,-0.08437000000000001,1.6079858999999999,0.0688,0.3404255319148936,0.07446808510638298,0.2765957446808511,0.07446808510638298,0.23404255319148937
113,107,94,0.011,0.0047,0.0117,0.0104,35,8,26,5,20,-0.0945,0.0073,4.8288,4.8369,0.1075,0.0021,1.3495,1.37,1.601265,0.0965,0.000449,0.92848,0.00397,0.011559999999999999,4.833060000000001,1.3590499999999999,0.00424,0.00274,0.06312000000000001,-0.07787000000000001,1.6072421,0.06770000000000001,0.3723404255319149,0.0851063829787234,0.2765957446808511,0.05319148936170213,0.2127659574468085
114,110,91,0.0064,0.0051,0.0101,0.0104,32,6,26,5,22,-0.0495,0.0057,4.8278,4.8361,0.0599,0.0036,1.348,1.3679,1.604382,0.0938,0.000449,0.92856,0.003819999999999999,0.01184,4.83212,1.3569,0.00395,0.0024800000000000004,0.05843,-0.07227,1.6071865000000003,0.06834,0.3516483516483517,0.06593406593406594,0.2857142857142857,0.054945054945054944,0.24175824175824176
115,111,88,0.0019,0.0051,0.0117,0.0106,28,9,20,5,26,0.0383,0.0023,4.827,4.8353,-0.0483,0.0011,1.3467,1.3659,1.601807,0.0704,0.000448,0.92863,0.0030399999999999997,0.01202,4.831180000000001,1.35486,0.00351,0.00215,0.06230000000000001,-0.07715999999999999,1.6069181000000001,0.06693,0.3181818181818182,0.10227272727272728,0.22727272727272727,0.056818181818181816,0.29545454545454547
116,114,86,0.0051,0.0049,0.011,0.0107,27,9,18,3,29,0.0102,0.0026,4.826,4.8345,-0.0135,0.0021,1.3457,1.3639,1.600113,0.0776,0.000448,0.92871,0.0037099999999999993,0.011859999999999999,4.830229999999999,1.35296,0.00366,0.00226,0.05172,-0.06374,1.605949,0.06984,0.313953488372093,0.10465116279069768,0.20930232558139536,0.03488372093023256,0.3372093023255814
117,111,89,0.0019,0.0045,0.0122,0.0108,31,11,19,1,27,0.0581,0.0026,4.8249,4.8337,-0.0724,0.002,1.3448,1.3619,1.620898,0.0676,0.000447,0.92878,0.0033299999999999996,0.01177,4.82926,1.3512,0.00352,0.0020700000000000002,0.05314,-0.06550000000000002,1.6070855000000002,0.06938,0.34831460674157305,0.12359550561797752,0.21348314606741572,0.011235955056179775,0.30337078651685395
118,109,93,0.0142,0.0049,0.0141,0.0111,36,13,23,3,18,-0.0811,0.0284,4.8236,4.8328,0.0951,0.0067,1.3437,1.36,1.614116,0.1108,0.000447,0.92886,0.00417,0.01209,4.82826,1.34958,0.0058200000000000005,0.00247,0.04576,-0.05695,1.6073054,0.07191,0.3870967741935484,0.13978494623655913,0.24731182795698925,0.03225806451612903,0.1935483870967742
119,107,95,0.0066,0.005,0.0121,0.0112,39,9,30,2,15,0.0345,0.0052,4.8223,4.8319,-0.0389,0.0042,1.3428,1.3581,1.607286,0.0793,0.000446,0.92893,0.00504,0.011949999999999999,4.827240000000001,1.34812,0.0062,0.00279,0.03002,-0.035100000000000006,1.6074134,0.07838,0.4105263157894737,0.09473684210526316,0.3157894736842105,0.021052631578947368,0.15789473684210525
120,109,92,0.0097,0.0052,0.0105,0.0113,33,7,27,4,21,0.0009,0.0071,4.821,4.831,-0.0011,0.0042,1.3422,1.3563,1.60783,0.0845,0.000446,0.92901,0.00614,0.01161,4.82618,1.34682,0.00682,0.00312,0.0132,-0.016560000000000002,1.6073714,0.08058,0.358695652173913,0.07608695652173914,0.29347826086956524,0.043478260869565216,0.22826086956521738
121,111,89,0.0061,0.0052,0.0135,0.0114,32,12,20,2,23,0.0492,0.0036,4.8195,4.83,-0.0614,0.0031,1.3412,1.3546,1.606585,0.0701,0.000445,0.92908,0.00613,0.011800000000000001,4.82506,1.3456,0.006620000000000001,0.0030199999999999997,0.01409,-0.017570000000000002,1.6070349999999998,0.08029,0.3595505617977528,0.1348314606741573,0.2247191011235955,0.02247191011235955,0.25842696629213485
122,112,88,-0.0021,0.005,0.0134,0.0117,28,12,15,4,29,0.2083,0.0012,4.8179,4.8289,-0.2652,0.001,1.34,1.3529,1.61271,0.0235,0.000445,0.92916,0.00608,0.01203,4.82388,1.34446,0.0066,0.0030099999999999997,0.01744,-0.02383,1.6076992,0.07741,0.3181818181818182,0.13636363636363635,0.17045454545454544,0.045454545454545456,0.32954545454545453
123,115,83,0.0047,0.0047,0.0106,0.0117,22,9,14,4,34,0.0271,0.0036,4.8163,4.8278,-0.0375,0.0026,1.3388,1.3512,1.617503,0.0722,0.000445,0.92923,0.00545,0.01192,4.822629999999999,1.3433899999999999,0.006229999999999999,0.00306,0.029600000000000005,-0.038329999999999996,1.6093229999999998,0.07498,0.26506024096385544,0.10843373493975904,0.1686746987951807,0.04819277108433735,0.40963855421686746
124,113,89,0.0086,0.0048,0.009,0.0118,28,6,22,4,29,-0.0206,0.0045,4.8145,4.8267,0.0261,0.0027,1.3374,1.3496,1.605655,0.0881,0.000444,0.92931,0.00567,0.011810000000000001,4.8213,1.34233,0.00611,0.0029699999999999996,0.032490000000000005,-0.041710000000000004,1.6094503,0.07441,0.3146067415730337,0.06741573033707865,0.24719101123595505,0.0449438202247191,0.3258426966292135
125,113,86,0.0122,0.0049,0.0062,0.0116,27,3,24,2,30,-0.0862,0.0067,4.8124,4.8255,0.1133,0.0037,1.3356,1.348,1.592914,0.1106,0.000444,0.92938,0.0067,0.011260000000000001,4.819839999999999,1.3412199999999999,0.00655,0.0032300000000000002,0.020040000000000002,-0.02555,1.608561,0.07843,0.313953488372093,0.03488372093023256,0.27906976744186046,0.023255813953488372,0.3488372093023256
126,110,91,0.0127,0.0056,0.0098,0.0115,29,5,24,8,25,0.0338,0.0061,4.8099,4.8242,-0.0408,0.0051,1.3335,1.3465,1.599506,0.0772,0.000443,0.92946,0.00746,0.01114,4.818230000000001,1.34,0.006900000000000001,0.0035299999999999997,0.0224,-0.02828,1.6085003,0.07839,0.31868131868131866,0.054945054945054944,0.26373626373626374,0.08791208791208792,0.27472527472527475
127,109,91,0.0113,0.0059,0.0114,0.0114,30,8,21,6,26,0.0483,0.0079,4.8072,4.8229,-0.0578,0.007,1.3309,1.3449,1.604321,0.0767,0.000443,0.92953,0.008400000000000001,0.01106,4.816459999999999,1.3386099999999999,0.007430000000000001,0.00403,0.02142,-0.02682,1.6068425999999998,0.07930000000000001,0.32967032967032966,0.08791208791208792,0.23076923076923078,0.06593406593406594,0.2857142857142857
128,112,89,0.0124,0.0062,0.0128,0.0115,32,11,21,2,23,-0.0111,0.0187,4.8045,4.8214,0.014,0.0082,1.3285,1.3433,1.615615,0.0957,0.000442,0.92961,0.00822,0.01093,4.81455,1.3370900000000001,0.0064600000000000005,0.0041800000000000006,0.02842,-0.03493,1.6069925,0.07779,0.3595505617977528,0.12359550561797752,0.23595505617977527,0.02247191011235955,0.25842696629213485
129,111,89,0.0147,0.007,0.0116,0.0114,28,9,19,6,27,0.0438,0.0183,4.8014,4.8198,-0.0546,0.0254,1.3256,1.3417,1.607608,0.09,0.000442,0.92968,0.00903,0.01088,4.81246,1.33537,0.007770000000000001,0.0063,0.029350000000000005,-0.0365,1.6070247000000002,0.07886000000000001,0.3146067415730337,0.10112359550561797,0.21348314606741572,0.06741573033707865,0.30337078651685395
130,112,89,0.0056,0.0074,0.01,0.0112,32,7,24,2,24,0.0105,0.0055,4.7981,4.8182,-0.0133,0.0036,1.3227,1.3401,1.614852,0.0812,0.000441,0.92976,0.00862,0.01083,4.81017,1.3334199999999998,0.0076100000000000004,0.006240000000000001,0.030310000000000004,-0.037720000000000004,1.6077269,0.07853,0.3595505617977528,0.07865168539325842,0.2696629213483146,0.02247191011235955,0.2696629213483146
131,108,93,0.0157,0.0079,0.0141,0.0113,33,12,22,5,21,-0.0452,0.0249,4.7947,4.8164,0.0525,0.0101,1.3199,1.3384,1.600337,0.1035,0.000441,0.92983,0.00958,0.01089,4.80769,1.3312899999999999,0.00974,0.006939999999999999,0.02087,-0.026330000000000003,1.6071021,0.08187,0.3548387096774194,0.12903225806451613,0.23655913978494625,0.053763440860215055,0.22580645161290322
132,108,95,0.0055,0.0082,0.0149,0.0115,35,13,22,5,20,-0.0207,0.0047,4.7908,4.8144,0.0236,0.0026,1.3168,1.3367,1.612675,0.0858,0.000441,0.92991,0.010339999999999998,0.01104,4.80498,1.32897,0.010089999999999998,0.0070999999999999995,-0.002029999999999999,0.002549999999999997,1.6070986,0.0881,0.3684210526315789,0.1368421052631579,0.23157894736842105,0.05263157894736842,0.21052631578947367
133,109,92,-0.0012,0.0076,0.0139,0.0116,34,11,23,5,19,0.191,0.002,4.7865,4.8123,-0.2263,0.0015,1.3136,1.3349,1.604177,0.0453,0.00044,0.92998,0.009749999999999998,0.01137,4.8020000000000005,1.32645,0.00993,0.0069900000000000006,0.014360000000000001,-0.016330000000000004,1.6057660000000002,0.08541,0.3695652173913043,0.11956521739130435,0.25,0.05434782608695652,0.20652173913043478
134,111,90,0.0179,0.0082,0.0113,0.0117,31,9,21,3,26,-0.0491,0.0123,4.7825,4.81,0.0606,0.0069,1.3111,1.3331,1.605293,0.1,0.00044,0.93006,0.010679999999999999,0.0116,4.7988,1.32382,0.01071,0.00741,0.011510000000000001,-0.012880000000000003,1.6057298,0.0866,0.34444444444444444,0.1,0.23333333333333334,0.03333333333333333,0.28888888888888886
135,107,94,0.0151,0.0088,0.0121,0.0117,38,9,30,2,15,-0.0729,0.0093,4.7778,4.8076,0.0829,0.0059,1.3081,1.3311,1.612107,0.097,0.000439,0.93014,0.010969999999999999,0.01219,4.79534,1.3210700000000002,0.010969999999999999,0.0076300000000000005,0.012839999999999999,-0.015920000000000007,1.6076491000000002,0.08524000000000001,0.40425531914893614,0.09574468085106383,0.3191489361702128,0.02127659574468085,0.1595744680851064
136,108,95,0.0109,0.0091,0.0129,0.0118,35,9,25,7,19,0.0229,0.0063,4.7726,4.8049,-0.026,0.0056,1.3052,1.3291,1.611857,0.0821,0.000439,0.93021,0.01079,0.0125,4.79161,1.3182399999999999,0.01099,0.007679999999999999,0.01175,-0.014440000000000003,1.6088841999999999,0.08573,0.3684210526315789,0.09473684210526316,0.2631578947368421,0.07368421052631578,0.2
137,108,93,0.0173,0.0099,0.0126,0.0118,32,9,22,7,23,-0.0645,0.0109,4.7674,4.802,0.0749,0.0065,1.3026,1.327,1.602383,0.0979,0.000438,0.93029,0.01139,0.012620000000000001,4.78763,1.31541,0.01129,0.0076300000000000005,0.00047000000000000096,-0.0011700000000000044,1.6086904,0.08785,0.34408602150537637,0.0967741935483871,0.23655913978494625,0.07526881720430108,0.24731182795698925
138,106,97,0.006,0.0095,0.0158,0.0119,39,13,27,6,12,-0.0104,0.0051,4.7614,4.7989,0.0113,0.0026,1.2998,1.3248,1.612448,0.0841,0.000438,0.93036,0.01075,0.012919999999999997,4.78332,1.3125399999999998,0.00993,0.00707,0.0005400000000000002,-0.0014400000000000036,1.6083737,0.08669,0.4020618556701031,0.13402061855670103,0.27835051546391754,0.061855670103092786,0.12371134020618557
139,109,93,0.0146,0.0099,0.0137,0.012,37,12,26,1,17,0.0042,0.0191,4.755,4.7956,-0.005,0.0141,1.2971,1.3225,1.606104,0.0949,0.000437,0.93044,0.01074,0.01313,4.77868,1.30969,0.01001,0.005939999999999999,-0.0034199999999999994,0.0035199999999999967,1.6082233000000001,0.08718000000000001,0.3978494623655914,0.12903225806451613,0.27956989247311825,0.010752688172043012,0.1827956989247312
140,107,95,-0.0016,0.0093,0.0137,0.0122,34,11,22,6,22,0.1012,0.0033,4.7478,4.7919,-0.114,0.0033,1.2941,1.3201,1.60732,0.0696,0.000437,0.93051,0.01002,0.013500000000000002,4.77365,1.3068300000000002,0.009789999999999998,0.0059099999999999995,0.0056500000000000005,-0.006550000000000003,1.6074701,0.08602000000000001,0.35789473684210527,0.11578947368421053,0.23157894736842105,0.06315789473684211,0.23157894736842105
141,106,96,0.0133,0.0097,0.0123,0.0121,40,8,33,4,11,-0.0582,0.0078,4.741,4.788,0.0642,0.0041,1.2919,1.3177,1.610796,0.0912,0.000436,0.93059,0.00978,0.013320000000000002,4.76828,1.30403,0.00808,0.00531,0.00435,-0.005380000000000005,1.6085160000000003,0.08479,0.4166666666666667,0.08333333333333333,0.34375,0.041666666666666664,0.11458333333333333
142,107,97,0.0059,0.0101,0.0117,0.012,43,8,33,1,12,-0.0204,0.0049,4.7337,4.7838,0.0225,0.0039,1.29,1.3152,1.601121,0.0852,0.000436,0.93066,0.009819999999999999,0.013000000000000001,4.76257,1.30135,0.0081,0.0054399999999999995,0.004379999999999999,-0.005490000000000005,1.6073606000000003,0.08473,0.44329896907216493,0.08247422680412371,0.3402061855670103,0.010309278350515464,0.12371134020618557
143,110,91,0.0162,0.0106,0.0135,0.0122,35,12,25,1,18,-0.0302,0.0102,4.7261,4.7793,0.0365,0.0059,1.2883,1.3126,1.620862,0.0941,0.000436,0.93074,0.011559999999999999,0.012960000000000003,4.75653,1.29882,0.00892,0.00588,-0.01774,0.020789999999999996,1.6090291,0.08961,0.38461538461538464,0.13186813186813187,0.27472527472527475,0.01098901098901099,0.1978021978021978
144,107,94,0.0023,0.0103,0.0114,0.0123,35,8,27,4,20,0.0166,0.0043,4.7174,4.7744,-0.0189,0.0029,1.2861,1.3101,1.600431,0.08,0.000435,0.93081,0.009999999999999998,0.01297,4.75002,1.2963200000000001,0.008119999999999999,0.0054800000000000005,-0.01117,0.012839999999999994,1.6085428999999998,0.08761,0.3723404255319149,0.0851063829787234,0.2872340425531915,0.0425531914893617,0.2127659574468085
145,109,93,0.0105,0.0102,0.0122,0.0126,38,9,29,2,15,-0.006,0.0085,4.7077,4.7692,0.0071,0.0051,1.2838,1.3075,1.605365,0.0868,0.000435,0.93089,0.00954,0.01298,4.74301,1.29389,0.00804,0.0054,-0.00448,0.005259999999999994,1.6078686999999998,0.08658999999999999,0.40860215053763443,0.0967741935483871,0.3118279569892473,0.021505376344086023,0.16129032258064516
146,109,94,0.0062,0.0099,0.0105,0.0126,37,7,29,2,19,-0.062,0.0052,4.6974,4.7636,0.0719,0.0025,1.2816,1.3049,1.605236,0.0927,0.000434,0.93096,0.00907,0.012740000000000001,4.73549,1.29153,0.00793,0.00509,-0.012969999999999999,0.015049999999999994,1.6072066,0.08765,0.39361702127659576,0.07446808510638298,0.30851063829787234,0.02127659574468085,0.20212765957446807
147,107,94,0.021,0.0104,0.0117,0.0126,38,8,30,3,15,-0.0104,0.0182,4.686,4.7575,0.0118,0.0129,1.2795,1.3023,1.616151,0.0965,0.000434,0.93104,0.009439999999999999,0.01265,4.7273499999999995,1.28922,0.008660000000000001,0.005730000000000001,-0.00756,0.008739999999999994,1.6085834,0.08751,0.40425531914893614,0.0851063829787234,0.3191489361702128,0.031914893617021274,0.1595744680851064
148,109,91,0.0262,0.0111,0.0109,0.0125,34,8,27,2,20,-0.1175,0.0325,4.6726,4.7509,0.1408,0.0093,1.277,1.2997,1.60249,0.123,0.000433,0.93111,0.011460000000000001,0.01216,4.71847,1.28694,0.011400000000000002,0.0064,-0.01827,0.021689999999999994,1.6075876,0.0914,0.37362637362637363,0.08791208791208792,0.2967032967032967,0.02197802197802198,0.21978021978021978
149,110,92,0.0299,0.0119,0.0123,0.0126,34,12,22,3,21,-0.028,0.0329,4.657,4.7437,0.0335,0.0217,1.2745,1.2972,1.60397,0.1117,0.000433,0.93119,0.012989999999999998,0.01202,4.70867,1.28468,0.01278,0.00716,-0.02149,0.025539999999999997,1.6073742,0.09308,0.3695652173913043,0.13043478260869565,0.2391304347826087,0.03260869565217391,0.22826086956521738
150,109,93,0.0085,0.012,0.0109,0.0126,38,7,30,2,16,-0.0083,0.0052,4.6396,4.7357,0.0097,0.0036,1.2715,1.2946,1.612056,0.0852,0.000432,0.93126,0.013999999999999999,0.01174,4.69785,1.2824200000000001,0.01297,0.00719,-0.032440000000000004,0.03790999999999999,1.6078478,0.09463999999999999,0.40860215053763443,0.07526881720430108,0.3225806451612903,0.021505376344086023,0.17204301075268819
151,108,93,0.0095,0.0117,0.012,0.0125,40,9,30,0,14,-0.0357,0.0053,4.6206,4.727,0.0414,0.0038,1.2688,1.2921,1.60398,0.0892,0.000432,0.93134,0.013620000000000002,0.011710000000000002,4.68581,1.28011,0.01272,0.00716,-0.030189999999999995,0.035629999999999995,1.6071662,0.09444,0.43010752688172044,0.0967741935483871,0.3225806451612903,0.0,0.15053763440860216
152,107,96,0.031,0.013,0.012,0.0124,36,8,28,6,18,-0.0286,0.025,4.6004,4.7175,0.0319,0.0201,1.2667,1.2896,1.614894,0.1053,0.000432,0.93141,0.01613,0.01174,4.67248,1.27778,0.014730000000000002,0.00878,-0.03101,0.03657,1.6085435000000001,0.09645,0.375,0.08333333333333333,0.2916666666666667,0.0625,0.1875
153,110,90,0.0236,0.0142,0.0097,0.0122,33,7,28,1,21,-0.1209,0.0143,4.5762,4.707,0.1478,0.0059,1.2639,1.2871,1.608488,0.1162,0.000431,0.93149,0.01687,0.01136,4.65749,1.27534,0.015139999999999997,0.00878,-0.04008,0.0477,1.6073061,0.09866,0.36666666666666664,0.07777777777777778,0.3111111111111111,0.011111111111111112,0.23333333333333334
154,112,90,0.0503,0.0158,0.009,0.012,33,6,27,1,23,-0.1407,0.0453,4.5483,4.6953,0.1751,0.0225,1.2609,1.2846,1.628349,0.1485,0.000431,0.93156,0.021670000000000002,0.01112,4.64058,1.27282,0.01924,0.010740000000000001,-0.055810000000000005,0.0671,1.6100979,0.10550999999999999,0.36666666666666664,0.06666666666666667,0.3,0.011111111111111112,0.25555555555555554
155,106,96,0.0275,0.0165,0.0129,0.0121,37,9,27,7,16,-0.058,0.0322,4.5166,4.6822,0.064,0.0222,1.2579,1.2821,1.611816,0.1126,0.00043,0.93164,0.02337,0.011190000000000002,4.6214699999999995,1.2702300000000002,0.02161,0.01245,-0.061009999999999995,0.07279,1.610743,0.10808999999999999,0.3854166666666667,0.09375,0.28125,0.07291666666666667,0.16666666666666666
156,107,95,0.0665,0.0192,0.0146,0.0122,41,12,28,2,12,-0.1105,0.0726,4.4813,4.6677,0.1244,0.043,1.2554,1.2796,1.613492,0.1512,0.00043,0.93171,0.029400000000000003,0.0116,4.5998600000000005,1.26761,0.028349999999999997,0.016499999999999997,-0.06586,0.07803999999999998,1.6115686,0.11394,0.43157894736842106,0.12631578947368421,0.29473684210526313,0.021052631578947368,0.12631578947368421
157,106,96,0.0386,0.0203,0.0103,0.012,43,6,38,0,9,-0.0945,0.0194,4.4403,4.6513,0.1043,0.0125,1.2529,1.2771,1.598427,0.1045,0.000429,0.93179,0.03116,0.01146,4.575290000000001,1.26495,0.028470000000000002,0.01646,-0.07426999999999999,0.08729,1.6097962,0.11474,0.4479166666666667,0.0625,0.3958333333333333,0.0,0.09375
158,106,97,0.0237,0.0212,0.0142,0.012,41,12,29,2,13,-0.0062,0.0104,4.3929,4.6329,0.0068,0.0099,1.2506,1.2746,1.614901,0.0903,0.000429,0.93186,0.03091,0.01179,4.54732,1.26231,0.02626,0.01652,-0.06314,0.07389,1.6110373,0.11147,0.422680412371134,0.12371134020618557,0.29896907216494845,0.020618556701030927,0.13402061855670103
159,108,94,0.039,0.0224,0.0103,0.0118,39,6,33,2,14,-0.0861,0.0118,4.3379,4.612,0.0989,0.008,1.2479,1.2722,1.602579,0.1016,0.000428,0.93194,0.03182,0.01159,4.51541,1.2596500000000002,0.024149999999999998,0.01515,-0.06895,0.08043,1.6108982,0.11046,0.4148936170212766,0.06382978723404255,0.35106382978723405,0.02127659574468085,0.14893617021276595
160,107,96,0.0433,0.0246,0.0132,0.0118,40,10,29,3,14,-0.0695,0.0177,4.2746,4.5884,0.0775,0.0122,1.2453,1.2697,1.618661,0.1027,0.000428,0.93201,0.0353,0.01182,4.478910000000001,1.2570299999999999,0.0254,0.016010000000000003,-0.07507,0.08721,1.6115586999999998,0.11220999999999999,0.4166666666666667,0.10416666666666667,0.3020833333333333,0.03125,0.14583333333333334
161,111,91,0.0486,0.0264,0.0111,0.0117,35,9,27,0,20,-0.12,0.0265,4.203,4.5615,0.1464,0.0133,1.2427,1.2673,1.599756,0.1251,0.000427,0.93209,0.03921,0.01173,4.43715,1.25442,0.02752,0.01696,-0.08349999999999999,0.09770999999999999,1.6111363,0.11579999999999999,0.38461538461538464,0.0989010989010989,0.2967032967032967,0.0,0.21978021978021978
162,111,88,0.061,0.0292,0.0106,0.0117,34,8,25,0,21,-0.0854,0.0497,4.1202,4.5308,0.1077,0.0302,1.2395,1.2647,1.60967,0.1416,0.000427,0.93216,0.042210000000000004,0.01159,4.38913,1.2517,0.02999,0.01797,-0.08918000000000001,0.10529,1.6106139,0.11943000000000001,0.38636363636363635,0.09090909090909091,0.2840909090909091,0.0,0.23863636363636365
163,109,91,0.0843,0.0326,0.0094,0.0115,37,6,26,4,18,-0.1323,0.0598,4.0273,4.4959,0.1584,0.0323,1.2362,1.2621,1.5981,0.151,0.000427,0.93224,0.04828,0.011559999999999999,4.33424,1.24893,0.03454,0.02061,-0.09032,0.10634999999999999,1.6095751,0.12290999999999999,0.4065934065934066,0.06593406593406594,0.2857142857142857,0.04395604395604396,0.1978021978021978
164,110,91,0.0762,0.0363,0.0101,0.0114,35,7,28,1,20,-0.191,0.0359,3.9246,4.4562,0.2309,0.0209,1.2333,1.2595,1.61985,0.1482,0.000426,0.93231,0.050870000000000005,0.01167,4.27187,1.24617,0.033600000000000005,0.02045,-0.09535,0.11193,1.6087251999999999,0.12288000000000002,0.38461538461538464,0.07692307692307693,0.3076923076923077,0.01098901098901099,0.21978021978021978
165,108,93,0.0677,0.0391,0.0093,0.0112,40,5,34,1,13,-0.0849,0.0282,3.8082,4.4112,0.0986,0.0208,1.2301,1.2568,1.600031,0.1171,0.000426,0.93239,0.054889999999999994,0.011309999999999999,4.20103,1.24339,0.0332,0.02031,-0.09804,0.11538999999999999,1.6075466999999999,0.12333000000000001,0.43010752688172044,0.053763440860215055,0.3655913978494624,0.010752688172043012,0.13978494623655913
166,108,94,0.071,0.0424,0.0146,0.0115,39,13,26,1,15,-0.1434,0.0303,3.6799,4.3604,0.1648,0.0155,1.2273,1.2541,1.609572,0.1237,0.000425,0.93246,0.05534,0.01131,4.12089,1.24058,0.028970000000000003,0.01756,-0.10133,0.11943000000000001,1.6071547,0.12057999999999999,0.4148936170212766,0.13829787234042554,0.2765957446808511,0.010638297872340425,0.1595744680851064
167,105,98,0.0785,0.0452,0.0147,0.0116,44,12,31,2,9,-0.0613,0.0244,3.5404,4.3031,0.0657,0.0236,1.2247,1.2514,1.605137,0.1076,0.000425,0.93254,0.059329999999999994,0.01175,4.0309,1.23776,0.029469999999999996,0.01867,-0.09801,0.11556999999999999,1.6078257,0.12089000000000001,0.4489795918367347,0.12244897959183673,0.3163265306122449,0.02040816326530612,0.09183673469387756
168,109,92,0.1155,0.0497,0.0091,0.0115,41,5,34,1,11,-0.2644,0.0492,3.3864,4.2388,0.3132,0.019,1.2219,1.2486,1.608441,0.1624,0.000424,0.93261,0.06850999999999999,0.01124,3.93025,1.2348899999999998,0.033350000000000005,0.01958,-0.12383,0.14621,1.6071797,0.1281,0.44565217391304346,0.05434782608695652,0.3695652173913043,0.010869565217391304,0.11956521739130435
169,108,95,0.0884,0.0526,0.0104,0.0114,40,7,33,1,14,-0.1812,0.0208,3.2205,4.1669,0.206,0.0147,1.2192,1.2458,1.609343,0.1221,0.000424,0.93269,0.07345,0.01125,3.8185100000000007,1.23202,0.034249999999999996,0.02025,-0.13334000000000001,0.15692,1.6078561,0.13015000000000002,0.42105263157894735,0.07368421052631578,0.3473684210526316,0.010526315789473684,0.14736842105263157
170,107,93,0.1057,0.0575,0.0104,0.0114,39,7,32,0,15,-0.0784,0.0328,3.0463,4.0873,0.0902,0.0265,1.2169,1.2431,1.611515,0.1212,0.000423,0.93276,0.07969000000000001,0.01097,3.6956799999999994,1.22918,0.03576,0.021679999999999998,-0.13423000000000002,0.15819,1.6071414999999998,0.132,0.41935483870967744,0.07526881720430108,0.34408602150537637,0.0,0.16129032258064516
171,108,95,0.1089,0.0625,0.0115,0.0114,42,8,32,0,13,-0.2073,0.0349,2.8616,3.9993,0.2357,0.0317,1.2143,1.2404,1.604794,0.141,0.000423,0.93284,0.08572,0.011009999999999999,3.56154,1.22634,0.0366,0.023520000000000003,-0.14296000000000003,0.16712,1.6076453000000002,0.13359000000000001,0.4421052631578947,0.08421052631578947,0.3368421052631579,0.0,0.1368421052631579
172,106,96,0.1137,0.0666,0.0127,0.0114,42,9,34,2,9,-0.2168,0.0442,2.6673,3.9027,0.2394,0.0319,1.2119,1.2376,1.600279,0.1399,0.000423,0.93291,0.09098999999999999,0.011219999999999999,3.4162500000000002,1.2235800000000001,0.03605,0.02369,-0.1561,0.18029,1.6067062,0.13342,0.4375,0.09375,0.3541666666666667,0.020833333333333332,0.09375
173,109,92,0.1558,0.0732,0.012,0.0115,40,9,28,2,13,-0.2654,0.0669,2.4688,3.7973,0.3145,0.026,1.2098,1.2349,1.613615,0.1754,0.000422,0.93299,0.09813999999999999,0.01148,3.2603999999999997,1.2209400000000001,0.03676,0.02306,-0.16941,0.1959,1.6082577,0.13586,0.43478260869565216,0.09782608695652174,0.30434782608695654,0.021739130434782608,0.14130434782608695
174,108,94,0.1443,0.0779,0.0088,0.0115,41,5,35,0,13,-0.2793,0.0608,2.2728,3.6835,0.3209,0.0374,1.2079,1.2323,1.609976,0.1705,0.000422,0.93306,0.10495000000000002,0.011349999999999999,3.0952200000000003,1.2184000000000001,0.03925,0.02471,-0.17824,0.2049,1.6072703000000002,0.13809,0.43617021276595747,0.05319148936170213,0.3723404255319149,0.0,0.13829787234042554
175,106,96,0.1459,0.0838,0.0126,0.0115,43,9,33,1,10,-0.1978,0.0497,2.0789,3.5616,0.2184,0.0307,1.2062,1.2297,1.595518,0.1399,0.000421,0.93314,0.11277,0.01168,2.92229,1.21601,0.0414,0.0257,-0.18953000000000003,0.21688000000000002,1.6068190000000002,0.14037,0.4479166666666667,0.09375,0.34375,0.010416666666666666,0.10416666666666667
176,107,95,0.1522,0.0881,0.0139,0.0115,46,13,28,2,6,-0.2547,0.0444,1.8849,3.4318,0.2868,0.0326,1.2042,1.2271,1.594555,0.1498,0.000421,0.93321,0.12089000000000001,0.011609999999999999,2.74279,1.2137,0.04281,0.02741,-0.20065999999999998,0.22908,1.6053173,0.14298,0.4842105263157895,0.1368421052631579,0.29473684210526313,0.021052631578947368,0.06315789473684211
177,106,97,0.1908,0.0957,0.0147,0.0117,45,13,32,0,7,-0.2075,0.0599,1.6947,3.2946,0.2268,0.0326,1.2018,1.2246,1.600577,0.1449,0.00042,0.93329,0.13212000000000002,0.011609999999999999,2.55822,1.21141,0.04636,0.028309999999999995,-0.21528,0.24518999999999996,1.6048613,0.14670999999999998,0.4639175257731959,0.13402061855670103,0.32989690721649484,0.0,0.07216494845360824
178,106,95,0.1509,0.1021,0.0139,0.0117,41,11,30,2,11,-0.3718,0.0548,1.5156,3.1507,0.4148,0.0309,1.199,1.222,1.600395,0.1654,0.00042,0.93336,0.13565999999999998,0.01209,2.3711399999999996,1.20912,0.04692,0.0295,-0.22602000000000003,0.25535,1.6040567,0.14701,0.43157894736842106,0.11578947368421053,0.3157894736842105,0.021052631578947368,0.11578947368421053
179,107,94,0.1868,0.1095,0.0096,0.0116,43,5,35,0,11,-0.261,0.0584,1.3493,3.0013,0.2971,0.052,1.1961,1.2194,1.595762,0.1705,0.000419,0.93344,0.14550000000000002,0.012009999999999998,2.1840200000000003,1.20681,0.05068,0.033229999999999996,-0.23399999999999999,0.26446000000000003,1.6026986,0.15184999999999998,0.4574468085106383,0.05319148936170213,0.3723404255319149,0.0,0.11702127659574468
180,109,93,0.1812,0.1164,0.0108,0.0115,40,7,29,3,14,-0.2855,0.0327,1.197,2.8474,0.3347,0.0342,1.1937,1.2168,1.598171,0.162,0.000419,0.93351,0.15305,0.01205,1.99909,1.2044899999999998,0.05067000000000001,0.034,-0.25471,0.28891,1.6013642000000001,0.15592999999999999,0.43010752688172044,0.07526881720430108,0.3118279569892473,0.03225806451612903,0.15053763440860216
181,108,95,0.1623,0.1221,0.0121,0.0116,39,10,32,0,14,-0.4811,0.0637,1.0643,2.6904,0.5469,0.0574,1.1927,1.2143,1.587319,0.2053,0.000418,0.93359,0.15838999999999998,0.01211,1.81936,1.20233,0.05355000000000001,0.036570000000000005,-0.28209000000000006,0.32003,1.5996167,0.16236,0.4105263157894737,0.10526315789473684,0.3368421052631579,0.0,0.14736842105263157
182,109,90,0.2094,0.1295,0.0099,0.0115,39,6,30,0,15,-0.2944,0.0366,0.9486,2.5319,0.3565,0.0598,1.1926,1.212,1.597739,0.1898,0.000418,0.93366,0.16796,0.01183,1.6474900000000001,1.2004,0.052790000000000004,0.03935999999999999,-0.28985000000000005,0.33174000000000003,1.5993627,0.16735,0.43333333333333335,0.06666666666666667,0.3333333333333333,0.0,0.16666666666666666
183,106,97,0.1929,0.1349,0.01,0.0116,45,6,38,0,8,-0.3809,0.0425,0.8491,2.373,0.4163,0.0662,1.1926,1.2098,1.600009,0.1693,0.000418,0.93374,0.17167000000000002,0.01163,1.48552,1.19868,0.050350000000000006,0.043379999999999995,-0.3014,0.34192000000000006,1.5980021,0.16674,0.4639175257731959,0.061855670103092786,0.3917525773195876,0.0,0.08247422680412371
184,108,93,0.1513,0.1387,0.0106,0.0116,40,7,34,0,12,-0.3406,0.0567,0.7636,2.2149,0.3955,0.0683,1.1933,1.2078,1.611993,0.1976,0.000417,0.93381,0.17237,0.01181,1.3346,1.19722,0.04994,0.04647,-0.30752999999999997,0.34937999999999997,1.5982037999999998,0.16945,0.43010752688172044,0.07526881720430108,0.3655913978494624,0.0,0.12903225806451613
185,111,88,0.2159,0.1461,0.0085,0.0115,36,5,28,0,19,-0.2976,0.0417,0.694,2.0592,0.3754,0.0523,1.194,1.206,1.59886,0.2044,0.000417,0.93389,0.17936999999999997,0.0114,1.19611,1.1960000000000002,0.04914,0.04863,-0.31751,0.36507999999999996,1.598538,0.1759,0.4090909090909091,0.056818181818181816,0.3181818181818182,0.0,0.2159090909090909
186,108,94,0.1894,0.152,0.0132,0.0115,40,12,29,0,13,-0.3415,0.0719,0.6364,1.907,0.3923,0.0474,1.1945,1.2044,1.599756,0.1901,0.000416,0.93396,0.18309,0.011330000000000002,1.07126,1.19503,0.051890000000000006,0.05011,-0.32619,0.37563,1.5990581000000001,0.17993,0.425531914893617,0.1276595744680851,0.30851063829787234,0.0,0.13829787234042554
187,107,96,0.1832,0.1572,0.011,0.0113,42,7,33,1,13,-0.435,0.0459,0.585,1.7592,0.4848,0.0691,1.1934,1.2028,1.61141,0.1875,0.000416,0.93404,0.18233,0.010960000000000001,0.96029,1.19419,0.05049,0.053759999999999995,-0.34894000000000003,0.40143000000000006,1.6001414,0.18419000000000002,0.4375,0.07291666666666667,0.34375,0.010416666666666666,0.13541666666666666
188,109,91,0.2334,0.1631,0.0095,0.0113,43,7,32,1,8,-0.3276,0.0532,0.5361,1.6167,0.3924,0.0464,1.1923,1.2013,1.594383,0.194,0.000415,0.93411,0.19058000000000003,0.01052,0.86234,1.19352,0.05033,0.05530999999999999,-0.34452,0.39919000000000004,1.5995402,0.18705,0.4725274725274725,0.07692307692307693,0.3516483516483517,0.01098901098901099,0.08791208791208792
189,105,98,0.1809,0.1678,0.0133,0.0114,45,10,35,1,7,-0.3066,0.0657,0.497,1.4806,0.3285,0.0499,1.1913,1.1999,1.605839,0.1596,0.000415,0.93419,0.18999000000000002,0.01089,0.77711,1.19304,0.051059999999999994,0.0551,-0.34907999999999995,0.40232999999999997,1.6005479,0.18596,0.45918367346938777,0.10204081632653061,0.35714285714285715,0.01020408163265306,0.07142857142857142
190,109,90,0.2077,0.1729,0.0087,0.0114,37,5,31,0,17,-0.2065,0.0454,0.4616,1.3513,0.2501,0.0399,1.1904,1.1986,1.610608,0.1665,0.000414,0.93426,0.19264,0.01068,0.70357,1.1927100000000002,0.05233,0.05567,-0.34118,0.39387,1.6017915999999999,0.18641000000000002,0.4111111111111111,0.05555555555555555,0.34444444444444444,0.0,0.18888888888888888
191,110,91,0.2081,0.1778,0.0094,0.0113,38,7,29,0,17,-0.3203,0.0489,0.4287,1.2297,0.3871,0.0529,1.189,1.1973,1.594289,0.1972,0.000414,0.93434,0.19722,0.010409999999999999,0.64001,1.1923400000000002,0.050850000000000006,0.055220000000000005,-0.3251,0.37789,1.6024885999999998,0.18560000000000001,0.4175824175824176,0.07692307692307693,0.31868131868131866,0.0,0.18681318681318682
192,109,92,0.1932,0.1818,0.0127,0.0113,38,10,29,1,14,-0.2672,0.0502,0.4013,1.1164,0.3166,0.0258,1.1885,1.1962,1.605555,0.1673,0.000414,0.93441,0.19560000000000002,0.01069,0.5852799999999999,1.19193,0.05221,0.05182,-0.32238,0.3739,1.6032702,0.18335,0.41304347826086957,0.10869565217391304,0.31521739130434784,0.010869565217391304,0.15217391304347827
193,109,91,0.2228,0.1851,0.0096,0.0111,42,6,31,0,12,-0.3702,0.0583,0.3762,1.0117,0.4434,0.0301,1.1878,1.1951,1.586364,0.1964,0.000413,0.93449,0.19859,0.01065,0.53799,1.19145,0.053790000000000004,0.048209999999999996,-0.32131,0.37661,1.6019057,0.18606,0.46153846153846156,0.06593406593406594,0.34065934065934067,0.0,0.13186813186813187
194,108,93,0.1886,0.1874,0.0101,0.0112,39,7,32,0,15,-0.3296,0.0704,0.3542,0.9158,0.3827,0.0503,1.1879,1.1941,1.600034,0.1931,0.000413,0.93456,0.20232,0.0106,0.49705000000000005,1.1909100000000001,0.05516,0.04640999999999999,-0.32021,0.37533000000000005,1.6007098000000002,0.18561,0.41935483870967744,0.07526881720430108,0.34408602150537637,0.0,0.16129032258064516
195,113,88,0.1856,0.1893,0.0094,0.011,32,7,25,0,24,-0.3802,0.0883,0.334,0.8286,0.4882,0.0384,1.1865,1.1931,1.610447,0.2516,0.000412,0.93464,0.19929000000000002,0.01069,0.46105,1.1901599999999999,0.059820000000000005,0.04502,-0.32847,0.38661,1.6018685000000001,0.19032999999999997,0.36363636363636365,0.07954545454545454,0.2840909090909091,0.0,0.2727272727272727
196,107,93,0.2333,0.1934,0.0117,0.0109,44,8,32,0,9,-0.3096,0.0298,0.3152,0.7501,0.3562,0.038,1.1842,1.1921,1.602471,0.1603,0.000412,0.93471,0.20368,0.01054,0.42893,1.18913,0.05560999999999999,0.044079999999999994,-0.32527999999999996,0.383,1.60214,0.18735,0.4731182795698925,0.08602150537634409,0.34408602150537637,0.0,0.0967741935483871
197,104,100,0.19,0.1934,0.0154,0.011,46,14,34,0,6,-0.5381,0.0632,0.2988,0.6803,0.5596,0.0362,1.1831,1.1911,1.609445,0.1514,0.000411,0.93479,0.20436,0.01098,0.40031,1.1881,0.05734,0.04079,-0.33559,0.39048000000000005,1.6019435000000002,0.18374,0.46,0.14,0.34,0.0,0.06
198,106,97,0.1871,0.1952,0.0145,0.011,45,12,32,0,8,-0.3865,0.0407,0.285,0.6188,0.4223,0.0387,1.1816,1.1903,1.59573,0.155,0.000411,0.93486,0.19973,0.01148,0.37520000000000003,1.18703,0.056089999999999994,0.04002,-0.34148,0.39347,1.6020782,0.17984,0.4639175257731959,0.12371134020618557,0.32989690721649484,0.0,0.08247422680412371
199,110,89,0.2298,0.1973,0.0099,0.011,42,7,29,0,11,-0.2876,0.0431,0.2733,0.565,0.3555,0.0562,1.1817,1.1895,1.590479,0.1968,0.00041,0.93494,0.20461999999999997,0.01114,0.35283,1.18607,0.05383,0.04065,-0.33958,0.39617,1.6005422,0.18356,0.47191011235955055,0.07865168539325842,0.3258426966292135,0.0,0.12359550561797752
200,106,97,0.1868,0.1976,0.0122,0.0111,42,9,33,1,12,-0.5808,0.0648,0.2619,0.5182,0.6347,0.0667,1.1817,1.1889,1.612103,0.2,0.00041,0.93502,0.20252999999999996,0.01149,0.33286,1.1851999999999998,0.05577,0.04333,-0.37700999999999996,0.43463,1.6006917,0.18691,0.4329896907216495,0.09278350515463918,0.3402061855670103,0.010309278350515464,0.12371134020618557
201,109,90,0.2073,0.1998,0.01,0.011,40,6,33,0,11,-0.422,0.076,0.2514,0.4776,0.5111,0.0372,1.182,1.1884,1.616601,0.2262,0.000409,0.93509,0.20244999999999996,0.011550000000000001,0.31513,1.1844999999999999,0.05848,0.04176,-0.38717999999999997,0.44703,1.6029229,0.18980999999999998,0.4444444444444444,0.06666666666666667,0.36666666666666664,0.0,0.12222222222222222
202,109,93,0.2108,0.1999,0.0086,0.0109,46,6,32,1,8,-0.1934,0.056,0.2421,0.4422,0.2267,0.0439,1.1814,1.1879,1.609565,0.1634,0.000409,0.93517,0.20421,0.01114,0.29921,1.18379,0.05906,0.04357,-0.3798,0.43804,1.6033239000000001,0.18941999999999998,0.4946236559139785,0.06451612903225806,0.34408602150537637,0.010752688172043012,0.08602150537634409
203,106,97,0.19,0.1998,0.0149,0.0112,44,13,30,0,10,-0.0908,0.0461,0.2333,0.4115,0.0992,0.0444,1.1807,1.1873,1.590847,0.1329,0.000409,0.93524,0.20093,0.01167,0.28492,1.18308,0.05784,0.045,-0.35185999999999995,0.40362,1.6037721999999999,0.18307,0.4536082474226804,0.13402061855670103,0.30927835051546393,0.0,0.10309278350515463
204,110,89,0.2333,0.2039,0.0116,0.0112,40,9,28,0,12,-0.1585,0.0492,0.2254,0.3845,0.1959,0.0379,1.1808,1.1866,1.616278,0.1615,0.000408,0.93532,0.20539999999999997,0.01182,0.27204,1.18237,0.055720000000000006,0.04376,-0.33475,0.38494,1.6053966,0.17991,0.449438202247191,0.10112359550561797,0.3146067415730337,0.0,0.1348314606741573
205,108,93,0.1829,0.2022,0.0114,0.0113,39,8,31,1,14,-0.2548,0.0425,0.219,0.3608,0.2959,0.0374,1.181,1.186,1.604595,0.161,0.000408,0.93539,0.20512999999999998,0.01202,0.26054,1.18182,0.051140000000000005,0.04366,-0.32221,0.36571,1.6048113999999998,0.17085,0.41935483870967744,0.08602150537634409,0.3333333333333333,0.010752688172043012,0.15053763440860216
206,106,98,0.1863,0.2021,0.0116,0.0113,43,8,34,1,12,-0.5757,0.0597,0.213,0.3396,0.6227,0.069,1.1823,1.1854,1.611286,0.1916,0.000407,0.93547,0.20043000000000002,0.01201,0.25032,1.18163,0.05413,0.04676,-0.34882,0.39236000000000004,1.6056929,0.17398,0.4387755102040816,0.08163265306122448,0.3469387755102041,0.01020408163265306,0.12244897959183673
207,110,89,0.2298,0.2044,0.0096,0.0112,41,6,31,0,11,-0.3415,0.0403,0.2079,0.3208,0.4221,0.0386,1.1842,1.1849,1.604785,0.2,0.000407,0.93554,0.20440999999999998,0.01143,0.24123,1.18174,0.05184,0.047,-0.32916,0.37861,1.6052269,0.17884,0.4606741573033708,0.06741573033707865,0.34831460674157305,0.0,0.12359550561797752
208,108,94,0.1836,0.2019,0.0124,0.0113,38,10,28,1,17,-0.2646,0.0337,0.2029,0.3041,0.304,0.0371,1.1863,1.1846,1.605159,0.1548,0.000406,0.93562,0.20406,0.011219999999999999,0.23302,1.18221,0.05114,0.04684,-0.31697,0.36678,1.6061698,0.17882,0.40425531914893614,0.10638297872340426,0.2978723404255319,0.010638297872340425,0.18085106382978725
209,108,95,0.1922,0.2025,0.0147,0.0114,43,13,30,0,9,-0.2768,0.0632,0.198,0.2892,0.3147,0.0378,1.1871,1.1844,1.61428,0.1688,0.000406,0.93569,0.2003,0.011699999999999999,0.22549000000000002,1.18275,0.05315000000000001,0.045,-0.31589,0.36269999999999997,1.6085498999999999,0.17602,0.45263157894736844,0.1368421052631579,0.3157894736842105,0.0,0.09473684210526316
210,111,86,0.2229,0.2032,0.0121,0.0116,36,12,19,0,19,-0.1902,0.0631,0.1914,0.2757,0.2455,0.0429,1.1872,1.1842,1.616296,0.1888,0.000405,0.93577,0.20390999999999998,0.011689999999999999,0.21844000000000002,1.1833,0.052980000000000006,0.04262,-0.27683,0.32378,1.6089692,0.1749,0.4186046511627907,0.13953488372093023,0.22093023255813954,0.0,0.22093023255813954
211,109,93,0.196,0.2026,0.0102,0.0116,37,7,29,1,19,-0.5571,0.068,0.1848,0.2635,0.6529,0.0698,1.1857,1.1841,1.632318,0.2461,0.000405,0.93584,0.20278000000000002,0.01171,0.21178,1.18367,0.052180000000000004,0.045880000000000004,-0.29034,0.33796,1.6105409000000002,0.17689,0.3978494623655914,0.07526881720430108,0.3118279569892473,0.010752688172043012,0.20430107526881722
212,109,91,0.22,0.204,0.0113,0.0116,42,8,30,1,10,-0.4112,0.051,0.1784,0.2523,0.4926,0.06,1.1831,1.1838,1.615744,0.2174,0.000405,0.93592,0.2037,0.011980000000000001,0.20541,1.18384,0.051680000000000004,0.047490000000000004,-0.31212,0.36455000000000004,1.6111588000000001,0.18229,0.46153846153846156,0.08791208791208792,0.32967032967032966,0.01098901098901099,0.10989010989010989
213,107,95,0.1904,0.2023,0.0125,0.0117,42,10,32,0,11,-0.278,0.0515,0.1728,0.2421,0.3131,0.0638,1.1819,1.1835,1.599746,0.1725,0.000404,0.93599,0.20373999999999998,0.011739999999999999,0.19935999999999998,1.1839600000000001,0.05222,0.049429999999999995,-0.33084,0.38594,1.6120487000000001,0.18625,0.4421052631578947,0.10526315789473684,0.3368421052631579,0.0,0.11578947368421053
214,107,95,0.189,0.2024,0.0123,0.0118,41,9,32,1,12,-0.2328,0.0598,0.1672,0.2328,0.2622,0.0566,1.1802,1.1831,1.607579,0.1677,0.000404,0.93607,0.19931000000000001,0.011810000000000001,0.19354,1.1839,0.05328000000000001,0.0513,-0.33827,0.39257,1.6111788,0.18687,0.43157894736842106,0.09473684210526316,0.3368421052631579,0.010526315789473684,0.12631578947368421
215,109,91,0.2319,0.2047,0.012,0.0119,42,9,27,2,11,-0.3029,0.044,0.162,0.2242,0.3629,0.0459,1.1784,1.1827,1.611919,0.1852,0.000403,0.93614,0.20421,0.01187,0.18784,1.18364,0.05343,0.052149999999999995,-0.34308,0.39927,1.6119112000000002,0.18929,0.46153846153846156,0.0989010989010989,0.2967032967032967,0.02197802197802198,0.12087912087912088
216,110,90,0.1865,0.2023,0.0122,0.012,36,10,25,0,19,-0.1871,0.0492,0.1572,0.2163,0.2286,0.0438,1.1776,1.1824,1.609974,0.1683,0.000403,0.93622,0.20423,0.01193,0.18226,1.18317,0.05238,0.04963,-0.30422000000000005,0.35986,1.61178,0.18696,0.4,0.1111111111111111,0.2777777777777778,0.0,0.2111111111111111
217,107,95,0.1975,0.2027,0.0126,0.0118,41,10,32,0,12,-0.4574,0.0558,0.1526,0.209,0.5152,0.0423,1.1771,1.1821,1.608873,0.187,0.000402,0.93629,0.20099999999999998,0.012230000000000001,0.17673,1.18246,0.05393,0.05,-0.31581000000000004,0.36917,1.6121887999999998,0.18566,0.43157894736842106,0.10526315789473684,0.3368421052631579,0.0,0.12631578947368421
218,113,86,0.2216,0.2044,0.009,0.0115,37,8,24,1,16,-0.3381,0.0472,0.1474,0.2021,0.4442,0.0336,1.1772,1.1819,1.610819,0.2268,0.000402,0.93637,0.2048,0.01189,0.17118000000000003,1.18155,0.05528000000000001,0.04965,-0.32316,0.38319000000000003,1.6127548,0.19286,0.43023255813953487,0.09302325581395349,0.27906976744186046,0.011627906976744186,0.18604651162790697
219,108,94,0.1872,0.2023,0.013,0.0117,38,11,27,1,17,-0.3159,0.0537,0.1423,0.1956,0.3629,0.0368,1.177,1.1816,1.592153,0.1716,0.000401,0.93644,0.2043,0.01172,0.16560999999999998,1.18054,0.05433,0.04955,-0.32707,0.38800999999999997,1.6105421,0.19314,0.40425531914893614,0.11702127659574468,0.2872340425531915,0.010638297872340425,0.18085106382978725
220,112,88,0.1993,0.2029,0.009,0.0115,33,7,25,0,23,-0.2409,0.0484,0.1381,0.1894,0.3066,0.059,1.1774,1.1814,1.597202,0.199,0.000401,0.93652,0.20194,0.01141,0.16028000000000003,1.17956,0.05286,0.051160000000000004,-0.33214,0.39411999999999997,1.6086327,0.19416000000000003,0.375,0.07954545454545454,0.2840909090909091,0.0,0.26136363636363635
221,110,90,0.2137,0.2032,0.0148,0.0118,40,13,24,0,13,-0.24,0.0612,0.1336,0.1835,0.2934,0.0361,1.1779,1.1812,1.603993,0.1819,0.0004,0.93659,0.20371,0.01187,0.15516000000000002,1.17878,0.052180000000000004,0.04779,-0.30043000000000003,0.35817,1.6058002000000002,0.18774,0.4444444444444444,0.14444444444444443,0.26666666666666666,0.0,0.14444444444444443
222,109,92,0.1917,0.2023,0.0109,0.0119,36,8,29,1,18,-0.343,0.0563,0.1288,0.1778,0.4064,0.0368,1.1771,1.181,1.601342,0.1898,0.0004,0.93667,0.20088,0.01183,0.1502,1.17818,0.05271,0.04547,-0.29361000000000004,0.34954999999999997,1.6043599999999998,0.18498,0.391304347826087,0.08695652173913043,0.31521739130434784,0.010869565217391304,0.1956521739130435
223,111,87,0.2243,0.204,0.0122,0.0118,36,11,21,0,19,-0.3246,0.0502,0.1245,0.1724,0.4141,0.0729,1.1768,1.1808,1.600729,0.2308,0.0004,0.93674,0.20427,0.0118,0.14537,1.17767,0.05258,0.04638,-0.29827,0.35964999999999997,1.6044583,0.19080999999999998,0.41379310344827586,0.12643678160919541,0.2413793103448276,0.0,0.21839080459770116
224,108,93,0.19,0.2018,0.0122,0.0118,41,9,30,0,13,-0.3058,0.0443,0.1204,0.1671,0.3551,0.0448,1.176,1.1806,1.597921,0.1735,0.000399,0.93682,0.20437,0.011789999999999998,0.14069,1.1772500000000001,0.05103,0.0452,-0.30557,0.36894,1.6034925000000002,0.19139,0.44086021505376344,0.0967741935483871,0.3225806451612903,0.0,0.13978494623655913
225,110,91,0.1991,0.2026,0.0155,0.012,36,15,23,0,17,-0.2868,0.0698,0.1167,0.162,0.3467,0.0511,1.175,1.1803,1.605304,0.2003,0.000399,0.93689,0.20109,0.01214,0.13616,1.17691,0.053610000000000005,0.04572,-0.30396,0.36732,1.6028310000000001,0.19290000000000002,0.3956043956043956,0.16483516483516483,0.25274725274725274,0.0,0.18681318681318682
226,111,87,0.2194,0.2043,0.0126,0.0121,37,11,22,0,17,-0.2326,0.0612,0.1134,0.157,0.2967,0.064,1.1741,1.1799,1.603148,0.2066,0.000398,0.93697,0.20438,0.01218,0.13177999999999998,1.17656,0.054810000000000005,0.04774,-0.30851,0.37412999999999996,1.6021484000000001,0.19673000000000002,0.42528735632183906,0.12643678160919541,0.25287356321839083,0.0,0.19540229885057472
227,110,92,0.19,0.2023,0.0125,0.0122,36,11,25,0,20,-0.3714,0.077,0.1106,0.1522,0.444,0.0596,1.1732,1.1793,1.617874,0.2216,0.000398,0.93704,0.20362999999999998,0.01217,0.12758,1.17617,0.056929999999999994,0.04947,-0.29991,0.36700999999999995,1.6030484999999999,0.20019,0.391304347826087,0.11956521739130435,0.2717391304347826,0.0,0.21739130434782608
228,111,89,0.2062,0.2034,0.0092,0.012,37,6,29,0,17,-0.2406,0.0591,0.1081,0.1474,0.3001,0.0418,1.1728,1.1786,1.599415,0.1897,0.000397,0.93712,0.20209000000000002,0.012190000000000001,0.12365000000000001,1.1757300000000002,0.05811999999999999,0.05029,-0.29016000000000003,0.35259999999999997,1.6019081,0.19648,0.4157303370786517,0.06741573033707865,0.3258426966292135,0.0,0.19101123595505617
229,110,89,0.2116,0.2044,0.012,0.0119,36,11,24,0,18,-0.228,0.0452,0.1054,0.1428,0.2818,0.0401,1.1727,1.1779,1.584169,0.1754,0.000397,0.93719,0.20453000000000002,0.01209,0.11996,1.1753,0.05727,0.05062,-0.28137,0.34449,1.6011096999999999,0.19685999999999998,0.4044943820224719,0.12359550561797752,0.2696629213483146,0.0,0.20224719101123595
230,113,88,0.1897,0.2028,0.0158,0.0121,32,16,16,0,24,-0.2516,0.0748,0.1029,0.1384,0.323,0.0443,1.1716,1.1771,1.597999,0.2107,0.000396,0.93727,0.20357000000000003,0.01277,0.11643999999999999,1.17472,0.05991,0.04915,-0.28244,0.34613,1.6011893999999998,0.19803,0.36363636363636365,0.18181818181818182,0.18181818181818182,0.0,0.2727272727272727
231,112,86,0.2359,0.2048,0.0127,0.0122,32,11,20,0,23,-0.2349,0.0486,0.1013,0.1342,0.3059,0.0444,1.171,1.1764,1.589822,0.1967,0.000396,0.93734,0.20579,0.012560000000000002,0.11320999999999999,1.1740300000000001,0.058649999999999994,0.04998,-0.28192999999999996,0.34738,1.5997723000000001,0.19951,0.37209302325581395,0.12790697674418605,0.23255813953488372,0.0,0.26744186046511625
232,112,87,0.1907,0.2033,0.0143,0.0124,31,14,17,0,25,-0.3195,0.0631,0.1,0.1303,0.4113,0.0414,1.1715,1.1758,1.588837,0.2232,0.000395,0.93742,0.20569,0.0129,0.11033,1.17347,0.05933000000000001,0.05044,-0.27958,0.34787,1.5985217999999999,0.20285000000000003,0.3563218390804598,0.16091954022988506,0.19540229885057472,0.0,0.28735632183908044
233,116,82,0.1986,0.2037,0.0132,0.0124,23,14,10,0,35,-0.2494,0.0602,0.099,0.1266,0.3529,0.081,1.1722,1.1753,1.598554,0.2537,0.000395,0.93749,0.20312000000000002,0.013000000000000001,0.10778000000000001,1.17301,0.06033000000000001,0.051250000000000004,-0.27206,0.34175,1.5983043000000001,0.20514000000000002,0.2804878048780488,0.17073170731707318,0.12195121951219512,0.0,0.4268292682926829
234,112,86,0.2167,0.2051,0.0138,0.0125,35,14,18,0,19,-0.2227,0.0482,0.0978,0.1231,0.29,0.0448,1.1731,1.175,1.598469,0.1935,0.000395,0.93757,0.20579,0.01316,0.10552000000000002,1.17272,0.060719999999999996,0.051250000000000004,-0.26375000000000004,0.33524,1.5983591,0.20714000000000002,0.4069767441860465,0.16279069767441862,0.20930232558139536,0.0,0.22093023255813954
235,116,82,0.19,0.203,0.0133,0.0125,26,13,13,0,30,-0.1698,0.0507,0.0965,0.1198,0.2403,0.0259,1.1735,1.1747,1.589303,0.188,0.000394,0.93764,0.20488,0.012940000000000002,0.10350000000000001,1.17257,0.058809999999999994,0.048729999999999996,-0.25205,0.3246,1.596759,0.20590999999999998,0.3170731707317073,0.15853658536585366,0.15853658536585366,0.0,0.36585365853658536
236,115,82,0.2238,0.2049,0.0125,0.0126,26,12,14,0,30,-0.2699,0.0422,0.0948,0.1167,0.3785,0.0316,1.173,1.1745,1.597969,0.2251,0.000394,0.93772,0.20532000000000003,0.01293,0.10164,1.1724599999999998,0.05691,0.045489999999999996,-0.25578,0.33278,1.5962410999999999,0.20776,0.3170731707317073,0.14634146341463414,0.17073170731707318,0.0,0.36585365853658536
237,112,88,0.1934,0.2047,0.0117,0.0125,31,11,18,0,28,-0.3701,0.0512,0.0933,0.1137,0.4711,0.0739,1.1718,1.1742,1.607167,0.2436,0.000393,0.93779,0.20566,0.01285,0.09991000000000001,1.17232,0.05433,0.04692,-0.25565,0.33548999999999995,1.5951704,0.20996,0.3522727272727273,0.125,0.20454545454545456,0.0,0.3181818181818182
238,114,85,0.1988,0.2035,0.0129,0.0127,31,12,18,0,24,-0.3016,0.0595,0.0919,0.111,0.4046,0.0447,1.1715,1.174,1.577516,0.2337,0.000393,0.93787,0.20492,0.013219999999999999,0.09829,1.17219,0.05437000000000001,0.047209999999999995,-0.26175,0.34594,1.5929805,0.21436000000000002,0.36470588235294116,0.1411764705882353,0.21176470588235294,0.0,0.2823529411764706
239,115,81,0.221,0.2052,0.0085,0.0125,31,7,19,0,24,-0.1238,0.0468,0.0907,0.1084,0.1758,0.0325,1.1714,1.1737,1.565779,0.1696,0.000392,0.93794,0.20586000000000002,0.012870000000000001,0.09682,1.17206,0.05453,0.046450000000000005,-0.25133,0.33534,1.5911415,0.21378,0.38271604938271603,0.08641975308641975,0.2345679012345679,0.0,0.2962962962962963
240,113,88,0.1883,0.2047,0.0133,0.0127,29,13,17,1,28,-0.3145,0.0653,0.0892,0.1059,0.4038,0.052,1.1704,1.1733,1.580653,0.2268,0.000392,0.93802,0.20572,0.012619999999999998,0.09545000000000001,1.17194,0.05358,0.04722,-0.25762,0.34342,1.5894069,0.21539000000000003,0.32954545454545453,0.14772727272727273,0.19318181818181818,0.011363636363636364,0.3181818181818182
241,116,81,0.2072,0.2043,0.0113,0.0125,25,11,13,0,32,-0.2421,0.0551,0.0878,0.1036,0.3467,0.0464,1.169,1.1729,1.641855,0.2372,0.000391,0.93809,0.20285000000000003,0.012480000000000002,0.09409999999999999,1.17174,0.05423,0.047420000000000004,-0.25834,0.34750000000000003,1.5946102,0.21944,0.30864197530864196,0.13580246913580246,0.16049382716049382,0.0,0.3950617283950617
242,112,85,0.2112,0.2053,0.0141,0.0127,34,15,14,0,22,-0.3406,0.0726,0.0864,0.1015,0.4488,0.0701,1.1674,1.1724,1.590218,0.2588,0.000391,0.93817,0.2049,0.012459999999999999,0.09274,1.17133,0.05518000000000001,0.05028999999999999,-0.26044999999999996,0.35125,1.5947483,0.223,0.4,0.17647058823529413,0.16470588235294117,0.0,0.25882352941176473
243,116,82,0.2019,0.2042,0.0146,0.0128,25,15,11,0,31,-0.235,0.0451,0.0851,0.0996,0.3325,0.0449,1.1656,1.1718,1.602866,0.2224,0.000391,0.93824,0.20523000000000002,0.0126,0.09135,1.1706699999999999,0.05367000000000001,0.04668,-0.25901,0.34921,1.5951795,0.21987,0.3048780487804878,0.18292682926829268,0.13414634146341464,0.0,0.3780487804878049
244,119,77,0.2168,0.2055,0.0076,0.0126,23,8,10,0,36,-0.2095,0.054,0.0836,0.0977,0.3237,0.0584,1.1636,1.1712,1.599345,0.2502,0.00039,0.93832,0.20524,0.011980000000000001,0.08993,1.1697199999999999,0.05425,0.04804,-0.25769,0.35258,1.5952671,0.22554000000000002,0.2987012987012987,0.1038961038961039,0.12987012987012986,0.0,0.4675324675324675
245,118,79,0.19,0.2051,0.0149,0.0125,21,16,4,0,38,-0.2747,0.0601,0.0823,0.096,0.4103,0.0444,1.1618,1.1706,1.607025,0.2679,0.00039,0.93839,0.20524,0.012140000000000001,0.08851,1.1685500000000002,0.055189999999999996,0.049890000000000004,-0.26818,0.36958,1.5970393,0.23353000000000002,0.26582278481012656,0.20253164556962025,0.05063291139240506,0.0,0.4810126582278481
246,118,78,0.2069,0.2044,0.0115,0.0125,21,12,9,0,36,-0.1489,0.077,0.0809,0.0944,0.2253,0.0446,1.1595,1.1698,1.557692,0.2148,0.000389,0.93847,0.20354999999999998,0.012039999999999999,0.08712,1.1672,0.05867,0.05119,-0.25608,0.35425999999999996,1.5930116,0.2325,0.2692307692307692,0.15384615384615385,0.11538461538461539,0.0,0.46153846153846156
247,120,75,0.213,0.2056,0.0062,0.0122,18,7,8,0,42,-0.2679,0.0591,0.0795,0.0928,0.4287,0.0682,1.1565,1.169,1.614747,0.3049,0.000389,0.93854,0.20551,0.011489999999999998,0.08574000000000001,1.16567,0.05946,0.05062,-0.24585999999999997,0.35002,1.5937696,0.23862999999999998,0.24,0.09333333333333334,0.10666666666666667,0.0,0.56
248,116,81,0.1986,0.2052,0.0149,0.0125,25,15,10,0,31,-0.2391,0.057,0.0781,0.0913,0.3424,0.0324,1.153,1.168,1.588074,0.2272,0.000388,0.93862,0.20549,0.01169,0.08435999999999999,1.1638199999999999,0.05921,0.04939,-0.23961000000000002,0.3438,1.5948254,0.23798,0.30864197530864196,0.18518518518518517,0.12345679012345678,0.0,0.38271604938271603
249,116,80,0.2224,0.2058,0.0083,0.0123,23,8,14,0,35,-0.1995,0.0489,0.0769,0.0899,0.2893,0.0415,1.1496,1.1669,1.584719,0.214,0.000388,0.93869,0.20562999999999998,0.01167,0.08298,1.1616399999999998,0.059419999999999994,0.05029,-0.24718,0.35514999999999997,1.5967194,0.24242,0.2875,0.1,0.175,0.0,0.4375
250,119,79,0.1865,0.2056,0.0103,0.012,19,11,9,0,40,-0.2434,0.0704,0.076,0.0885,0.3666,0.0535,1.1462,1.1656,1.581462,0.264,0.000387,0.93877,0.20545,0.01137,0.08166,1.15922,0.05993,0.05044,-0.24007,0.35143,1.5968003,0.24613999999999997,0.24050632911392406,0.13924050632911392,0.11392405063291139,0.0,0.5063291139240507
251,114,83,0.2109,0.2043,0.0149,0.0121,27,16,11,0,29,-0.155,0.0525,0.0753,0.0872,0.2129,0.0519,1.143,1.1642,1.564382,0.1881,0.000387,0.93884,0.20582000000000003,0.01173,0.08041000000000001,1.15662,0.05967,0.05099,-0.23136,0.33804999999999996,1.589053,0.24123,0.3253012048192771,0.1927710843373494,0.13253012048192772,0.0,0.3493975903614458
252,115,81,0.2097,0.2053,0.013,0.012,28,14,11,0,28,-0.186,0.0722,0.0746,0.086,0.2641,0.0613,1.1394,1.1626,1.563052,0.2228,0.000386,0.93892,0.20567000000000002,0.011620000000000002,0.07923,1.15382,0.05963,0.05011,-0.21589999999999998,0.31958000000000003,1.5863364,0.23763,0.345679012345679,0.1728395061728395,0.13580246913580246,0.0,0.345679012345679
253,120,77,0.199,0.2053,0.0108,0.0119,18,12,5,0,42,-0.152,0.0707,0.0735,0.0847,0.2369,0.0756,1.1357,1.1608,1.60055,0.2379,0.000386,0.93899,0.20537999999999998,0.01124,0.07807,1.15083,0.06219,0.053180000000000005,-0.2076,0.31002,1.5861047999999998,0.23918,0.23376623376623376,0.15584415584415584,0.06493506493506493,0.0,0.5454545454545454
254,120,74,0.2213,0.2055,0.0074,0.0116,16,9,6,0,43,-0.1986,0.0467,0.0725,0.0834,0.322,0.0604,1.1314,1.1587,1.568915,0.2552,0.000386,0.93907,0.20583,0.011219999999999999,0.07696,1.1476099999999998,0.061459999999999994,0.053380000000000004,-0.20651000000000003,0.30985,1.5830617999999999,0.23967999999999998,0.21621621621621623,0.12162162162162163,0.08108108108108109,0.0,0.581081081081081
255,119,78,0.1891,0.2055,0.0116,0.0115,20,12,8,0,38,-0.2412,0.0617,0.0715,0.0822,0.3679,0.0338,1.127,1.1563,1.563037,0.2524,0.000385,0.93914,0.20573999999999998,0.01089,0.07587999999999999,1.14413,0.06162000000000001,0.05232,-0.20316,0.30561,1.578663,0.23813,0.2564102564102564,0.15384615384615385,0.10256410256410256,0.0,0.48717948717948717
256,120,75,0.2188,0.2052,0.0092,0.0114,17,10,6,0,42,-0.1283,0.0613,0.0707,0.081,0.2053,0.0372,1.1224,1.1538,1.553711,0.2037,0.000385,0.93922,0.20692999999999998,0.01066,0.07486000000000001,1.14042,0.06004999999999999,0.05158,-0.2011,0.30361000000000005,1.5782649,0.23702,0.22666666666666666,0.13333333333333333,0.08,0.0,0.56
257,121,74,0.1998,0.2056,0.0065,0.0111,16,8,6,0,44,-0.185,0.0538,0.0701,0.0798,0.3024,0.0374,1.1184,1.1511,1.584396,0.2421,0.000384,0.93929,0.20561,0.010690000000000002,0.07392,1.1366100000000001,0.05952,0.0485,-0.19281,0.29098,1.5752298,0.23074,0.21621621621621623,0.10810810810810811,0.08108108108108109,0.0,0.5945945945945946
258,119,77,0.1968,0.2055,0.0103,0.011,17,11,5,1,43,-0.193,0.0483,0.0692,0.0787,0.2982,0.0496,1.1129,1.1482,1.569908,0.2325,0.000384,0.93937,0.20543,0.01023,0.07303000000000001,1.1326,0.05865,0.05022,-0.1882,0.28656000000000004,1.5734132,0.23127000000000003,0.22077922077922077,0.14285714285714285,0.06493506493506493,0.012987012987012988,0.5584415584415584
259,121,72,0.2195,0.2054,0.01,0.011,16,11,4,0,41,-0.1471,0.0503,0.0684,0.0776,0.2471,0.0368,1.1071,1.145,1.589133,0.2229,0.000383,0.93944,0.20514000000000002,0.0104,0.07218,1.12835,0.05879000000000001,0.04975,-0.18296,0.28234000000000004,1.5738546,0.23216,0.2222222222222222,0.1527777777777778,0.05555555555555555,0.0,0.5694444444444444
260,120,77,0.19,0.2055,0.0095,0.0109,15,11,4,0,47,-0.2964,0.0715,0.0676,0.0765,0.462,0.0487,1.1008,1.1415,1.562182,0.3035,0.000383,0.93952,0.20549,0.01032,0.07134,1.1238100000000002,0.058899999999999994,0.049269999999999994,-0.18826,0.29188000000000003,1.5719265999999998,0.23611,0.19480519480519481,0.14285714285714285,0.05194805194805195,0.0,0.6103896103896104
261,118,78,0.2271,0.2065,0.0118,0.0109,21,14,7,0,36,-0.1979,0.0521,0.067,0.0755,0.2993,0.0349,1.0962,1.1379,1.572546,0.2234,0.000382,0.93959,0.20711,0.01001,0.07050999999999999,1.11913,0.05886,0.04757,-0.19255,0.30052,1.572743,0.23964,0.2692307692307692,0.1794871794871795,0.08974358974358974,0.0,0.46153846153846156
262,122,72,0.1868,0.2053,0.0073,0.0105,12,9,2,0,49,-0.276,0.0594,0.0664,0.0745,0.4677,0.0425,1.0924,1.1341,1.60537,0.3227,0.000382,0.93967,0.20482,0.00944,0.06969,1.11443,0.05758,0.04569,-0.20154999999999998,0.32088,1.5769748,0.24963000000000002,0.16666666666666666,0.125,0.027777777777777776,0.0,0.6805555555555556
263,125,67,0.1934,0.2048,0.0024,0.0099,5,5,0,0,57,-0.1669,0.0637,0.0658,0.0735,0.3114,0.0754,1.0882,1.1302,1.620641,0.2948,0.000382,0.93974,0.20425999999999997,0.0086,0.06892,1.10968,0.05688,0.04567,-0.20304000000000003,0.32833,1.5789839,0.25532,0.07462686567164178,0.07462686567164178,0.0,0.0,0.8507462686567164
264,125,68,0.2131,0.2046,0.0033,0.0097,8,6,2,0,52,-0.1965,0.0744,0.0649,0.0726,0.3612,0.0526,1.0845,1.1263,1.515482,0.3038,0.000381,0.93982,0.20344,0.00819,0.06816,1.1049900000000001,0.05965,0.04489,-0.20282999999999998,0.33225,1.5736406,0.26017999999999997,0.11764705882352941,0.08823529411764706,0.029411764705882353,0.0,0.7647058823529411
265,123,70,0.1997,0.2051,0.0071,0.0093,9,9,0,0,52,-0.3114,0.0821,0.0635,0.0716,0.5472,0.0289,1.0802,1.1222,1.591395,0.3707,0.000381,0.93989,0.2045,0.0077399999999999995,0.06736,1.10031,0.06169,0.0444,-0.20985,0.35018000000000005,1.5764764,0.27201,0.12857142857142856,0.12857142857142856,0.0,0.0,0.7428571428571429
266,126,65,0.2198,0.2058,0.0013,0.0088,4,4,0,0,57,-0.1469,0.0676,0.062,0.0707,0.2848,0.0451,1.0761,1.118,1.521119,0.2701,0.00038,0.93997,0.20459999999999998,0.0069500000000000004,0.06649,1.0956800000000002,0.06232000000000001,0.04519,-0.21171,0.35813,1.5732172,0.27864999999999995,0.06153846153846154,0.06153846153846154,0.0,0.0,0.8769230769230769
267,123,73,0.1922,0.2047,0.0069,0.0088,10,9,1,0,53,-0.2048,0.06,0.0609,0.0697,0.345,0.0426,1.0732,1.1139,1.570932,0.2699,0.00038,0.94005,0.20383999999999997,0.006989999999999999,0.06557,1.09116,0.06294,0.04571,-0.21369,0.36239,1.5718708000000001,0.28143,0.136986301369863,0.1232876712328767,0.0136986301369863,0.0,0.726027397260274
268,125,68,0.2155,0.2056,0.0024,0.0082,8,4,4,0,52,-0.1575,0.0678,0.0597,0.0688,0.2895,0.0624,1.0712,1.1098,1.595251,0.2767,0.000379,0.94012,0.20570999999999998,0.0062,0.06462,1.08699,0.06488999999999999,0.04699,-0.21014,0.36151999999999995,1.5744051,0.28585000000000005,0.11764705882352941,0.058823529411764705,0.058823529411764705,0.0,0.7647058823529411
269,121,73,0.1998,0.2044,0.0086,0.0082,13,11,1,0,48,-0.2118,0.0746,0.0585,0.0679,0.3511,0.071,1.0684,1.1057,1.583927,0.2911,0.000379,0.9402,0.20373999999999998,0.00606,0.06362999999999999,1.08312,0.06731999999999999,0.050409999999999996,-0.21660999999999997,0.37192000000000003,1.5738845000000001,0.29267000000000004,0.1780821917808219,0.1506849315068493,0.0136986301369863,0.0,0.6575342465753424
270,126,67,0.201,0.2052,0.0034,0.0079,5,6,0,0,56,-0.1414,0.0601,0.0574,0.067,0.2659,0.0226,1.0647,1.1017,1.5809,0.2447,0.000378,0.94027,0.20484,0.00545,0.06261,1.07951,0.06617999999999999,0.0478,-0.20110999999999998,0.35231,1.5757563,0.28679,0.07462686567164178,0.08955223880597014,0.0,0.0,0.835820895522388
271,122,71,0.2208,0.2057,0.0081,0.0075,10,10,0,0,51,-0.2053,0.0636,0.0564,0.066,0.3527,0.0745,1.0618,1.0976,1.565134,0.2945,0.000378,0.94035,0.20421,0.0050799999999999994,0.06155000000000001,1.07607,0.06733,0.051759999999999994,-0.20185,0.35765,1.5750151,0.2939,0.14084507042253522,0.14084507042253522,0.0,0.0,0.7183098591549296
272,125,68,0.1891,0.2046,0.0036,0.0071,6,6,0,0,56,-0.155,0.0549,0.0557,0.0651,0.285,0.0522,1.0597,1.0936,1.570663,0.2618,0.000377,0.94042,0.20444,0.00471,0.06048,1.0728,0.06688000000000001,0.05273,-0.18975000000000003,0.33938,1.5715444,0.28781,0.08823529411764706,0.08823529411764706,0.0,0.0,0.8235294117647058
273,126,65,0.2278,0.2061,0.0002,0.0065,5,3,1,0,56,-0.2804,0.0874,0.0551,0.0641,0.5435,0.0881,1.0573,1.0897,1.494638,0.4254,0.000377,0.9405,0.20787999999999998,0.004489999999999999,0.059410000000000004,1.06971,0.06925,0.05399999999999999,-0.2011,0.36258999999999997,1.5589441000000002,0.30087,0.07692307692307693,0.046153846153846156,0.015384615384615385,0.0,0.8615384615384616
274,126,67,0.1937,0.2047,0.0024,0.0063,5,5,0,0,57,-0.2166,0.0515,0.0546,0.0633,0.4074,0.0294,1.0545,1.0858,1.614822,0.3118,0.000377,0.94057,0.20594,0.004399999999999999,0.05838,1.06671,0.06695999999999999,0.05167999999999999,-0.20310999999999998,0.36721000000000004,1.5688780999999998,0.30167,0.07462686567164178,0.07462686567164178,0.0,0.0,0.8507462686567164
275,126,66,0.2168,0.2061,0.0014,0.0058,5,4,0,0,57,-0.216,0.0744,0.0542,0.0624,0.4124,0.0624,1.0517,1.0821,1.575171,0.3433,0.000376,0.94065,0.20765000000000003,0.00383,0.05745,1.06386,0.06619,0.05503,-0.19357,0.35373,1.5672557,0.29893000000000003,0.07575757575757576,0.06060606060606061,0.0,0.0,0.8636363636363636
276,126,67,0.1949,0.2049,0.0,0.0053,5,4,0,0,58,-0.1849,0.0933,0.0538,0.0615,0.3477,0.0861,1.0486,1.0784,1.652925,0.335,0.000376,0.94072,0.20516,0.0037000000000000006,0.05663,1.06111,0.06876,0.059129999999999995,-0.19737,0.36002,1.5804363000000001,0.30542,0.07462686567164178,0.05970149253731343,0.0,0.0,0.8656716417910447
277,125,68,0.2026,0.205,0.0039,0.0052,7,6,1,0,54,-0.2066,0.0789,0.0534,0.0607,0.3798,0.0375,1.0467,1.0748,1.637087,0.313,0.000375,0.9408,0.2062,0.0034000000000000002,0.05588,1.05846,0.07065,0.05861999999999999,-0.19754999999999998,0.36350000000000005,1.5870517999999998,0.30972999999999995,0.10294117647058823,0.08823529411764706,0.014705882352941176,0.0,0.7941176470588235
278,122,70,0.2177,0.2061,0.0065,0.005,10,8,2,0,50,-0.1235,0.0736,0.0529,0.0599,0.2152,0.0503,1.0439,1.0714,1.572947,0.2321,0.000375,0.94087,0.20642,0.00381,0.055200000000000006,1.05573,0.07123,0.057409999999999996,-0.19415,0.35607,1.5848214,0.30527,0.14285714285714285,0.11428571428571428,0.02857142857142857,0.0,0.7142857142857143
279,126,67,0.19,0.2046,-0.0001,0.0045,3,3,0,0,61,-0.2367,0.0859,0.0526,0.0591,0.4451,0.075,1.041,1.0681,1.661947,0.3718,0.000374,0.94095,0.20543999999999998,0.00294,0.054610000000000006,1.0529899999999999,0.07236000000000001,0.05781000000000001,-0.19663999999999998,0.36547,1.5926234,0.31334,0.04477611940298507,0.04477611940298507,0.0,0.0,0.9104477611940298
280,126,66,0.2278,0.2065,0.0028,0.0042,7,5,1,0,53,-0.0896,0.0694,0.0524,0.0583,0.1711,0.0452,1.0391,1.065,1.653619,0.2212,0.000374,0.94102,0.20812,0.0028799999999999997,0.054110000000000005,1.05043,0.07329,0.06006999999999999,-0.19146000000000002,0.35599,1.5998953,0.31099,0.10606060606060606,0.07575757575757576,0.015151515151515152,0.0,0.803030303030303
281,125,69,0.1915,0.2047,0.0035,0.0037,6,6,0,0,57,-0.1391,0.0662,0.0523,0.0576,0.252,0.0403,1.0369,1.062,1.578169,0.2449,0.000373,0.9411,0.20518999999999998,0.00242,0.053700000000000005,1.04794,0.07355,0.05664999999999999,-0.18483999999999998,0.34592,1.6011988,0.30603,0.08695652173913043,0.08695652173913043,0.0,0.0,0.8260869565217391
282,126,66,0.2168,0.2062,0.0011,0.0034,5,4,0,0,57,-0.2028,0.08,0.052,0.0569,0.3871,0.0832,1.0346,1.0591,1.504566,0.341,0.000373,0.94117,0.20796,0.00217,0.05333,1.04543,0.07605999999999999,0.059750000000000004,-0.18961999999999998,0.35613,1.5945890999999999,0.31395,0.07575757575757576,0.06060606060606061,0.0,0.0,0.8636363636363636
283,125,67,0.2026,0.2067,0.0036,0.0035,7,6,0,0,54,-0.1555,0.0557,0.0518,0.0562,0.29,0.0366,1.0328,1.0563,1.578458,0.2594,0.000373,0.94125,0.20543999999999998,0.0025099999999999996,0.053000000000000005,1.0429799999999998,0.07289,0.054599999999999996,-0.17712999999999998,0.33078,1.6029711000000002,0.29735,0.1044776119402985,0.08955223880597014,0.0,0.0,0.8059701492537313
284,126,66,0.1949,0.2057,0.0011,0.0034,5,4,0,0,57,-0.1532,0.064,0.0514,0.0555,0.2925,0.0424,1.0312,1.0537,1.612491,0.273,0.000372,0.94132,0.20556000000000002,0.0023799999999999997,0.05267999999999999,1.0406499999999999,0.07414000000000001,0.05589999999999999,-0.17079,0.31929,1.602738,0.29347,0.07575757575757576,0.06060606060606061,0.0,0.0,0.8636363636363636
285,125,67,0.2216,0.2068,0.0024,0.0032,5,5,0,0,57,-0.2843,0.0662,0.0512,0.0549,0.5305,0.0799,1.0306,1.0512,1.660853,0.402,0.000372,0.9414,0.20604,0.00248,0.05238,1.0385399999999998,0.07332,0.05764999999999999,-0.17762,0.3311,1.6113062,0.29934,0.07462686567164178,0.07462686567164178,0.0,0.0,0.8507462686567164
286,127,65,0.1885,0.2053,-0.0,0.0031,3,3,0,0,59,-0.3822,0.0943,0.0512,0.0544,0.7467,0.035,1.0297,1.0489,1.639385,0.5109,0.000371,0.94147,0.20539999999999997,0.00248,0.05212,1.0366499999999998,0.07342,0.052539999999999996,-0.19735,0.37100000000000005,1.6099522,0.31693,0.046153846153846156,0.046153846153846156,0.0,0.0,0.9076923076923077
287,123,70,0.2272,0.207,0.0071,0.0031,9,9,0,0,52,-0.2584,0.0772,0.0511,0.0539,0.4541,0.0655,1.0292,1.0467,1.571203,0.3454,0.000371,0.94155,0.20786,0.0028,0.051890000000000006,1.0349,0.07325,0.05534,-0.20253000000000002,0.37843,1.6033638,0.32017,0.12857142857142856,0.12857142857142856,0.0,0.0,0.7428571428571429
288,126,68,0.19,0.2057,0.0036,0.0032,6,6,0,0,56,-0.1392,0.0702,0.051,0.0534,0.2578,0.0263,1.0291,1.0446,1.591555,0.2463,0.00037,0.94162,0.20509,0.00251,0.0517,1.03342,0.07291,0.05294,-0.2041,0.38269000000000003,1.6052246000000001,0.32159000000000004,0.08823529411764706,0.08823529411764706,0.0,0.0,0.8235294117647058
289,125,66,0.2075,0.2061,0.0012,0.0028,4,4,0,0,58,-0.1281,0.0655,0.0507,0.053,0.2425,0.0503,1.028,1.0426,1.629009,0.2537,0.00037,0.9417,0.20684,0.00264,0.05151,1.03212,0.07087,0.05047,-0.19324,0.36243,1.6019307999999999,0.30978,0.06060606060606061,0.06060606060606061,0.0,0.0,0.8787878787878788
290,125,68,0.2106,0.2066,0.0036,0.0028,6,6,0,0,56,-0.1138,0.0619,0.0503,0.0527,0.2092,0.0572,1.0267,1.0407,1.621731,0.2358,0.000369,0.94177,0.20512000000000002,0.0027199999999999998,0.0513,1.03088,0.07011999999999999,0.051669999999999994,-0.19566,0.36624,1.5987419999999999,0.31124,0.08823529411764706,0.08823529411764706,0.0,0.0,0.8235294117647058
291,125,67,0.1995,0.2055,0.0028,0.0025,6,5,1,0,55,-0.1965,0.0683,0.0498,0.0524,0.3666,0.0374,1.025,1.0388,1.575317,0.3015,0.000369,0.94185,0.20592000000000002,0.00265,0.05105,1.02969,0.07033,0.05138,-0.20139999999999997,0.37770000000000004,1.5984568,0.3169,0.08955223880597014,0.07462686567164178,0.014925373134328358,0.0,0.8208955223880597
292,124,69,0.2185,0.207,0.0047,0.0026,7,7,0,0,55,-0.1843,0.0756,0.0494,0.052,0.3311,0.0644,1.0243,1.037,1.587891,0.296,0.000368,0.94192,0.20609000000000002,0.00301,0.05079,1.02866,0.06989,0.0495,-0.19955,0.3721,1.6067892999999998,0.3124,0.10144927536231885,0.10144927536231885,0.0,0.0,0.7971014492753623
293,127,66,0.1885,0.2051,-0.0001,0.0026,3,3,0,0,60,-0.1577,0.0743,0.0492,0.0518,0.3034,0.0715,1.0232,1.0353,1.639536,0.3004,0.000368,0.942,0.20468000000000003,0.00264,0.05053,1.0277,0.07175000000000001,0.05299,-0.19977,0.37344,1.6128971,0.3165,0.045454545454545456,0.045454545454545456,0.0,0.0,0.9090909090909091
294,126,65,0.2308,0.2069,-0.0,0.0025,3,3,0,0,59,-0.1378,0.0736,0.049,0.0515,0.2671,0.0731,1.0227,1.0338,1.663258,0.2856,0.000368,0.94207,0.20827,0.00253,0.05029,1.02685,0.07271,0.05606,-0.19823,0.3709,1.6179738000000001,0.31776,0.046153846153846156,0.046153846153846156,0.0,0.0,0.9076923076923077
295,127,66,0.1915,0.2056,0.0002,0.0024,4,3,0,0,59,-0.2513,0.0796,0.0488,0.0512,0.4835,0.058,1.0222,1.0323,1.630563,0.3824,0.000367,0.94215,0.20526,0.0023100000000000004,0.05005,1.0260099999999999,0.07405,0.053869999999999994,-0.19493,0.36619999999999997,1.6149448,0.31579999999999997,0.06060606060606061,0.045454545454545456,0.0,0.0,0.8939393939393939
296,127,63,0.2072,0.2063,-0.0016,0.0023,1,2,0,0,60,-0.1048,0.0683,0.0484,0.0509,0.2114,0.0493,1.0206,1.0309,1.617453,0.246,0.000367,0.94222,0.20712999999999998,0.00215,0.04977,1.0251,0.07145,0.055299999999999995,-0.16719,0.31267,1.6127516,0.28931,0.015873015873015872,0.031746031746031744,0.0,0.0,0.9523809523809523
297,127,66,0.2079,0.2065,-0.0014,0.002,2,2,0,0,62,-0.1446,0.0699,0.048,0.0507,0.2783,0.0761,1.0185,1.0295,1.592919,0.2861,0.000366,0.9423,0.2052,0.0013,0.04946,1.02403,0.07072,0.05636,-0.15581,0.29508999999999996,1.6149232000000002,0.28338,0.030303030303030304,0.030303030303030304,0.0,0.0,0.9393939393939394
298,127,65,0.2024,0.2058,-0.0027,0.0016,1,1,0,0,63,-0.2201,0.0608,0.0478,0.0504,0.4301,0.0871,1.0177,1.0282,1.591214,0.3633,0.000366,0.94237,0.20644,0.00067,0.04914,1.0228899999999999,0.06978,0.06244000000000001,-0.1639,0.31232,1.6148890999999999,0.29508,0.015384615384615385,0.015384615384615385,0.0,0.0,0.9692307692307692
299,127,62,0.2121,0.2069,-0.0012,0.0015,2,2,0,0,58,-0.1015,0.0763,0.0478,0.0502,0.2078,0.0597,1.0181,1.027,1.610916,0.2547,0.000365,0.94245,0.2069,0.0004300000000000001,0.048850000000000005,1.0219,0.07086,0.06338,-0.16124,0.30885,1.6130798,0.29518,0.03225806451612903,0.03225806451612903,0.0,0.0,0.9354838709677419
300,127,67,0.1994,0.2054,0.0011,0.0015,4,4,0,0,59,-0.154,0.0737,0.0479,0.0499,0.292,0.056,1.0179,1.0259,1.586339,0.2819,0.000365,0.94252,0.20578000000000002,0.0001800000000000001,0.04861,1.02102,0.07204,0.06326,-0.16526000000000002,0.31713,1.6095406,0.29979000000000006,0.05970149253731343,0.05970149253731343,0.0,0.0,0.8805970149253731
301,125,67,0.2216,0.207,0.0016,0.0014,5,4,0,0,58,-0.2162,0.064,0.0481,0.0497,0.4034,0.1111,1.0185,1.025,1.619709,0.3555,0.000364,0.9426,0.20798999999999998,6.000000000000009e-05,0.04844,1.02037,0.07161000000000001,0.07063,-0.16723000000000002,0.32081,1.6139797999999999,0.30518999999999996,0.07462686567164178,0.05970149253731343,0.0,0.0,0.8656716417910447
302,126,66,0.19,0.2056,0.0022,0.0014,4,5,0,0,57,-0.3272,0.0866,0.0483,0.0496,0.6247,0.0395,1.019,1.0242,1.633386,0.442,0.000364,0.94267,0.20514000000000002,-0.00018999999999999993,0.04833,1.0198399999999999,0.07271000000000001,0.06814,-0.18152,0.35017,1.6185293,0.31979,0.06060606060606061,0.07575757575757576,0.0,0.0,0.8636363636363636
303,126,67,0.2168,0.2063,0.0005,0.0013,5,3,2,0,57,-0.1442,0.0754,0.0485,0.0494,0.2711,0.0794,1.0193,1.0236,1.538202,0.281,0.000364,0.94275,0.20797,-0.00012999999999999993,0.048260000000000004,1.0194500000000002,0.07282,0.06893,-0.18017,0.34693999999999997,1.6083959,0.31784999999999997,0.07462686567164178,0.04477611940298507,0.029850746268656716,0.0,0.8507462686567164
304,124,68,0.195,0.2063,0.003,0.0014,7,5,2,0,54,-0.1139,0.0828,0.0488,0.0493,0.2077,0.0549,1.02,1.023,1.536046,0.2392,0.000363,0.94282,0.20439,0.00017000000000000007,0.04824,1.01918,0.07374,0.06711,-0.17778,0.34099999999999997,1.5956747,0.31321000000000004,0.10294117647058823,0.07352941176470588,0.029411764705882353,0.0,0.7941176470588235
305,125,67,0.1995,0.2052,0.0011,0.0013,4,4,0,0,59,-0.1475,0.0813,0.049,0.0492,0.2753,0.0745,1.02,1.0225,1.612313,0.2861,0.000363,0.9429,0.20518999999999998,0.0002600000000000001,0.04826,1.01896,0.07391,0.06876,-0.16740000000000002,0.32018,1.5938497000000003,0.30358,0.05970149253731343,0.05970149253731343,0.0,0.0,0.8805970149253731
306,128,63,0.2164,0.2066,-0.0041,0.0011,1,0,0,0,62,-0.1232,0.0648,0.0492,0.0491,0.2503,0.0749,1.0201,1.022,0.0,0.1967,0.000362,0.94297,0.20611000000000002,1.0000000000000026e-05,0.04834,1.01891,0.07355999999999999,0.07132,-0.16924,0.32406999999999997,1.4321044,0.29865,0.015873015873015872,0.0,0.0,0.0,0.9841269841269841
307,126,66,0.1979,0.2052,0.0025,0.0009,5,5,0,0,56,-0.1938,0.0788,0.0494,0.049,0.3699,0.0543,1.0202,1.0215,1.554701,0.3202,0.000362,0.94305,0.20511,0.0004,0.04848,1.01908,0.07444999999999999,0.06914000000000001,-0.17416,0.33323,1.4282826,0.30206,0.07575757575757576,0.07575757575757576,0.0,0.0,0.8484848484848485
308,128,64,0.2223,0.2068,-0.0027,0.0005,1,1,0,0,62,-0.2988,0.0676,0.0494,0.0489,0.5976,0.0709,1.0197,1.0211,1.575665,0.4466,0.000361,0.94312,0.2071,0.0004,0.04864,1.01928,0.07513,0.06752,-0.18203,0.34998,1.4267277,0.31039000000000005,0.015625,0.015625,0.0,0.0,0.96875
309,126,66,0.1876,0.2058,-0.0014,0.0004,2,2,0,0,62,-0.2902,0.0906,0.0495,0.0488,0.5541,0.0661,1.0194,1.0206,1.542835,0.4191,0.000361,0.9432,0.20465,0.00038,0.04881,1.01941,0.07655999999999999,0.06816,-0.2009,0.38461,1.4199196,0.32683,0.030303030303030304,0.030303030303030304,0.0,0.0,0.9393939393939394
310,128,63,0.2242,0.2065,-0.0013,0.0002,2,2,0,0,59,-0.1943,0.087,0.0498,0.0488,0.3948,0.0715,1.0197,1.0203,1.619981,0.3605,0.00036,0.94327,0.20712999999999998,0.00014000000000000004,0.049,1.01959,0.07788999999999999,0.06971000000000001,-0.20493,0.39489,1.4232838,0.33469,0.031746031746031744,0.031746031746031744,0.0,0.0,0.9365079365079365
311,128,64,0.187,0.2058,-0.004,-0.0002,0,0,0,0,64,-0.0948,0.0627,0.0501,0.0488,0.1896,0.0511,1.0196,1.02,0.0,0.1515,0.00036,0.94335,0.20367000000000002,-0.00041999999999999996,0.0492,1.0197,0.07776,0.06371,-0.19279,0.37351,1.2613129,0.31429,0.0,0.0,0.0,0.0,1.0
312,127,65,0.2102,0.2054,-0.0,-0.0004,3,3,0,0,59,-0.1165,0.0543,0.0502,0.0489,0.2276,0.0423,1.0198,1.0198,1.550983,0.2368,0.000359,0.94342,0.20569,-0.0006399999999999999,0.04939,1.0197800000000001,0.07453000000000001,0.06399,-0.17171999999999998,0.3338,1.2530725999999999,0.29377,0.046153846153846156,0.046153846153846156,0.0,0.0,0.9076923076923077
313,125,67,0.2044,0.2062,0.0015,-0.0003,5,4,1,0,57,-0.1836,0.0641,0.0501,0.0489,0.3426,0.0505,1.0196,1.0196,1.51426,0.2918,0.000359,0.9435,0.20444999999999997,-0.00054,0.04955,1.01981,0.07339999999999999,0.0611,-0.17565999999999998,0.34095,1.2506784,0.29484999999999995,0.07462686567164178,0.05970149253731343,0.014925373134328358,0.0,0.8507462686567164
314,126,67,0.1979,0.2046,0.0005,-0.0003,5,4,1,0,57,-0.1511,0.0738,0.05,0.049,0.2841,0.0534,1.02,1.0195,1.568348,0.2749,0.000359,0.94357,0.20474,-0.0007900000000000001,0.049670000000000006,1.01981,0.07250000000000001,0.060950000000000004,-0.17938,0.34859,1.2539086,0.29842,0.07462686567164178,0.05970149253731343,0.014925373134328358,0.0,0.8507462686567164
315,125,66,0.2185,0.2059,0.0011,-0.0003,5,4,0,0,57,-0.1502,0.0658,0.0498,0.049,0.2844,0.074,1.0195,1.0194,1.539388,0.2809,0.000358,0.94365,0.20664000000000002,-0.0007899999999999999,0.04975,1.0197600000000002,0.07095,0.060899999999999996,-0.17965,0.34950000000000003,1.2466161000000002,0.2979,0.07575757575757576,0.06060606060606061,0.0,0.0,0.8636363636363636
316,128,64,0.19,0.2051,-0.0027,-0.0003,1,1,0,0,62,0.0007,0.0539,0.0496,0.0491,-0.0013,0.0352,1.0191,1.0193,1.669518,0.1271,0.000358,0.94372,0.20400000000000001,-0.00065,0.04979,1.0196600000000002,0.06986,0.05693,-0.16726,0.32433999999999996,1.4135678999999999,0.29094,0.015625,0.015625,0.0,0.0,0.96875
317,127,65,0.226,0.206,-0.0,-0.0002,3,3,0,0,59,-0.1043,0.0686,0.0491,0.0491,0.2037,0.0622,1.0177,1.0192,1.615024,0.2454,0.000357,0.9438,0.20681,-0.0009,0.04976,1.0194100000000001,0.06884,0.05772000000000001,-0.15831,0.30772,1.4196002,0.28346,0.046153846153846156,0.046153846153846156,0.0,0.0,0.9076923076923077
318,125,67,0.1915,0.2054,0.0004,-0.0001,6,3,2,0,56,-0.1902,0.0669,0.0489,0.0492,0.3548,0.0368,1.0172,1.0192,1.625188,0.2976,0.000357,0.94387,0.20373000000000002,-0.00059,0.04971,1.01916,0.06877000000000001,0.05430999999999999,-0.14745,0.28344,1.4245525,0.26856,0.08955223880597014,0.04477611940298507,0.029850746268656716,0.0,0.835820895522388
319,127,65,0.2079,0.2052,-0.001,-0.0001,3,2,1,0,59,-0.1113,0.0687,0.0486,0.0492,0.2174,0.0463,1.0166,1.0191,1.592446,0.2431,0.000356,0.94395,0.20576,-0.0005499999999999999,0.04962,1.01888,0.06658,0.05233,-0.12956,0.24977,1.4295136000000002,0.25095999999999996,0.046153846153846156,0.03076923076923077,0.015384615384615385,0.0,0.9076923076923077
320,126,66,0.2058,0.2055,-0.0001,-0.0001,3,3,0,0,60,-0.1478,0.0641,0.0487,0.0493,0.2823,0.0578,1.0159,1.019,1.630364,0.2767,0.000356,0.94402,0.20392000000000002,-0.00043,0.04951,1.0185,0.06428999999999999,0.050960000000000005,-0.12491000000000001,0.23852,1.4305519,0.24257999999999996,0.045454545454545456,0.045454545454545456,0.0,0.0,0.9090909090909091
321,126,66,0.1979,0.2044,0.0012,-0.0002,4,4,0,0,58,-0.1668,0.0696,0.0487,0.0493,0.3184,0.0524,1.0157,1.0189,1.639964,0.2944,0.000355,0.9441,0.20501,8.999999999999999e-05,0.049370000000000004,1.01811,0.06498,0.05109,-0.13211,0.2514,1.5945483,0.25687,0.06060606060606061,0.06060606060606061,0.0,0.0,0.8787878787878788
322,126,66,0.2168,0.2057,0.001,-0.0002,6,4,0,0,56,-0.1837,0.0804,0.0486,0.0493,0.3507,0.0891,1.0154,1.0187,1.588426,0.331,0.000355,0.94417,0.20567000000000002,0.00019,0.04921,1.01767,0.06759,0.05577,-0.13883,0.26371,1.5982926000000002,0.26629,0.09090909090909091,0.06060606060606061,0.0,0.0,0.8484848484848485
323,127,65,0.1885,0.2043,-0.0027,-0.0004,1,1,0,0,63,-0.1585,0.086,0.0489,0.0493,0.3096,0.0643,1.0155,1.0185,1.556877,0.304,0.000355,0.94425,0.20407999999999998,-0.00023,0.04909,1.0172599999999998,0.06978,0.05715,-0.13632,0.26041000000000003,1.6025543,0.26751,0.015384615384615385,0.015384615384615385,0.0,0.0,0.9692307692307692
324,126,65,0.2308,0.2061,0.0015,-0.0004,4,4,0,0,57,-0.2172,0.0877,0.0492,0.0493,0.4211,0.1046,1.0156,1.0183,1.614531,0.3805,0.000354,0.94432,0.20737,-0.00013,0.04901,1.01682,0.07116999999999998,0.062270000000000006,-0.14293,0.27411,1.6071726000000002,0.27807,0.06153846153846154,0.06153846153846154,0.0,0.0,0.8769230769230769
325,125,68,0.1885,0.2055,0.0036,-0.0003,6,6,0,0,56,-0.1264,0.0664,0.0496,0.0494,0.2324,0.0456,1.0156,1.0181,1.601284,0.2418,0.000354,0.9444,0.20437000000000002,0.00011999999999999996,0.04899,1.01643,0.07122999999999999,0.05943,-0.14055,0.26891,1.6133621999999999,0.27416,0.08823529411764706,0.08823529411764706,0.0,0.0,0.8235294117647058
326,126,67,0.2102,0.2052,0.0018,-0.0,6,4,2,0,55,-0.1402,0.0842,0.05,0.0494,0.2636,0.0582,1.0161,1.0179,1.560065,0.2725,0.000353,0.94447,0.20639000000000002,0.00057,0.04903,1.01613,0.07426,0.06172999999999999,-0.15464000000000003,0.2954,1.6024169000000001,0.2887,0.08955223880597014,0.05970149253731343,0.029850746268656716,0.0,0.8208955223880597
327,125,67,0.2106,0.2058,0.0002,-0.0001,4,3,1,0,59,-0.0474,0.0559,0.0506,0.0495,0.0885,0.0562,1.0158,1.0177,1.533384,0.1736,0.000353,0.94455,0.20484999999999998,0.00059,0.04918,1.01594,0.07299,0.061130000000000004,-0.14895,0.28388,1.5942529,0.28152,0.05970149253731343,0.04477611940298507,0.014925373134328358,0.0,0.8805970149253731
328,124,68,0.195,0.2045,0.0038,0.0002,8,6,1,0,53,-0.1299,0.0892,0.0511,0.0496,0.2369,0.0917,1.0148,1.0174,1.619374,0.2782,0.000352,0.94462,0.2052,0.0009299999999999999,0.0494,1.0157,0.07522,0.06662,-0.14292,0.27209,1.5936715,0.27958,0.11764705882352941,0.08823529411764706,0.014705882352941176,0.0,0.7794117647058824
329,127,67,0.2211,0.2061,0.0016,0.0003,8,4,2,0,53,-0.1711,0.0827,0.0513,0.0496,0.3243,0.0404,1.0131,1.0171,1.517055,0.2904,0.000352,0.9447,0.20651999999999998,0.00119,0.049670000000000006,1.0153500000000002,0.07662,0.06603,-0.14889999999999998,0.28278,1.5861323999999999,0.28431,0.11940298507462686,0.05970149253731343,0.029850746268656716,0.0,0.7910447761194029
330,123,71,0.1885,0.2044,0.0057,0.0007,8,8,0,0,55,-0.15,0.0736,0.0515,0.0497,0.2598,0.0798,1.0112,1.0167,1.564436,0.2646,0.000351,0.94477,0.20478999999999997,0.00177,0.04995,1.0148800000000002,0.07757,0.06823,-0.14912,0.28053,1.5795396,0.2831,0.11267605633802817,0.11267605633802817,0.0,0.0,0.7746478873239436
331,128,61,0.2302,0.2065,-0.0041,0.0007,1,0,0,0,60,-0.2328,0.0955,0.0514,0.0498,0.4885,0.081,1.0077,1.0161,0.0,0.3438,0.000351,0.94485,0.20802,0.0012400000000000002,0.05022,1.01408,0.08016000000000001,0.07109,-0.15572,0.29754,1.4155432,0.28803999999999996,0.01639344262295082,0.0,0.0,0.0,0.9836065573770492
332,126,68,0.187,0.2054,0.0014,0.0007,5,4,1,0,58,-0.1503,0.0877,0.0516,0.0499,0.2785,0.0621,1.0058,1.0154,1.575269,0.2817,0.00035,0.94492,0.20503999999999997,0.0012799999999999999,0.050519999999999995,1.01312,0.08088999999999999,0.06839,-0.15238000000000002,0.29032,1.4142275,0.28311,0.07352941176470588,0.058823529411764705,0.014705882352941176,0.0,0.8529411764705882
333,124,68,0.2098,0.2056,0.0049,0.0009,7,7,0,0,54,-0.1424,0.0862,0.0517,0.0499,0.2597,0.0475,1.0045,1.0146,1.599067,0.2639,0.00035,0.945,0.20717,0.00204,0.0508,1.0120200000000001,0.08091000000000001,0.06671,-0.15077,0.28533,1.4184465,0.2791,0.10294117647058823,0.10294117647058823,0.0,0.0,0.7941176470588235
334,127,66,0.2102,0.2062,-0.0014,0.0008,2,2,0,0,62,-0.1618,0.0699,0.0518,0.05,0.3114,0.0645,1.0027,1.0138,1.581117,0.2957,0.00035,0.94508,0.20511,0.0017499999999999998,0.051059999999999994,1.0107300000000001,0.07913,0.0627,-0.14523000000000003,0.27436,1.4151051000000001,0.27061999999999997,0.030303030303030304,0.030303030303030304,0.0,0.0,0.9393939393939394
335,124,69,0.2011,0.2054,0.0072,0.0011,9,9,0,0,51,-0.2286,0.0797,0.0518,0.0501,0.4109,0.0489,1.0001,1.0128,1.637577,0.3282,0.000349,0.94515,0.20637,0.00211,0.051280000000000006,1.0091800000000002,0.08046,0.06303,-0.15545,0.29220999999999997,1.4187344000000002,0.27926,0.13043478260869565,0.13043478260869565,0.0,0.0,0.7391304347826086
336,124,68,0.2173,0.2067,0.0049,0.0015,7,7,0,0,54,-0.1261,0.0778,0.0515,0.0502,0.2299,0.0651,0.996,1.0116,1.601768,0.2552,0.000349,0.94523,0.20708000000000001,0.00242,0.05143,1.00717,0.07982,0.06372,-0.15403999999999998,0.28884,1.4229047000000001,0.27753,0.10294117647058823,0.10294117647058823,0.0,0.0,0.7941176470588235
337,126,67,0.19,0.2049,0.0011,0.0016,4,4,0,0,59,-0.1399,0.0839,0.0516,0.0504,0.2632,0.0608,0.9941,1.0105,1.632151,0.277,0.000348,0.9453,0.20501999999999998,0.00251,0.05153,1.0050000000000001,0.08262,0.06417999999999999,-0.16329,0.30630999999999997,1.4327814,0.28787,0.05970149253731343,0.05970149253731343,0.0,0.0,0.8805970149253731
338,127,64,0.223,0.2065,-0.0001,0.0015,4,3,0,0,57,-0.1051,0.089,0.0516,0.0505,0.2086,0.0762,0.9929,1.0092,1.565994,0.2642,0.000348,0.94538,0.20782000000000003,0.00212,0.05158,1.0028099999999998,0.08259999999999999,0.06262999999999999,-0.16081,0.30348,1.4274434,0.28647,0.0625,0.046875,0.0,0.0,0.890625
339,125,68,0.1915,0.2057,0.0001,0.0016,4,3,1,0,60,-0.1519,0.0694,0.0519,0.0507,0.2792,0.0689,0.9919,1.008,1.5682,0.2747,0.000347,0.94545,0.20486,0.00197,0.05164,1.00069,0.08127,0.06548,-0.15889,0.29897,1.4325579,0.28490000000000004,0.058823529411764705,0.04411764705882353,0.014705882352941176,0.0,0.8823529411764706
340,127,64,0.2072,0.2058,0.0,0.0016,3,3,0,0,58,-0.1225,0.0822,0.0521,0.0508,0.243,0.0594,0.9911,1.0068,1.778167,0.2801,0.000347,0.94553,0.20673,0.0013999999999999998,0.0517,0.9986799999999999,0.08213,0.06344,-0.15614,0.29728999999999994,1.453931,0.28645,0.046875,0.046875,0.0,0.0,0.90625
341,125,67,0.2106,0.2064,0.0011,0.0016,4,4,0,0,59,-0.1893,0.0831,0.0523,0.051,0.3531,0.0771,0.9904,1.0055,1.556583,0.3216,0.000346,0.9456,0.20476999999999998,0.0019199999999999998,0.05179,0.99695,0.08089,0.06305000000000001,-0.15179,0.28375000000000006,1.6095893000000001,0.28423,0.05970149253731343,0.05970149253731343,0.0,0.0,0.8805970149253731
342,128,65,0.1991,0.2055,-0.0,0.0015,3,3,0,0,59,-0.0203,0.0771,0.0523,0.0512,0.0401,0.0524,0.9895,1.0042,1.580686,0.1633,0.000346,0.94568,0.20598,0.00178,0.05186,0.9953200000000001,0.07983,0.06208,-0.13879,0.25991,1.6101310000000002,0.27239,0.046153846153846156,0.046153846153846156,0.0,0.0,0.9076923076923077
343,125,67,0.2222,0.2072,0.0015,0.0017,5,4,1,0,57,-0.1163,0.0628,0.0523,0.0514,0.217,0.0751,0.9882,1.0029,1.540167,0.2465,0.000345,0.94575,0.20722000000000002,0.0014399999999999999,0.05192,0.99369,0.07748999999999999,0.06484,-0.13618000000000002,0.25564,1.604241,0.27065,0.07462686567164178,0.05970149253731343,0.014925373134328358,0.0,0.8507462686567164
344,126,66,0.19,0.2051,-0.0014,0.0016,2,2,0,0,62,-0.2131,0.0726,0.052,0.0515,0.4068,0.0892,0.9876,1.0015,1.674092,0.3581,0.000345,0.94583,0.2052,0.0014399999999999999,0.05194,0.99218,0.07776000000000001,0.06731000000000001,-0.14131,0.26518,1.6135385,0.27688999999999997,0.030303030303030304,0.030303030303030304,0.0,0.0,0.9393939393939394
345,127,65,0.226,0.207,0.003,0.0016,6,5,1,0,53,-0.1047,0.0811,0.0514,0.0516,0.2046,0.0543,0.9865,1.0,1.574221,0.2461,0.000345,0.9459,0.20769,0.00102,0.0519,0.9908199999999999,0.0779,0.06785000000000001,-0.12891999999999998,0.24455,1.6072029,0.26868,0.09230769230769231,0.07692307692307693,0.015384615384615385,0.0,0.8153846153846154
346,124,68,0.1869,0.2059,0.0027,0.0016,6,5,1,0,56,-0.1228,0.0768,0.0512,0.0516,0.2239,0.0442,0.9856,0.9985,1.539573,0.2384,0.000344,0.94598,0.20465,0.0008,0.051870000000000006,0.9897799999999999,0.07780000000000001,0.06576,-0.12859,0.24394999999999997,1.6009834,0.267,0.08823529411764706,0.07352941176470588,0.014705882352941176,0.0,0.8235294117647058
347,127,66,0.2181,0.2062,-0.0003,0.0016,5,3,0,0,58,-0.2091,0.0822,0.0509,0.0517,0.4023,0.0702,0.9856,0.997,1.530048,0.3457,0.000344,0.94605,0.20746000000000003,0.0006600000000000001,0.0518,0.9889300000000001,0.07763,0.06670000000000001,-0.13551,0.25786000000000003,1.5907731,0.27386999999999995,0.07575757575757576,0.045454545454545456,0.0,0.0,0.8787878787878788
348,126,65,0.201,0.2065,-0.0023,0.0013,2,1,1,0,61,-0.2355,0.0692,0.0511,0.0517,0.4565,0.0791,0.9873,0.9956,1.660085,0.378,0.000343,0.94613,0.20526,0.0004400000000000001,0.051750000000000004,0.9883700000000001,0.07565,0.06699000000000001,-0.14855000000000002,0.28264999999999996,1.6001822,0.28525,0.03076923076923077,0.015384615384615385,0.015384615384615385,0.0,0.9384615384615385
349,126,67,0.1986,0.2054,0.0028,0.0013,6,5,1,0,55,-0.1414,0.0805,0.0514,0.0517,0.2659,0.0432,0.9899,0.9944,1.538643,0.2631,0.000343,0.9462,0.20597,0.00071,0.0517,0.98817,0.07676,0.06442,-0.14750000000000002,0.28132,1.5972265,0.28409,0.08955223880597014,0.07462686567164178,0.014925373134328358,0.0,0.8208955223880597
350,125,67,0.2161,0.2068,0.0015,0.0011,5,4,1,0,57,-0.1151,0.0784,0.0517,0.0517,0.2148,0.0796,0.9919,0.9935,1.624907,0.2598,0.000342,0.94628,0.20686,0.00086,0.05166,0.9882500000000001,0.07638,0.06644000000000001,-0.14676,0.2785,1.5819005000000002,0.28206,0.07462686567164178,0.05970149253731343,0.014925373134328358,0.0,0.8507462686567164
351,128,64,0.19,0.2048,-0.0027,0.0012,1,1,0,0,62,-0.0378,0.0665,0.0523,0.0517,0.0757,0.0386,0.9943,0.9928,1.622591,0.1713,0.000342,0.94635,0.2048,0.00048000000000000007,0.051660000000000005,0.9886399999999999,0.07472,0.06259,-0.13161,0.25076,1.5885013000000001,0.26703,0.015625,0.015625,0.0,0.0,0.96875
352,123,70,0.2302,0.2069,0.0032,0.0013,8,7,1,0,54,-0.2362,0.0681,0.0526,0.0518,0.4151,0.1042,0.9956,0.9923,1.601937,0.3449,0.000341,0.94643,0.20790999999999998,0.0008,0.05169,0.98925,0.07382,0.06777,-0.1532,0.28826,1.5906264,0.28519,0.11428571428571428,0.1,0.014285714285714285,0.0,0.7714285714285715
353,125,68,0.1885,0.2059,0.003,0.0012,7,5,2,0,54,-0.1258,0.0783,0.0529,0.0518,0.2312,0.0565,0.9961,0.9919,1.577078,0.2515,0.000341,0.9465,0.20454,0.0009500000000000001,0.05175,0.9900400000000001,0.07537,0.06591,-0.15414999999999998,0.28968,1.5943175,0.28569,0.10294117647058823,0.07352941176470588,0.029411764705882353,0.0,0.7941176470588235
354,125,66,0.2092,0.2058,0.0029,0.0014,6,5,1,0,54,-0.1072,0.0769,0.053,0.0519,0.203,0.0471,0.9962,0.9915,1.574247,0.2363,0.000341,0.94658,0.20646,0.0013800000000000002,0.05184999999999999,0.9909000000000001,0.0758,0.0617,-0.14356,0.2693,1.5843330000000002,0.27351000000000003,0.09090909090909091,0.07575757575757576,0.015151515151515152,0.0,0.8181818181818182
355,125,68,0.1934,0.2054,0.0014,0.0011,5,4,1,0,58,-0.243,0.1252,0.0529,0.0519,0.4467,0.099,0.9965,0.9914,1.546628,0.3929,0.00034,0.94665,0.2032,0.0012200000000000002,0.052000000000000005,0.9919,0.08021,0.06616999999999999,-0.15739,0.29351000000000005,1.5815736999999999,0.28819,0.07352941176470588,0.058823529411764705,0.014705882352941176,0.0,0.8529411764705882
356,124,70,0.2048,0.2048,0.0062,0.0012,9,8,1,0,52,-0.3009,0.0919,0.0527,0.052,0.5331,0.0635,0.9963,0.9914,1.51836,0.3856,0.00034,0.94673,0.20499,0.0015699999999999998,0.052149999999999995,0.99297,0.08172,0.0681,-0.1752,0.32443,1.5794524,0.30291,0.12857142857142856,0.11428571428571428,0.014285714285714285,0.0,0.7428571428571429
357,128,64,0.2164,0.2061,-0.0027,0.001,1,1,0,0,62,-0.1626,0.0829,0.0525,0.0521,0.3253,0.0928,0.9971,0.9915,1.538644,0.3272,0.000339,0.9468,0.20482,0.0013300000000000002,0.05231,0.9941199999999999,0.08179,0.07036,-0.17055,0.31673,1.580312,0.30106,0.015625,0.015625,0.0,0.0,0.96875
358,126,66,0.2022,0.2051,-0.0001,0.001,3,3,0,0,60,-0.1275,0.0581,0.0524,0.0521,0.2434,0.0613,0.9986,0.9918,1.538326,0.2523,0.000339,0.94688,0.20493999999999998,0.00155,0.05244,0.9952500000000001,0.08068,0.06858,-0.15975,0.29542,1.5681360999999998,0.28849,0.045454545454545456,0.045454545454545456,0.0,0.0,0.9090909090909091
359,125,66,0.2186,0.2065,0.0051,0.0012,7,7,0,0,52,-0.1921,0.0722,0.0519,0.0521,0.3639,0.068,1.0003,0.9922,1.547977,0.3191,0.000338,0.94695,0.20693999999999999,0.00178,0.05249,0.9962899999999999,0.07985,0.07106000000000001,-0.16482,0.30522,1.5690695,0.29409,0.10606060606060606,0.10606060606060606,0.0,0.0,0.7878787878787878
360,124,71,0.19,0.2056,0.005,0.0015,7,7,0,1,56,-0.1705,0.072,0.0515,0.0521,0.2978,0.0349,1.0014,0.9928,1.576206,0.2594,0.000338,0.94703,0.20432999999999998,0.0021300000000000004,0.052469999999999996,0.99724,0.07921,0.06659,-0.17036,0.31352,1.5641994000000001,0.29405000000000003,0.09859154929577464,0.09859154929577464,0.0,0.014084507042253521,0.7887323943661971
361,125,67,0.2075,0.2054,0.0023,0.0015,6,5,0,0,56,-0.1664,0.0831,0.0509,0.052,0.3105,0.0538,1.002,0.9933,1.544298,0.2896,0.000337,0.9471,0.20607999999999999,0.00263,0.05233,0.9980100000000001,0.08087,0.06811,-0.18322,0.337,1.5563701,0.30588000000000004,0.08955223880597014,0.07462686567164178,0.0,0.0,0.835820895522388
362,124,69,0.2092,0.206,0.0027,0.0017,8,6,1,0,54,-0.1675,0.0847,0.0502,0.0519,0.301,0.0956,1.0022,0.994,1.625919,0.3047,0.000337,0.94718,0.20398,0.0025800000000000003,0.052090000000000004,0.99867,0.08253,0.06725,-0.17634999999999998,0.32559,1.5587682999999999,0.30186,0.11594202898550725,0.08695652173913043,0.014492753623188406,0.0,0.782608695652174
363,124,70,0.2011,0.2049,0.0049,0.0019,8,7,1,0,54,-0.1863,0.0685,0.0495,0.0517,0.3299,0.0994,1.0014,0.9946,1.595621,0.3072,0.000336,0.94725,0.20524,0.00277,0.05175,0.9991999999999999,0.08155,0.07154,-0.1824,0.33546,1.5606225999999999,0.30743,0.11428571428571428,0.1,0.014285714285714285,0.0,0.7714285714285715
364,126,66,0.2138,0.2061,0.0029,0.0021,6,5,1,0,54,-0.1195,0.1064,0.0487,0.0516,0.2281,0.0821,1.0004,0.9953,1.652806,0.2853,0.000336,0.94733,0.2057,0.00277,0.05132,0.99962,0.08449999999999999,0.07504,-0.18363000000000002,0.33797,1.5684784999999999,0.31233,0.09090909090909091,0.07575757575757576,0.015151515151515152,0.0,0.8181818181818182
365,124,69,0.2042,0.205,0.0017,0.002,6,4,2,0,57,-0.2556,0.0545,0.0483,0.0514,0.4593,0.0706,1.0005,0.996,1.51806,0.342,0.000336,0.9474,0.20678000000000002,0.0028,0.050859999999999995,1.00002,0.07743,0.0722,-0.18489,0.33923,1.5656217,0.30724,0.08695652173913043,0.057971014492753624,0.028985507246376812,0.0,0.8260869565217391
366,126,64,0.2168,0.2065,-0.0017,0.0018,4,2,2,0,56,-0.1816,0.0772,0.0477,0.0513,0.3575,0.0905,1.0009,0.9967,1.54404,0.3368,0.000335,0.94748,0.20798,0.00201,0.05036,1.00048,0.07596,0.0749,-0.17296,0.32167,1.5681897,0.30236,0.0625,0.03125,0.03125,0.0,0.875
367,125,70,0.1885,0.205,0.003,0.002,6,5,1,1,57,-0.1837,0.0922,0.0471,0.0511,0.328,0.0734,0.9995,0.9974,1.638168,0.3088,0.000335,0.94755,0.20518999999999998,0.00258,0.04982,1.00072,0.07688999999999999,0.07296,-0.17507,0.32194,1.5781421,0.30052,0.08571428571428572,0.07142857142857142,0.014285714285714285,0.014285714285714285,0.8142857142857143
368,121,72,0.2112,0.2055,0.0115,0.0026,13,13,0,0,46,-0.1758,0.0835,0.0462,0.0508,0.2954,0.0887,0.9979,0.998,1.564807,0.2838,0.000334,0.94763,0.20608999999999997,0.0037400000000000003,0.0492,1.0006499999999998,0.07942999999999999,0.0757,-0.1799,0.32714,1.5807902,0.30367,0.18055555555555555,0.18055555555555555,0.0,0.0,0.6388888888888888
369,126,68,0.2089,0.206,0.0029,0.0026,7,7,0,0,54,-0.0869,0.085,0.0456,0.0505,0.161,0.0611,0.9966,0.9983,1.641323,0.2291,0.000334,0.9477,0.20512000000000002,0.0035199999999999997,0.04857,1.00028,0.08071,0.07501000000000001,-0.16938,0.30684999999999996,1.5901248000000001,0.29467,0.10294117647058823,0.10294117647058823,0.0,0.0,0.7941176470588235
370,123,71,0.1997,0.2052,0.0048,0.0028,8,7,1,0,55,-0.1831,0.0829,0.0451,0.0502,0.3171,0.0776,0.9956,0.9985,1.598498,0.2941,0.000333,0.94778,0.20609000000000002,0.0035000000000000005,0.04793,0.9997,0.08180000000000001,0.07928,-0.17064,0.30877999999999994,1.5923539999999998,0.29813999999999996,0.11267605633802817,0.09859154929577464,0.014084507042253521,0.0,0.7746478873239436
371,125,66,0.2155,0.2065,0.0038,0.0031,6,6,0,0,54,-0.0985,0.1011,0.0446,0.0498,0.1865,0.0865,0.9947,0.9985,1.557237,0.2595,0.000333,0.94785,0.20689000000000002,0.0036499999999999996,0.047299999999999995,0.9989700000000001,0.0836,0.08255000000000001,-0.16385,0.29638,1.5936479000000001,0.29513,0.09090909090909091,0.09090909090909091,0.0,0.0,0.8181818181818182
372,125,69,0.1952,0.2047,0.0029,0.0031,7,5,2,0,55,-0.2351,0.0908,0.0444,0.0494,0.4258,0.0365,0.9949,0.9985,1.657408,0.3371,0.000332,0.94793,0.20549,0.0036699999999999997,0.04672,0.99824,0.08421,0.07664000000000001,-0.17061,0.30886,1.5967968000000001,0.29836999999999997,0.10144927536231885,0.07246376811594203,0.028985507246376812,0.0,0.7971014492753623
373,125,65,0.2235,0.2065,0.0007,0.003,5,3,1,0,56,-0.2103,0.0905,0.0442,0.049,0.4044,0.09,0.9947,0.9984,1.597644,0.364,0.000332,0.948,0.20773000000000003,0.0032500000000000003,0.046189999999999995,0.99757,0.08641,0.0757,-0.17301,0.31631,1.5969991000000001,0.30405000000000004,0.07692307692307693,0.046153846153846156,0.015384615384615385,0.0,0.8615384615384616
374,124,71,0.1869,0.2054,0.0057,0.0031,8,8,1,0,54,-0.2073,0.1025,0.0442,0.0485,0.3621,0.0996,0.9938,0.9983,1.537832,0.3325,0.000332,0.94808,0.20503999999999997,0.0035299999999999997,0.04574,0.99691,0.08602000000000001,0.07745,-0.18179,0.32971,1.5855017,0.30877000000000004,0.11267605633802817,0.11267605633802817,0.014084507042253521,0.0,0.7605633802816901
375,127,66,0.2102,0.2062,0.0012,0.0031,4,4,0,0,58,-0.1775,0.1032,0.0441,0.0481,0.3415,0.0776,0.9933,0.9981,1.614053,0.335,0.000331,0.94815,0.20564,0.0034799999999999996,0.04532,0.99619,0.09089,0.07815,-0.17398,0.31792999999999993,1.595101,0.30807,0.06060606060606061,0.06060606060606061,0.0,0.0,0.8787878787878788
376,125,66,0.2136,0.2067,0.0025,0.003,5,5,0,0,56,-0.2131,0.0947,0.044,0.0476,0.4036,0.0449,0.9924,0.9979,1.619238,0.3411,0.000331,0.94823,0.20532,0.0039,0.044950000000000004,0.9953399999999999,0.09264,0.07359,-0.17713,0.32253999999999994,1.6026208,0.3085,0.07575757575757576,0.07575757575757576,0.0,0.0,0.8484848484848485
377,125,68,0.1965,0.2057,0.0017,0.0032,6,4,2,0,56,-0.1418,0.0868,0.044,0.0472,0.2607,0.0475,0.9919,0.9977,1.616048,0.2667,0.00033,0.9483,0.20612,0.0037700000000000003,0.04464,0.99458,0.0921,0.071,-0.17294,0.31581000000000004,1.6004087999999999,0.30429000000000006,0.08823529411764706,0.058823529411764705,0.029411764705882353,0.0,0.8235294117647058
378,124,69,0.2203,0.2066,0.0037,0.0034,8,6,0,0,55,-0.2518,0.0771,0.0437,0.0468,0.4525,0.1238,0.991,0.9973,1.612839,0.3816,0.00033,0.94838,0.20703,0.00299,0.04439,0.99389,0.09146000000000001,0.07450999999999999,-0.18054,0.33152,1.6052119999999999,0.31406999999999996,0.11594202898550725,0.08695652173913043,0.0,0.0,0.7971014492753623
379,125,68,0.1885,0.2051,0.0019,0.0032,5,4,2,1,56,-0.215,0.0922,0.0435,0.0464,0.3953,0.0519,0.9904,0.9968,1.619781,0.3331,0.000329,0.94845,0.20499,0.0028899999999999998,0.044180000000000004,0.9932699999999999,0.09218,0.07359,-0.19335000000000002,0.35495,1.6030577999999998,0.32447,0.07352941176470588,0.058823529411764705,0.029411764705882353,0.014705882352941176,0.8235294117647058
380,126,66,0.2278,0.2069,0.0004,0.003,6,4,1,0,55,-0.1161,0.0853,0.0432,0.046,0.2216,0.084,0.9893,0.9962,1.617155,0.2709,0.000329,0.94853,0.20780000000000004,0.00245,0.04399,0.99264,0.09242,0.07422999999999999,-0.18665,0.34540000000000004,1.6049235,0.32215,0.09090909090909091,0.06060606060606061,0.015151515151515152,0.0,0.8333333333333334
381,125,67,0.1915,0.2061,0.0011,0.0029,4,4,0,0,59,-0.2413,0.0841,0.0431,0.0456,0.4502,0.0667,0.9879,0.9955,1.702764,0.3693,0.000328,0.9486,0.20540000000000003,0.00218,0.043840000000000004,0.99196,0.09072,0.07225,-0.20093,0.37177,1.6194762,0.33313000000000004,0.05970149253731343,0.05970149253731343,0.0,0.0,0.8805970149253731
382,125,68,0.2075,0.2061,0.0049,0.003,7,7,0,0,54,-0.162,0.0969,0.0428,0.0452,0.2977,0.0702,0.9862,0.9947,1.55623,0.297,0.000328,0.94868,0.20663,0.00238,0.043680000000000004,0.99109,0.09133,0.07561999999999999,-0.19362,0.35896,1.6093584,0.32912,0.10294117647058823,0.10294117647058823,0.0,0.0,0.7941176470588235
383,125,67,0.2112,0.2066,0.0011,0.0028,4,4,0,0,59,-0.1704,0.08,0.0425,0.0448,0.3179,0.1039,0.9846,0.9938,1.612844,0.32,0.000327,0.94875,0.20539999999999997,0.00242,0.04351,0.9900800000000001,0.09028,0.07701,-0.18963000000000002,0.35031,1.6108784,0.32472,0.05970149253731343,0.05970149253731343,0.0,0.0,0.8805970149253731
384,128,65,0.1978,0.2058,0.0003,0.0027,4,3,0,0,58,-0.1224,0.0807,0.0423,0.0445,0.241,0.0708,0.9835,0.993,1.570033,0.2727,0.000327,0.94883,0.20648999999999998,0.0018800000000000002,0.04332,0.98905,0.0881,0.07413,-0.18114,0.3382,1.6140984999999997,0.31873999999999997,0.06153846153846154,0.046153846153846156,0.0,0.0,0.8923076923076924
385,125,67,0.2155,0.2063,0.0024,0.0027,7,6,0,0,54,-0.1216,0.0833,0.0419,0.0442,0.2269,0.0874,0.9813,0.992,1.680827,0.2745,0.000327,0.9489,0.20701999999999998,0.002,0.0431,0.9878500000000001,0.08610999999999999,0.07511,-0.17555,0.32674000000000003,1.6207759,0.31269,0.1044776119402985,0.08955223880597014,0.0,0.0,0.8059701492537313
386,125,68,0.1965,0.2053,0.0027,0.003,6,5,1,0,56,-0.1642,0.0776,0.0415,0.0439,0.3019,0.0577,0.9778,0.9909,1.536656,0.282,0.000326,0.94898,0.20531000000000002,0.00202,0.04285,0.9863900000000001,0.0844,0.07639,-0.17065999999999998,0.31657,1.6125177000000002,0.30678,0.08823529411764706,0.07352941176470588,0.014705882352941176,0.0,0.8235294117647058
387,127,63,0.223,0.207,-0.0013,0.0027,2,2,0,0,59,-0.1348,0.0839,0.0408,0.0436,0.2717,0.0679,0.9737,0.9896,1.570605,0.2912,0.000326,0.94905,0.20796,0.0017200000000000004,0.04253,0.98457,0.08411,0.07843000000000001,-0.16996,0.31767,1.6079733999999999,0.30923,0.031746031746031744,0.031746031746031744,0.0,0.0,0.9365079365079365
388,126,67,0.19,0.206,-0.0001,0.0022,3,3,0,0,61,-0.1284,0.0763,0.0403,0.0433,0.2415,0.0614,0.9703,0.9882,1.550003,0.2593,0.000325,0.94913,0.20493,0.00134,0.04219,0.9824999999999999,0.08403,0.07219,-0.15762,0.29657,1.6016897999999997,0.29700000000000004,0.04477611940298507,0.04477611940298507,0.0,0.0,0.9104477611940298
389,126,65,0.2198,0.2065,-0.001,0.002,3,2,1,0,59,-0.0949,0.0697,0.0396,0.043,0.1841,0.0843,0.966,0.9867,1.711735,0.2515,0.000325,0.9492,0.20806,0.00105,0.0418,0.9800600000000002,0.08178,0.07543,-0.14561,0.27545000000000003,1.6108851999999998,0.28884000000000004,0.046153846153846156,0.03076923076923077,0.015384615384615385,0.0,0.9076923076923077
390,126,68,0.1979,0.2064,0.0036,0.0019,6,6,0,0,56,-0.1375,0.0904,0.039,0.0427,0.2548,0.0817,0.9625,0.985,1.57933,0.2822,0.000324,0.94928,0.20507,0.0013700000000000001,0.04138,0.9773800000000001,0.08229,0.0752,-0.14775,0.27877,1.6071027,0.28997,0.08823529411764706,0.08823529411764706,0.0,0.0,0.8235294117647058
391,124,69,0.2011,0.2057,0.005,0.002,8,8,0,0,53,-0.2206,0.0973,0.0383,0.0424,0.3964,0.079,0.9587,0.9832,1.612478,0.3444,0.000324,0.94935,0.20603000000000002,0.00176,0.040900000000000006,0.97446,0.08361,0.07643000000000001,-0.14567999999999998,0.27339,1.5980741,0.28748,0.11594202898550725,0.11594202898550725,0.0,0.0,0.7681159420289855
392,126,66,0.2168,0.2068,0.0011,0.0019,5,4,0,0,57,-0.1132,0.1042,0.0375,0.042,0.2161,0.0889,0.9536,0.9811,1.603515,0.2795,0.000323,0.94943,0.20695999999999998,0.00138,0.04037,0.9712,0.08434,0.07830000000000001,-0.14079999999999998,0.26522999999999997,1.6028026,0.28573,0.07575757575757576,0.06060606060606061,0.0,0.0,0.8636363636363636
393,126,67,0.1979,0.2055,0.0002,0.0019,4,3,1,0,59,-0.1186,0.0837,0.037,0.0417,0.223,0.084,0.9505,0.9789,1.628139,0.2695,0.000323,0.9495,0.20562999999999998,0.00129,0.03982,0.9677900000000002,0.08471,0.07631,-0.13562,0.25573999999999997,1.6043321,0.28068,0.05970149253731343,0.04477611940298507,0.014925373134328358,0.0,0.8805970149253731
394,127,63,0.2181,0.2071,-0.0012,0.0015,2,2,0,0,59,-0.1177,0.1065,0.0367,0.0413,0.2372,0.0976,0.9483,0.9767,1.656597,0.3043,0.000323,0.94958,0.20766,0.00114,0.03926,0.9642700000000002,0.08729,0.07899,-0.13515000000000002,0.25536,1.6129885000000002,0.28384,0.031746031746031744,0.031746031746031744,0.0,0.0,0.9365079365079365
395,126,66,0.19,0.2061,-0.0014,0.0014,2,2,0,0,62,-0.1351,0.0806,0.0365,0.0409,0.2578,0.0766,0.9462,0.9743,1.527909,0.2776,0.000322,0.94965,0.20511,0.00076,0.038720000000000004,0.96076,0.08702000000000001,0.07791000000000001,-0.1365,0.25844999999999996,1.5976966999999997,0.28415,0.030303030303030304,0.030303030303030304,0.0,0.0,0.9393939393939394
396,127,65,0.2211,0.2064,-0.0011,0.0012,4,2,1,0,58,-0.1773,0.0815,0.0362,0.0405,0.3464,0.0925,0.9438,0.9719,1.587614,0.3353,0.000322,0.94973,0.20756999999999998,0.00038,0.03819,0.9573599999999999,0.08741000000000002,0.08139,-0.13781000000000002,0.2629,1.6027925,0.28948,0.06153846153846154,0.03076923076923077,0.015384615384615385,0.0,0.8923076923076924
397,125,66,0.1965,0.2064,0.0025,0.0012,5,5,0,0,56,-0.2885,0.1297,0.036,0.0401,0.5464,0.0774,0.9406,0.9693,1.590178,0.4408,0.000321,0.9498,0.20492,0.00076,0.03771,0.9540500000000002,0.09198999999999999,0.08234,-0.15318,0.29036999999999996,1.6047498,0.30444,0.07575757575757576,0.07575757575757576,0.0,0.0,0.8484848484848485
398,127,68,0.1994,0.2054,0.0013,0.0011,6,4,1,0,57,-0.1643,0.0954,0.0356,0.0397,0.3068,0.0593,0.9367,0.9666,1.530198,0.2963,0.000321,0.94988,0.20586000000000002,0.0009000000000000001,0.03724,0.95069,0.09390000000000001,0.08213,-0.15677,0.29690000000000005,1.6027692999999998,0.30813999999999997,0.08823529411764706,0.058823529411764705,0.014705882352941176,0.0,0.8382352941176471
399,126,64,0.2198,0.207,-0.0013,0.001,2,2,0,0,60,-0.0921,0.0947,0.0352,0.0393,0.1814,0.0947,0.9324,0.9637,1.52831,0.2602,0.00032,0.94995,0.20586000000000002,0.0008699999999999999,0.0368,0.94733,0.0964,0.08317000000000001,-0.15649,0.29663,1.5844268000000001,0.30901,0.03125,0.03125,0.0,0.0,0.9375
400,128,64,0.1978,0.2055,-0.0027,0.0008,1,1,0,0,62,-0.1422,0.0883,0.0348,0.0389,0.2845,0.0663,0.9276,0.9606,1.689468,0.3039,0.00032,0.95003,0.20585,0.00024000000000000006,0.03638,0.94384,0.09619,0.08163000000000001,-0.15696,0.2996,1.5954406,0.31117999999999996,0.015625,0.015625,0.0,0.0,0.96875
401,128,62,0.22,0.2069,-0.0041,0.0005,1,0,0,0,61,-0.0861,0.1009,0.0345,0.0385,0.1778,0.0888,0.9228,0.9574,0.0,0.1864,0.000319,0.95011,0.20773999999999998,-0.0006699999999999999,0.036,0.94025,0.09655,0.08260999999999999,-0.14351,0.27774,1.4341928000000002,0.29538000000000003,0.016129032258064516,0.0,0.0,0.0,0.9838709677419355
402,127,65,0.1915,0.2061,-0.0027,0.0002,1,1,0,0,63,-0.2179,0.0902,0.0343,0.038,0.4258,0.0446,0.919,0.954,1.510499,0.3506,0.000319,0.95018,0.20520999999999998,-0.0010500000000000002,0.03568,0.9367899999999999,0.09515,0.07818,-0.15397999999999998,0.29871,1.4248912,0.30249000000000004,0.015384615384615385,0.015384615384615385,0.0,0.0,0.9692307692307692
403,128,64,0.2248,0.2068,-0.0027,-0.0,1,1,0,0,62,-0.1348,0.0996,0.0342,0.0376,0.2695,0.1203,0.9169,0.9506,1.509781,0.3201,0.000318,0.95026,0.20789999999999997,-0.0013400000000000003,0.0354,0.9334299999999999,0.09674,0.08181000000000001,-0.15560000000000002,0.30336,1.4130554,0.30755000000000005,0.015625,0.015625,0.0,0.0,0.96875
404,126,66,0.193,0.2065,-0.0002,-0.0,4,3,0,0,59,-0.2549,0.0937,0.0342,0.0372,0.4867,0.0734,0.9144,0.9472,1.581106,0.3942,0.000318,0.95033,0.20539000000000002,-0.0012400000000000002,0.03515,0.93004,0.09546,0.07939,-0.16932,0.32831,1.4055063,0.31654,0.06060606060606061,0.045454545454545456,0.0,0.0,0.8939393939393939
405,126,66,0.1979,0.2057,-0.0001,-0.0002,3,3,0,0,60,-0.2011,0.0862,0.0339,0.0368,0.3839,0.0947,0.9105,0.9436,1.534009,0.3498,0.000318,0.95041,0.20617999999999997,-0.0011100000000000003,0.03489,0.9264699999999999,0.09602,0.08120000000000001,-0.17592,0.34092,1.4061162999999999,0.32376,0.045454545454545456,0.045454545454545456,0.0,0.0,0.9090909090909091
406,124,68,0.2203,0.2068,0.0039,-0.0001,7,7,0,0,54,-0.1765,0.0871,0.0338,0.0364,0.3218,0.1352,0.9077,0.9401,1.555147,0.3341,0.000317,0.95048,0.2061,-0.0006100000000000001,0.03465,0.92286,0.09658000000000001,0.08547,-0.17584,0.33846,1.4028696,0.32364,0.10294117647058823,0.10294117647058823,0.0,0.0,0.7941176470588235
407,128,63,0.1978,0.2056,-0.0026,-0.0002,1,1,0,0,61,-0.1226,0.0801,0.0338,0.0361,0.249,0.0691,0.9063,0.9367,1.688735,0.2854,0.000317,0.95056,0.20623,-0.00112,0.03443,0.91943,0.09162000000000001,0.08464,-0.15925,0.30872,1.4127253,0.3081,0.015873015873015872,0.015873015873015872,0.0,0.0,0.9682539682539683
408,127,65,0.2151,0.2068,-0.0014,-0.0002,2,2,0,0,61,-0.1244,0.0788,0.0338,0.0357,0.2431,0.1002,0.9041,0.9334,1.658458,0.291,0.000316,0.95063,0.20779999999999998,-0.0013900000000000002,0.034249999999999996,0.9161700000000002,0.08996,0.08873,-0.15526,0.30235,1.4255513,0.30757,0.03076923076923077,0.03076923076923077,0.0,0.0,0.9384615384615385
409,127,66,0.1885,0.2053,-0.0001,-0.0002,3,3,0,0,60,-0.1592,0.0852,0.0338,0.0355,0.3064,0.0859,0.9026,0.9303,1.714769,0.3183,0.000316,0.95071,0.20467,-0.0012699999999999999,0.03411,0.91319,0.08901,0.08785,-0.16197,0.31484999999999996,1.4441972,0.31338,0.045454545454545456,0.045454545454545456,0.0,0.0,0.9090909090909091
410,125,65,0.2296,0.2069,0.0039,-0.0002,6,6,0,0,53,-0.1509,0.1016,0.0337,0.0352,0.2901,0.0632,0.9009,0.9272,1.577304,0.3004,0.000315,0.95078,0.20785,-0.0006100000000000001,0.034,0.91052,0.09034,0.08754,-0.16284,0.31540999999999997,1.4329808,0.31303000000000003,0.09230769230769231,0.09230769230769231,0.0,0.0,0.8153846153846154
411,126,68,0.19,0.2063,0.0023,-0.0003,5,5,0,0,58,-0.1014,0.0911,0.0338,0.035,0.1878,0.0371,0.8991,0.9242,1.538014,0.2273,0.000315,0.95086,0.20485000000000003,2.999999999999995e-05,0.03393,0.90815,0.08936,0.08237000000000001,-0.16437,0.31640999999999997,1.5867822,0.31711999999999996,0.07352941176470588,0.07352941176470588,0.0,0.0,0.8529411764705882
412,126,66,0.2089,0.2059,-0.0001,-0.0004,3,3,0,0,60,-0.1085,0.0796,0.0336,0.0348,0.2071,0.0501,0.8968,0.9214,1.578788,0.2423,0.000314,0.95093,0.20659,0.00029,0.03386,0.90593,0.0883,0.08292,-0.15343,0.29454,1.5936111,0.30629,0.045454545454545456,0.045454545454545456,0.0,0.0,0.9090909090909091
413,125,67,0.2112,0.2066,0.0029,-0.0002,7,5,1,0,54,-0.1134,0.0836,0.0333,0.0346,0.2116,0.0685,0.8943,0.9186,1.58951,0.2536,0.000314,0.95101,0.20522999999999997,0.0008500000000000001,0.03377,0.90367,0.0867,0.07774,-0.15129,0.28874999999999995,1.6015840000000001,0.29964,0.1044776119402985,0.07462686567164178,0.014925373134328358,0.0,0.8059701492537313
414,124,71,0.195,0.2054,0.0053,0.0001,8,7,1,1,54,-0.2011,0.1176,0.0331,0.0344,0.3512,0.0907,0.8909,0.9157,1.573907,0.3328,0.000314,0.95108,0.20543,0.0014,0.033659999999999995,0.9013199999999999,0.08909,0.07947,-0.14590999999999998,0.2752,1.6008641000000001,0.2935,0.11267605633802817,0.09859154929577464,0.014084507042253521,0.014084507042253521,0.7605633802816901
415,127,63,0.2211,0.207,-0.0013,0.0001,2,2,0,0,59,-0.1358,0.1055,0.0328,0.0342,0.2738,0.0713,0.8873,0.9127,1.614884,0.3069,0.000313,0.95116,0.20775000000000002,0.0012799999999999999,0.033549999999999996,0.899,0.09102,0.07713,-0.13938,0.26419,1.6089516,0.28921,0.031746031746031744,0.031746031746031744,0.0,0.0,0.9365079365079365
416,125,69,0.1995,0.2059,0.0035,0.0003,6,6,0,0,57,-0.1606,0.0871,0.0328,0.0341,0.2909,0.069,0.8852,0.9098,1.643592,0.2904,0.000313,0.95123,0.20567000000000002,0.00124,0.03345,0.8967500000000002,0.09101999999999999,0.07051,-0.13779,0.2611,1.6177961,0.28484,0.08695652173913043,0.08695652173913043,0.0,0.0,0.8260869565217391
417,128,61,0.2194,0.207,-0.004,-0.0,0,0,0,0,61,-0.1181,0.0927,0.0325,0.0339,0.2478,0.0633,0.882,0.9069,0.0,0.2076,0.000312,0.95131,0.20783000000000001,0.0010999999999999998,0.03332,0.8943200000000001,0.09228,0.06993,-0.13734,0.26098,1.4489226,0.27706,0.0,0.0,0.0,0.0,1.0
418,128,65,0.19,0.2066,-0.0027,-0.0002,1,1,0,0,63,-0.1619,0.0822,0.0323,0.0337,0.3189,0.0381,0.879,0.904,1.503917,0.2922,0.000312,0.95138,0.20532,0.00097,0.03317,0.8918099999999999,0.09262000000000001,0.06372,-0.14109,0.26856,1.4334685,0.27718000000000004,0.015384615384615385,0.015384615384615385,0.0,0.0,0.9692307692307692
419,124,69,0.2092,0.206,0.0035,0.0,6,6,0,0,57,-0.1314,0.0745,0.032,0.0336,0.2362,0.0788,0.8757,0.9012,1.592129,0.2609,0.000311,0.95146,0.20739000000000002,0.00133,0.032990000000000005,0.8891199999999999,0.09154999999999999,0.06301,-0.13831,0.26154,1.4212045,0.27144,0.08695652173913043,0.08695652173913043,0.0,0.0,0.8260869565217391
420,127,64,0.2072,0.2065,-0.0024,0.0001,2,2,0,0,60,-0.1116,0.0968,0.0317,0.0334,0.2214,0.0783,0.8727,0.8984,1.502967,0.2724,0.000311,0.95153,0.20515,0.0007,0.03279,0.8863,0.09107,0.06452,-0.13438,0.25467000000000006,1.4137708,0.26864000000000005,0.03125,0.03125,0.0,0.0,0.9375
421,128,65,0.1978,0.2054,-0.0027,0.0001,1,1,0,0,63,-0.1091,0.0923,0.0315,0.0333,0.2149,0.0922,0.8702,0.8958,1.501871,0.273,0.00031,0.95161,0.20593000000000003,0.0002000000000000001,0.03256,0.8834099999999999,0.09119,0.07003,-0.13515000000000002,0.25738,1.4101564999999998,0.27321,0.015384615384615385,0.015384615384615385,0.0,0.0,0.9692307692307692
422,124,67,0.2203,0.2068,0.005,0.0005,7,7,0,0,53,-0.1324,0.0902,0.0312,0.0331,0.245,0.094,0.8672,0.8932,1.533939,0.2813,0.00031,0.95168,0.20707,0.00071,0.03232,0.8804500000000001,0.09225,0.07442000000000001,-0.13754,0.26117,1.4056716,0.27711,0.1044776119402985,0.1044776119402985,0.0,0.0,0.7910447761194029
423,127,65,0.1964,0.2054,-0.0014,0.0006,2,2,0,0,61,-0.1499,0.1084,0.031,0.0329,0.2929,0.1139,0.864,0.8906,1.546895,0.3313,0.000309,0.95176,0.20559,0.00028000000000000003,0.032089999999999994,0.8774200000000001,0.09473,0.07896,-0.14119,0.2693,1.4014100999999999,0.28487999999999997,0.03076923076923077,0.03076923076923077,0.0,0.0,0.9384615384615385
424,127,63,0.218,0.2067,-0.0027,0.0004,2,1,0,0,60,-0.1041,0.1057,0.0308,0.0328,0.2098,0.0985,0.8609,0.8879,1.677857,0.2916,0.000309,0.95183,0.20789,-0.00052,0.03186,0.8744200000000001,0.09353999999999998,0.07974,-0.13149,0.25516,1.4118050999999998,0.28076,0.031746031746031744,0.015873015873015872,0.0,0.0,0.9523809523809523
425,126,67,0.19,0.2063,0.0011,0.0005,4,4,0,0,59,-0.1563,0.0946,0.0309,0.0326,0.2939,0.0646,0.8589,0.8853,1.566378,0.2954,0.000309,0.95191,0.20478000000000002,-0.00028,0.031670000000000004,0.87158,0.09245,0.07907,-0.13354,0.25717,1.4069544999999999,0.27961,0.05970149253731343,0.05970149253731343,0.0,0.0,0.8805970149253731
426,126,66,0.2059,0.2055,0.0012,0.0004,4,4,0,0,58,-0.1772,0.1294,0.0309,0.0325,0.3383,0.123,0.8563,0.8827,1.553232,0.3648,0.000308,0.95198,0.20542000000000002,-0.00051,0.03148,0.86869,0.09667999999999999,0.08447,-0.13520000000000001,0.26191,1.3979185,0.28704999999999997,0.06060606060606061,0.06060606060606061,0.0,0.0,0.8787878787878788
427,128,63,0.2116,0.2062,-0.0037,0.0003,1,1,0,0,61,-0.1015,0.1013,0.0311,0.0323,0.2063,0.0457,0.8558,0.8802,1.494103,0.2528,0.000308,0.95206,0.20464000000000002,-0.00048000000000000007,0.03134,0.86607,0.09753999999999999,0.08271,-0.13354,0.25776000000000004,1.5473288,0.29157,0.015873015873015872,0.015873015873015872,0.0,0.0,0.9682539682539683
428,127,65,0.1994,0.2054,-0.0027,0.0003,1,1,0,0,63,-0.1638,0.0968,0.0312,0.0322,0.3201,0.0677,0.8548,0.8777,1.780287,0.3274,0.000307,0.95213,0.20558,-0.00048000000000000007,0.03123,0.86365,0.099,0.08567,-0.13373,0.25788,1.5749657999999997,0.29508999999999996,0.015384615384615385,0.015384615384615385,0.0,0.0,0.9692307692307692
429,127,65,0.2181,0.2069,-0.0,0.0003,3,3,0,0,59,-0.061,0.0932,0.0313,0.0321,0.1191,0.0879,0.8546,0.8753,1.491042,0.2231,0.000307,0.95221,0.20647000000000001,-0.00083,0.03116,0.86154,0.10086999999999999,0.08658,-0.12669000000000002,0.24617,1.5648570999999998,0.29131,0.046153846153846156,0.046153846153846156,0.0,0.0,0.9076923076923077
430,127,65,0.2036,0.2056,-0.001,0.0,3,2,0,0,60,-0.2274,0.087,0.0317,0.032,0.4442,0.0823,0.856,0.8731,1.595819,0.3811,0.000306,0.95228,0.20611000000000002,-0.0006900000000000001,0.031160000000000004,0.8598700000000001,0.09989,0.08698,-0.13826999999999998,0.26845,1.5741422999999999,0.30218,0.046153846153846156,0.03076923076923077,0.0,0.0,0.9230769230769231
431,127,65,0.2151,0.2069,-0.0018,-0.0002,2,2,0,0,61,-0.2036,0.104,0.0317,0.0319,0.3978,0.1119,0.8564,0.8709,1.535102,0.3788,0.000306,0.95236,0.20783999999999997,-0.0006000000000000001,0.031179999999999996,0.85849,0.10106,0.08895,-0.14772,0.28674,1.5774654,0.31276000000000004,0.03076923076923077,0.03076923076923077,0.0,0.0,0.9384615384615385
432,127,65,0.1915,0.206,-0.0,-0.0002,3,3,0,0,59,-0.1872,0.1056,0.0319,0.0318,0.3658,0.0539,0.8577,0.869,1.543692,0.3354,0.000305,0.95243,0.20495999999999998,-0.0010999999999999998,0.03125,0.85754,0.1026,0.08493999999999999,-0.1532,0.29882,1.5784407,0.31816999999999995,0.046153846153846156,0.046153846153846156,0.0,0.0,0.9076923076923077
433,126,64,0.2138,0.2061,-0.0014,-0.0004,3,2,0,0,59,-0.101,0.0993,0.0319,0.0317,0.1988,0.0777,0.8587,0.8672,1.483224,0.2603,0.000305,0.95251,0.20669999999999997,-0.0011,0.03134,0.85701,0.10169000000000002,0.08131999999999999,-0.14831,0.28941,1.5720736,0.31107,0.046875,0.03125,0.0,0.0,0.921875
434,128,65,0.2008,0.2064,-0.0014,-0.0007,2,2,0,0,61,-0.0435,0.0869,0.0322,0.0317,0.0857,0.0578,0.8621,0.8658,1.615995,0.1952,0.000305,0.95258,0.20498,-0.00097,0.031479999999999994,0.8571300000000001,0.09981,0.07725000000000001,-0.14225000000000002,0.277,1.5658873999999998,0.30143,0.03076923076923077,0.03076923076923077,0.0,0.0,0.9384615384615385
435,126,66,0.1979,0.2053,-0.0001,-0.0007,3,3,0,0,60,-0.1067,0.1059,0.032,0.0316,0.2037,0.0664,0.8648,0.8646,1.565167,0.2613,0.000304,0.95266,0.20577,-0.00109,0.03158999999999999,0.8577199999999999,0.10094,0.07743,-0.13729,0.26798,1.5657663000000002,0.29802,0.045454545454545456,0.045454545454545456,0.0,0.0,0.9090909090909091
436,128,62,0.2164,0.2061,-0.004,-0.0011,0,0,0,0,62,-0.1494,0.111,0.0318,0.0316,0.3085,0.0876,0.8675,0.8638,0.0,0.2582,0.000304,0.95273,0.20682,-0.0016099999999999999,0.03168,0.85884,0.09910000000000001,0.07389,-0.13451,0.265,1.4104431,0.28736,0.0,0.0,0.0,0.0,1.0
437,126,67,0.1979,0.205,-0.0001,-0.0009,3,3,0,0,61,-0.1926,0.0967,0.0318,0.0316,0.3622,0.1031,0.8706,0.8632,1.527637,0.3458,0.000303,0.95281,0.20545,-0.00125,0.03175,0.8603200000000001,0.09863999999999999,0.07963,-0.14362,0.28059,1.4137965000000001,0.29666000000000003,0.04477611940298507,0.04477611940298507,0.0,0.0,0.9104477611940298
438,128,62,0.2194,0.2065,-0.004,-0.0009,0,0,0,0,62,-0.1233,0.0893,0.0317,0.0315,0.2545,0.0963,0.873,0.8629,0.0,0.2239,0.000303,0.95288,0.20745,-0.00138,0.031799999999999995,0.8621400000000001,0.09789,0.08249,-0.13957000000000003,0.27403000000000005,1.2357678,0.28631,0.0,0.0,0.0,0.0,1.0
439,128,64,0.1978,0.2059,-0.0013,-0.0012,2,2,0,0,60,-0.2142,0.079,0.0316,0.0315,0.4285,0.0219,0.8751,0.8628,1.569883,0.343,0.000302,0.95296,0.20542000000000002,-0.0015099999999999998,0.03183,0.86419,0.09646999999999999,0.07589,-0.15489000000000003,0.30496999999999996,1.2436519000000001,0.2983,0.03125,0.03125,0.0,0.0,0.9375
440,128,64,0.217,0.2064,-0.0041,-0.0013,1,0,0,0,63,-0.139,0.0902,0.0312,0.0315,0.2779,0.06,0.8757,0.863,0.0,0.2139,0.000302,0.95303,0.20676,-0.00182,0.031779999999999996,0.86616,0.09679,0.07366,-0.14605,0.28834,1.08407,0.28158,0.015625,0.0,0.0,0.0,0.984375
441,126,66,0.193,0.2062,-0.0014,-0.0012,2,2,0,0,62,-0.1944,0.0956,0.0308,0.0314,0.3712,0.0972,0.8773,0.8634,1.569215,0.3515,0.000301,0.95311,0.20455,-0.00178,0.03169,0.8682500000000001,0.09595000000000001,0.07219,-0.14513,0.28568000000000005,1.0874812999999999,0.27885,0.030303030303030304,0.030303030303030304,0.0,0.0,0.9393939393939394
442,128,62,0.2056,0.2055,-0.0026,-0.0016,1,1,0,0,60,-0.1119,0.0852,0.0302,0.0314,0.231,0.0509,0.8779,0.8639,1.795426,0.2768,0.000301,0.95318,0.20596,-0.00204,0.03152,0.87027,0.09391,0.07189000000000001,-0.1376,0.2722,1.1126547,0.27299,0.016129032258064516,0.016129032258064516,0.0,0.0,0.967741935483871
443,127,65,0.2102,0.2062,-0.0014,-0.0016,2,2,0,0,61,-0.128,0.1055,0.0297,0.0313,0.2501,0.0962,0.8789,0.8646,1.51043,0.2983,0.0003,0.95326,0.2056,-0.0020399999999999997,0.0313,0.8722900000000001,0.09453,0.07374,-0.1403,0.27732999999999997,1.1153753,0.27679,0.03076923076923077,0.03076923076923077,0.0,0.0,0.9384615384615385
444,128,64,0.1978,0.2051,-0.0014,-0.0015,3,2,0,0,59,-0.1109,0.106,0.0293,0.0313,0.2218,0.053,0.8791,0.8655,1.510067,0.2658,0.0003,0.95333,0.20529999999999998,-0.00204,0.03101,0.87399,0.09644,0.07325999999999999,-0.14704,0.29094,1.1047825,0.28385,0.046875,0.03125,0.0,0.0,0.921875
445,127,64,0.212,0.2062,-0.0027,-0.0017,1,1,0,0,62,-0.1019,0.137,0.0289,0.0311,0.2022,0.1151,0.8785,0.8665,1.461235,0.2993,0.0003,0.95341,0.20671,-0.0023000000000000004,0.030700000000000005,0.8753599999999999,0.09955,0.07812999999999999,-0.14656,0.29079,1.0943893,0.28765,0.015625,0.015625,0.0,0.0,0.96875
446,128,64,0.2008,0.206,-0.004,-0.002,0,0,0,0,64,-0.1219,0.1111,0.0286,0.031,0.2438,0.0716,0.8782,0.8676,0.0,0.2131,0.000299,0.95348,0.20515,-0.0023,0.030379999999999997,0.87643,0.09956000000000001,0.07652999999999999,-0.14381,0.28432,1.0943893,0.28314,0.0,0.0,0.0,0.0,1.0
447,126,65,0.2198,0.2064,-0.0,-0.0018,3,3,0,0,59,-0.1701,0.1244,0.0284,0.0309,0.3296,0.1299,0.8786,0.8688,1.457572,0.3595,0.000299,0.95356,0.20734,-0.0022900000000000004,0.03004,0.87723,0.10233,0.07920999999999999,-0.14156,0.28106,1.0873828,0.28451,0.046153846153846156,0.046153846153846156,0.0,0.0,0.9076923076923077
448,126,66,0.19,0.2059,-0.0014,-0.0017,2,2,0,0,62,-0.1643,0.0695,0.0286,0.0308,0.3137,0.1185,0.8799,0.87,1.5066,0.3186,0.000298,0.95363,0.2044,-0.0020299999999999997,0.02973,0.8779199999999999,0.10035000000000001,0.08143,-0.14565999999999998,0.28697999999999996,1.2380427999999999,0.29398,0.030303030303030304,0.030303030303030304,0.0,0.0,0.9393939393939394
449,128,64,0.2164,0.2058,-0.0013,-0.0018,2,2,0,0,60,-0.1323,0.1088,0.0286,0.0306,0.2647,0.1457,0.8817,0.8714,1.691775,0.344,0.000298,0.95371,0.20626000000000003,-0.0020299999999999997,0.02943,0.87858,0.10333,0.09380999999999999,-0.13747,0.2706,1.250232,0.29408,0.03125,0.03125,0.0,0.0,0.9375
450,128,64,0.1978,0.2056,-0.0027,-0.0019,1,1,0,0,62,-0.1149,0.0992,0.0288,0.0305,0.2299,0.1071,0.8846,0.8728,1.558591,0.2959,0.000297,0.95378,0.20434000000000002,-0.00189,0.02919,0.8794700000000001,0.10423,0.09851999999999998,-0.13506,0.2658,1.4060911,0.30228,0.015625,0.015625,0.0,0.0,0.96875
451,127,64,0.1993,0.2048,-0.0013,-0.0018,2,2,0,0,60,-0.1182,0.1029,0.0289,0.0304,0.2345,0.058,0.8869,0.8743,1.450375,0.2692,0.000297,0.95386,0.20497,-0.0018800000000000002,0.029000000000000005,0.8804299999999999,0.10495999999999998,0.09459999999999999,-0.12744,0.25212999999999997,1.3942071,0.29405000000000003,0.03125,0.03125,0.0,0.0,0.9375
452,127,64,0.2187,0.2061,-0.001,-0.0019,3,3,0,0,58,-0.1041,0.1217,0.0289,0.0302,0.2066,0.0692,0.8895,0.8759,1.564189,0.276,0.000296,0.95393,0.20627999999999996,-0.00172,0.02887,0.8815899999999999,0.10861000000000001,0.09643,-0.12666,0.24969000000000002,1.3710834,0.29396999999999995,0.046875,0.046875,0.0,0.0,0.90625
453,127,65,0.1994,0.2054,-0.0027,-0.0019,1,1,0,0,63,-0.1229,0.0988,0.029,0.0301,0.2401,0.0471,0.8917,0.8776,1.446362,0.2624,0.000296,0.95401,0.2052,-0.0018500000000000003,0.028800000000000003,0.8828699999999999,0.10794,0.09152,-0.12615,0.24869000000000002,1.3646766,0.29037999999999997,0.015384615384615385,0.015384615384615385,0.0,0.0,0.9692307692307692
454,127,64,0.2151,0.2061,-0.0013,-0.0019,2,2,0,0,60,-0.0189,0.1059,0.0292,0.0299,0.0375,0.0901,0.8928,0.8791,1.577645,0.1953,0.000295,0.95408,0.20693,-0.00184,0.02879,0.8842399999999999,0.10793,0.09523000000000001,-0.11695,0.23026,1.3714344,0.28332999999999997,0.03125,0.03125,0.0,0.0,0.9375
455,128,64,0.19,0.2057,-0.004,-0.0021,0,0,0,0,64,0.0059,0.0965,0.0293,0.0298,-0.0119,0.0716,0.893,0.8805,0.0,0.078,0.000295,0.95416,0.20473,-0.00197,0.02883,0.88569,0.10388,0.09087999999999999,-0.10616999999999999,0.20884999999999998,1.2253109,0.2612,0.0,0.0,0.0,0.0,1.0
456,127,63,0.2211,0.206,-0.0026,-0.0021,1,1,0,0,61,-0.1554,0.1178,0.0294,0.0296,0.3132,0.0843,0.8938,0.8818,1.559742,0.3367,0.000295,0.95423,0.20676,-0.0018299999999999996,0.02891,0.8872500000000001,0.10455,0.09215,-0.10951999999999999,0.21578999999999998,1.3812851,0.27355999999999997,0.015873015873015872,0.015873015873015872,0.0,0.0,0.9682539682539683
457,128,64,0.2008,0.2061,-0.004,-0.0023,0,0,0,0,64,-0.0896,0.0951,0.0295,0.0295,0.1791,0.0545,0.8947,0.883,0.0,0.1643,0.000294,0.95431,0.20486,-0.00223,0.029019999999999997,0.88886,0.10162,0.08461,-0.10146999999999999,0.20073999999999997,1.2355279,0.25404,0.0,0.0,0.0,0.0,1.0
458,127,64,0.1934,0.2048,-0.0027,-0.0022,1,1,0,0,62,-0.0781,0.1092,0.0295,0.0294,0.1551,0.0779,0.8953,0.8842,1.559484,0.2483,0.000294,0.95438,0.2052,-0.00236,0.029110000000000004,0.8904000000000002,0.10559,0.08055,-0.09285,0.18488,1.2408163,0.24701,0.015625,0.015625,0.0,0.0,0.96875
459,128,63,0.2164,0.2057,-0.0041,-0.0023,1,0,0,0,62,-0.0369,0.1023,0.0291,0.0293,0.0749,0.1115,0.8955,0.8852,0.0,0.1448,0.000293,0.95446,0.2052,-0.00264,0.029160000000000002,0.89178,0.10493999999999999,0.07713,-0.08331000000000001,0.1659,1.0716388,0.22709000000000001,0.015873015873015872,0.0,0.0,0.0,0.9841269841269841
460,127,66,0.203,0.205,-0.0023,-0.0022,2,1,1,0,62,-0.1294,0.0847,0.0288,0.0292,0.249,0.1244,0.8964,0.8862,1.360049,0.292,0.000293,0.95453,0.20572,-0.0026000000000000003,0.029160000000000002,0.8929600000000001,0.10349,0.07886,-0.08476,0.16781,1.0517846,0.22669999999999998,0.030303030303030304,0.015151515151515152,0.015151515151515152,0.0,0.9393939393939394
461,128,61,0.2164,0.2062,-0.0026,-0.0023,1,1,0,0,59,-0.0784,0.1093,0.0284,0.0291,0.1646,0.066,0.898,0.8873,1.830213,0.2652,0.000292,0.95461,0.20743,-0.0027300000000000002,0.029109999999999997,0.8940700000000001,0.10413000000000001,0.07966,-0.08078,0.16082000000000002,1.0897684,0.2263,0.01639344262295082,0.01639344262295082,0.0,0.0,0.9672131147540983
462,126,67,0.1949,0.2057,-0.0001,-0.0022,3,3,0,0,61,-0.1601,0.1216,0.0283,0.029,0.3012,0.0978,0.8996,0.8883,1.529666,0.3271,0.000292,0.95468,0.20505,-0.00264,0.02905,0.8950800000000001,0.10411999999999999,0.08252,-0.08637999999999998,0.17028,1.0863161,0.23140999999999998,0.04477611940298507,0.04477611940298507,0.0,0.0,0.9104477611940298
463,128,63,0.2223,0.2063,-0.004,-0.0023,0,0,0,0,63,-0.1527,0.0924,0.0282,0.0289,0.3103,0.1162,0.9028,0.8895,0.0,0.2617,0.000291,0.95476,0.20734,-0.00277,0.028969999999999996,0.89619,0.10347999999999999,0.08943000000000001,-0.08936,0.1773,0.9416799000000001,0.23134000000000002,0.0,0.0,0.0,0.0,1.0
464,128,64,0.19,0.2059,-0.0027,-0.0024,1,1,0,0,62,-0.2402,0.1007,0.0283,0.0288,0.4804,0.0674,0.9066,0.8909,1.555412,0.4019,0.000291,0.95483,0.20483,-0.0029100000000000003,0.02888,0.89757,0.10296000000000001,0.08715999999999999,-0.11149,0.22159,0.9394566000000001,0.252,0.015625,0.015625,0.0,0.0,0.96875
465,127,65,0.2043,0.2055,-0.0014,-0.0023,2,2,0,0,61,-0.1472,0.1151,0.0284,0.0288,0.2877,0.1292,0.9094,0.8925,1.710923,0.348,0.000291,0.95491,0.20625999999999997,-0.00265,0.02879,0.8992100000000001,0.10482,0.09292,-0.1268,0.25155000000000005,1.1105489,0.27899999999999997,0.03076923076923077,0.03076923076923077,0.0,0.0,0.9384615384615385
466,128,63,0.2086,0.2059,-0.004,-0.0023,0,0,0,0,63,-0.0985,0.1093,0.0286,0.0288,0.2002,0.1046,0.9142,0.8943,0.0,0.2085,0.00029,0.95498,0.20501,-0.00279,0.028709999999999996,0.9012499999999999,0.10397,0.09494999999999999,-0.12111000000000001,0.24025,0.9545747,0.26617999999999997,0.0,0.0,0.0,0.0,1.0
467,128,63,0.2008,0.2049,-0.0026,-0.0024,1,1,0,0,61,-0.0901,0.1026,0.0288,0.0288,0.1832,0.0695,0.9176,0.8962,1.554036,0.2567,0.00029,0.95506,0.20501,-0.0026500000000000004,0.028640000000000006,0.9035399999999999,0.10472,0.09645,-0.12116,0.24066,1.1099783,0.27542,0.015873015873015872,0.015873015873015872,0.0,0.0,0.9682539682539683
468,126,65,0.2168,0.2063,-0.0014,-0.0024,2,2,0,0,61,-0.16,0.0925,0.029,0.0289,0.3102,0.1146,0.9207,0.8982,1.684878,0.3379,0.000289,0.95514,0.20735,-0.00252,0.028589999999999997,0.9060799999999999,0.10305,0.10011999999999999,-0.12935,0.25617,1.1225177,0.28437999999999997,0.03076923076923077,0.03076923076923077,0.0,0.0,0.9384615384615385
469,127,65,0.1994,0.2054,-0.0014,-0.0024,3,2,0,0,60,-0.0928,0.0894,0.0293,0.0289,0.1813,0.0815,0.9233,0.9003,1.55098,0.2514,0.000289,0.95521,0.20565000000000003,-0.0022500000000000003,0.028609999999999997,0.9088600000000001,0.10175999999999999,0.09712000000000001,-0.13494,0.26681,1.2776157000000001,0.29503999999999997,0.046153846153846156,0.03076923076923077,0.0,0.0,0.9230769230769231
470,127,65,0.2157,0.2063,-0.001,-0.0024,3,3,0,0,59,-0.0805,0.1081,0.0294,0.0289,0.1574,0.1095,0.9251,0.9023,1.472584,0.2591,0.000288,0.95529,0.20692,-0.0021200000000000004,0.02867,0.9117299999999998,0.1041,0.09562999999999999,-0.13005,0.25765,1.2888692000000002,0.29175,0.046153846153846156,0.046153846153846156,0.0,0.0,0.9076923076923077
471,125,67,0.1922,0.206,0.0011,-0.0022,4,4,0,0,59,-0.0703,0.0847,0.0297,0.029,0.1311,0.1021,0.9262,0.9043,1.573387,0.2327,0.000288,0.95536,0.2045,-0.0017500000000000003,0.028800000000000003,0.91455,0.10164,0.09924000000000001,-0.12924,0.2543,1.2631866,0.2885,0.05970149253731343,0.05970149253731343,0.0,0.0,0.8805970149253731
472,128,63,0.217,0.2059,-0.0023,-0.0023,2,2,0,0,59,-0.0364,0.1254,0.0298,0.029,0.0739,0.104,0.9261,0.9061,1.573939,0.2307,0.000287,0.95544,0.20671,-0.0019700000000000004,0.028950000000000004,0.9172,0.10202,0.09986,-0.11687,0.23157,1.2676139,0.27886,0.031746031746031744,0.031746031746031744,0.0,0.0,0.9365079365079365
473,127,65,0.2024,0.206,-0.0,-0.0022,3,3,0,0,59,-0.1267,0.109,0.0302,0.0291,0.2475,0.0522,0.9271,0.9079,1.597399,0.2812,0.000287,0.95551,0.20472,-0.0015700000000000002,0.029150000000000002,0.9196300000000001,0.10368,0.09346000000000002,-0.11427000000000001,0.22529,1.4273538000000001,0.28080999999999995,0.046153846153846156,0.046153846153846156,0.0,0.0,0.9076923076923077
474,127,65,0.1964,0.2051,-0.0027,-0.0022,1,1,0,0,63,-0.1406,0.1214,0.0303,0.0291,0.2747,0.0801,0.9281,0.9097,1.543095,0.3119,0.000286,0.95559,0.20536000000000004,-0.0015699999999999998,0.029350000000000005,0.92178,0.10575000000000001,0.09473000000000001,-0.10430999999999999,0.20472,1.4261221000000002,0.27181,0.015384615384615385,0.015384615384615385,0.0,0.0,0.9692307692307692
475,128,64,0.2164,0.2064,-0.0027,-0.0022,1,1,0,0,62,-0.0833,0.1105,0.0304,0.0292,0.1666,0.1025,0.928,0.9114,1.438143,0.2616,0.000286,0.95566,0.20657,-0.0017000000000000001,0.02955,0.92364,0.10529,0.09206,-0.09792000000000001,0.19261,1.3988441,0.26317,0.015625,0.015625,0.0,0.0,0.96875
476,126,66,0.1979,0.2052,-0.0001,-0.002,3,3,0,0,60,-0.1056,0.1036,0.0303,0.0292,0.2016,0.1122,0.927,0.9131,1.596008,0.2836,0.000286,0.95574,0.20550000000000002,-0.00131,0.029720000000000003,0.9249200000000002,0.10472,0.09282,-0.09863,0.19275,1.5584449,0.27068000000000003,0.045454545454545456,0.045454545454545456,0.0,0.0,0.9090909090909091
477,128,62,0.2194,0.2062,-0.0041,-0.0021,1,0,0,0,61,-0.131,0.1211,0.03,0.0292,0.2704,0.1416,0.925,0.9146,0.0,0.2706,0.000285,0.95581,0.20736,-0.0014600000000000001,0.02984,0.92566,0.10657000000000001,0.10003,-0.10272,0.20146999999999998,1.4030413,0.27207,0.016129032258064516,0.0,0.0,0.0,0.9838709677419355
478,127,65,0.1891,0.206,-0.0014,-0.002,2,2,0,0,61,-0.1064,0.1226,0.03,0.0293,0.2079,0.0683,0.9239,0.916,1.537512,0.2737,0.000285,0.95589,0.20459,-0.00146,0.02994,0.92598,0.10958000000000001,0.0954,-0.09736,0.19124,1.3883047000000002,0.26565,0.03076923076923077,0.03076923076923077,0.0,0.0,0.9384615384615385
479,126,65,0.2284,0.2066,0.0013,-0.0017,4,4,0,0,57,-0.0707,0.1155,0.0299,0.0293,0.1371,0.0879,0.9232,0.9174,1.486861,0.2423,0.000284,0.95596,0.20749,-0.00119,0.03,0.9259700000000001,0.11219000000000001,0.09603999999999999,-0.09515,0.18682,1.3818928,0.26474000000000003,0.06153846153846154,0.06153846153846154,0.0,0.0,0.8769230769230769
480,126,67,0.1937,0.2061,0.0012,-0.0015,4,4,0,0,59,-0.1206,0.109,0.03,0.0294,0.2267,0.0668,0.9223,0.9187,1.579059,0.2729,0.000284,0.95604,0.20529000000000003,-0.0009700000000000002,0.030059999999999996,0.9256900000000001,0.11228,0.09177,-0.09916,0.19374999999999998,1.3925402999999998,0.26612,0.05970149253731343,0.05970149253731343,0.0,0.0,0.8805970149253731
481,127,64,0.2043,0.2055,-0.0027,-0.0015,1,1,0,0,62,-0.1885,0.175,0.0299,0.0294,0.3741,0.1437,0.9205,0.9198,1.438002,0.4167,0.000283,0.95611,0.2065,-0.00135,0.030080000000000003,0.9251199999999999,0.12131,0.09592999999999999,-0.11098,0.21805,1.3790018,0.28452,0.015625,0.015625,0.0,0.0,0.96875
482,127,65,0.2132,0.2064,-0.0,-0.0015,3,3,0,0,59,-0.126,0.1002,0.0301,0.0295,0.2461,0.0806,0.9205,0.9209,1.530721,0.2869,0.000283,0.95619,0.20612,-0.0011200000000000001,0.030109999999999998,0.9245599999999999,0.11878999999999999,0.09358999999999999,-0.11994,0.23527,1.3746800000000001,0.29013999999999995,0.046153846153846156,0.046153846153846156,0.0,0.0,0.9076923076923077
483,126,66,0.1979,0.2052,-0.0001,-0.0013,3,3,0,0,60,-0.1332,0.1207,0.0305,0.0296,0.2543,0.0807,0.9224,0.9219,1.562097,0.2998,0.000282,0.95626,0.20566999999999996,-0.0011300000000000004,0.030139999999999993,0.92409,0.11996,0.09644,-0.12059,0.23594999999999997,1.3711498,0.292,0.045454545454545456,0.045454545454545456,0.0,0.0,0.9090909090909091
484,127,65,0.2211,0.2067,0.0003,-0.0012,4,3,0,0,58,-0.2006,0.097,0.0307,0.0298,0.392,0.0987,0.9245,0.9228,1.487843,0.3635,0.000282,0.95634,0.20814,-0.0008300000000000002,0.030179999999999995,0.9237299999999999,0.11751999999999999,0.0983,-0.12659000000000004,0.24767999999999998,1.3656245999999999,0.29716,0.06153846153846154,0.046153846153846156,0.0,0.0,0.8923076923076924
485,125,68,0.1854,0.2058,0.0034,-0.001,5,6,0,0,57,-0.167,0.1347,0.0309,0.0299,0.307,0.0699,0.9261,0.9236,1.600657,0.3222,0.000282,0.95641,0.20504000000000003,-0.0002200000000000001,0.03023,0.92354,0.11994,0.09503999999999999,-0.13496,0.26172,1.381876,0.30322,0.07352941176470588,0.08823529411764706,0.0,0.0,0.8382352941176471
486,128,63,0.2302,0.2069,-0.0026,-0.0009,1,1,0,0,61,-0.0828,0.1298,0.031,0.03,0.1682,0.1287,0.9284,0.9243,1.728409,0.3009,0.000281,0.95649,0.20827,-0.0004700000000000001,0.0303,0.9236799999999998,0.12256,0.09669,-0.13268,0.25838,1.3951161,0.30494999999999994,0.015873015873015872,0.015873015873015872,0.0,0.0,0.9682539682539683
487,126,66,0.187,0.2062,-0.0014,-0.0008,2,2,0,0,62,-0.1361,0.1074,0.0313,0.0301,0.2599,0.0994,0.9319,0.925,1.602143,0.3072,0.000281,0.95656,0.20503,-0.0002000000000000001,0.030429999999999995,0.92437,0.12118999999999999,0.09247,-0.13319,0.25732999999999995,1.5553304000000001,0.30860999999999994,0.030303030303030304,0.030303030303030304,0.0,0.0,0.9393939393939394
488,127,65,0.2102,0.2059,-0.0014,-0.0008,2,2,0,0,61,-0.1616,0.113,0.0316,0.0303,0.3157,0.1432,0.935,0.9257,1.624109,0.3633,0.00028,0.95664,0.20714000000000002,-0.0002000000000000001,0.03059,0.9254800000000001,0.12022999999999999,0.09996000000000001,-0.13871,0.26810999999999996,1.5639901,0.31757,0.03076923076923077,0.03076923076923077,0.0,0.0,0.9384615384615385
489,128,63,0.2086,0.2063,-0.0026,-0.0009,1,1,0,0,61,-0.0659,0.118,0.0317,0.0304,0.1338,0.1003,0.9366,0.9264,1.526405,0.2533,0.00028,0.95671,0.20516,-0.00059,0.030770000000000002,0.9268199999999999,0.12047999999999999,0.1012,-0.13823000000000002,0.26778,1.5679445,0.31866999999999995,0.015873015873015872,0.015873015873015872,0.0,0.0,0.9682539682539683
490,128,63,0.1978,0.2054,-0.004,-0.001,0,0,0,0,63,-0.0727,0.1163,0.0319,0.0305,0.1476,0.0821,0.9385,0.9271,0.0,0.174,0.000279,0.95679,0.20556999999999997,-0.00111,0.030959999999999998,0.9284399999999999,0.12121,0.10272999999999999,-0.13344,0.25987,1.4100386,0.30877999999999994,0.0,0.0,0.0,0.0,1.0
491,127,65,0.2211,0.2069,-0.0014,-0.0012,2,2,0,0,61,-0.1599,0.1186,0.0318,0.0306,0.3124,0.1624,0.94,0.9278,1.604084,0.3731,0.000279,0.95686,0.20725,-0.0009800000000000002,0.03115,0.93039,0.11556999999999999,0.1046,-0.13058,0.2537,1.4266467999999999,0.30442,0.03076923076923077,0.03076923076923077,0.0,0.0,0.9384615384615385
492,127,65,0.1994,0.206,-0.0,-0.001,3,3,0,0,59,-0.1379,0.1283,0.0319,0.0307,0.2694,0.0874,0.9415,0.9285,1.590346,0.3187,0.000278,0.95694,0.20587,-0.00098,0.031330000000000004,0.9324899999999999,0.11838000000000001,0.10528,-0.13177,0.25603,1.4326093,0.3076,0.046153846153846156,0.046153846153846156,0.0,0.0,0.9076923076923077
493,126,64,0.2138,0.2066,-0.0024,-0.0012,3,1,1,0,59,-0.1605,0.1676,0.0319,0.0308,0.3159,0.1724,0.9432,0.9293,1.611978,0.406,0.000278,0.95701,0.20745999999999998,-0.00121,0.031470000000000005,0.9345700000000001,0.12307000000000001,0.11445000000000001,-0.1345,0.26219000000000003,1.4375974,0.31822,0.046875,0.015625,0.015625,0.0,0.921875
494,126,68,0.193,0.2064,0.0011,-0.001,4,4,0,0,60,-0.2743,0.1395,0.0321,0.0309,0.5082,0.1005,0.945,0.9302,1.457572,0.4267,0.000277,0.95709,0.20465,-0.00113,0.03161,0.9366200000000001,0.12732000000000002,0.11463000000000001,-0.14187,0.27381,1.4345703,0.32454,0.058823529411764705,0.058823529411764705,0.0,0.0,0.8823529411764706
495,128,62,0.2164,0.2064,-0.0026,-0.001,1,1,0,0,60,-0.132,0.1133,0.0322,0.031,0.2725,0.0719,0.9458,0.9311,1.775314,0.3217,0.000277,0.95716,0.20775000000000002,-0.00173,0.03174,0.9385899999999999,0.12518,0.11482999999999999,-0.13837000000000002,0.27036,1.452036,0.32449,0.016129032258064516,0.016129032258064516,0.0,0.0,0.967741935483871
496,127,65,0.1964,0.2063,-0.0025,-0.0011,4,1,1,0,59,-0.2556,0.1706,0.0324,0.0311,0.4995,0.0956,0.9478,0.9321,1.648185,0.4592,0.000277,0.95724,0.20437000000000002,-0.00172,0.03188,0.9405300000000001,0.12925999999999999,0.11152,-0.15565,0.3034899999999999,1.4440136000000001,0.34032,0.06153846153846154,0.015384615384615385,0.015384615384615385,0.0,0.9076923076923077
497,126,67,0.1985,0.2053,0.0011,-0.0008,4,4,0,0,59,-0.0707,0.1091,0.0324,0.0312,0.133,0.0746,0.9489,0.9333,1.633631,0.2356,0.000276,0.95731,0.20552,-0.0014700000000000002,0.031990000000000005,0.94223,0.12943,0.10904,-0.14911,0.29079999999999995,1.4471624,0.33316,0.05970149253731343,0.05970149253731343,0.0,0.0,0.8805970149253731
498,127,63,0.2181,0.2067,-0.0014,-0.0008,3,2,0,0,58,-0.176,0.1628,0.0324,0.0313,0.3547,0.1228,0.9491,0.9346,1.482097,0.3955,0.000276,0.95739,0.20631,-0.00147,0.03207,0.9436399999999999,0.13441,0.10700000000000001,-0.15055000000000002,0.2947,1.4329611999999998,0.33638,0.047619047619047616,0.031746031746031744,0.0,0.0,0.9206349206349206
499,126,67,0.1955,0.2051,-0.0001,-0.0009,3,3,0,0,61,-0.1853,0.1447,0.0324,0.0315,0.3484,0.109,0.9487,0.9358,1.587614,0.3692,0.000275,0.95746,0.205,-0.00122,0.032139999999999995,0.9448500000000001,0.13708,0.10787,-0.16248999999999997,0.31616,1.4390821,0.34797,0.04477611940298507,0.04477611940298507,0.0,0.0,0.9104477611940298
500,127,64,0.2181,0.2063,-0.001,-0.001,3,2,0,0,59,-0.0988,0.1172,0.0326,0.0316,0.1961,0.1328,0.9494,0.9372,1.466715,0.2955,0.000275,0.95754,0.20703,-0.00092,0.03221,0.9459399999999999,0.13717000000000001,0.11294,-0.16509999999999997,0.32100999999999996,1.5857535999999999,0.36011999999999994,0.046875,0.03125,0.0,0.0,0.921875
501,125,68,0.1854,0.2054,0.0033,-0.0007,5,6,0,0,57,-0.1311,0.1145,0.0329,0.0317,0.2409,0.0732,0.9503,0.9387,1.693388,0.2883,0.000274,0.95761,0.20345999999999997,-0.0004499999999999999,0.03232,0.94697,0.13676,0.10402,-0.16221999999999998,0.31386,1.5946840000000002,0.35164,0.07352941176470588,0.08823529411764706,0.0,0.0,0.8382352941176471
502,128,64,0.2272,0.2061,-0.0027,-0.0008,1,1,0,0,62,-0.1141,0.1216,0.0331,0.0319,0.2282,0.1467,0.9514,0.9402,1.791505,0.3377,0.000274,0.95769,0.20623999999999998,-0.0007199999999999999,0.032440000000000004,0.9479600000000001,0.13609000000000002,0.10994999999999999,-0.15983999999999998,0.30974,1.6147999,0.35354,0.015625,0.015625,0.0,0.0,0.96875
503,127,65,0.1915,0.2057,-0.0014,-0.0009,3,2,0,0,60,-0.1876,0.1059,0.0333,0.032,0.3665,0.0977,0.9523,0.9417,1.484219,0.3548,0.000273,0.95776,0.20400999999999997,-0.00062,0.03258,0.94887,0.12991999999999998,0.10247999999999999,-0.16255,0.3148,1.6020240000000001,0.34842,0.046153846153846156,0.03076923076923077,0.0,0.0,0.9230769230769231
504,126,66,0.201,0.2047,0.0012,-0.0009,4,4,0,0,58,-0.2302,0.1169,0.0333,0.0322,0.4394,0.0857,0.9533,0.9432,1.536253,0.3872,0.000273,0.95784,0.20481000000000002,-0.00061,0.0327,0.9497,0.12766,0.101,-0.15814,0.30792,1.6098921000000002,0.34447,0.06060606060606061,0.06060606060606061,0.0,0.0,0.8787878787878788
505,126,65,0.2168,0.2063,-0.0014,-0.0011,2,2,0,0,61,-0.158,0.1094,0.0333,0.0323,0.3063,0.153,0.954,0.9446,1.524709,0.3556,0.000273,0.95791,0.20484999999999998,-0.00049,0.03281,0.95052,0.12727,0.10911,-0.16073999999999997,0.3113,1.5848315999999998,0.34786,0.03076923076923077,0.03076923076923077,0.0,0.0,0.9384615384615385
506,128,63,0.1978,0.2047,-0.0023,-0.0011,2,1,0,0,60,-0.1284,0.1358,0.0334,0.0324,0.2609,0.1116,0.9555,0.9459,1.431139,0.3276,0.000272,0.95799,0.20499,-0.00046999999999999993,0.032909999999999995,0.95129,0.12379,0.11071,-0.14801999999999998,0.28744000000000003,1.563127,0.3347,0.031746031746031744,0.015873015873015872,0.0,0.0,0.9523809523809523
507,126,67,0.2198,0.2063,0.0034,-0.0009,5,6,0,0,56,-0.1376,0.1254,0.0334,0.0325,0.2587,0.1048,0.9558,0.9471,1.535136,0.3129,0.000272,0.95806,0.20712000000000003,-0.00024000000000000003,0.03301,0.95198,0.12542,0.11373,-0.15471,0.30001,1.5532775,0.34242999999999996,0.07462686567164178,0.08955223880597014,0.0,0.0,0.835820895522388
508,127,65,0.1885,0.2052,-0.0027,-0.0009,1,1,0,0,63,-0.1455,0.1083,0.0335,0.0326,0.2844,0.0794,0.9559,0.9482,1.447846,0.3049,0.000271,0.95814,0.20415999999999998,-0.00037,0.03312,0.9526600000000001,0.11997,0.10938999999999999,-0.15166,0.29298,1.5498524,0.33337000000000006,0.015384615384615385,0.015384615384615385,0.0,0.0,0.9692307692307692
509,125,65,0.2266,0.2061,0.0013,-0.0007,4,4,0,0,57,-0.0578,0.1463,0.0336,0.0327,0.1111,0.1612,0.957,0.9492,1.561288,0.285,0.000271,0.95821,0.20726999999999998,-0.00023000000000000003,0.033240000000000006,0.9534900000000001,0.12013,0.11460999999999999,-0.13891,0.26925000000000004,1.5472198000000001,0.32494999999999996,0.06153846153846154,0.06153846153846154,0.0,0.0,0.8769230769230769
510,128,66,0.1906,0.2058,-0.0014,-0.0006,2,2,0,0,62,-0.1468,0.1405,0.0337,0.0328,0.2847,0.1097,0.9573,0.9501,1.612321,0.3435,0.00027,0.95829,0.20451999999999998,-0.00027,0.033350000000000005,0.9542800000000001,0.12245999999999999,0.1123,-0.14371,0.27811,1.5617804,0.32975,0.030303030303030304,0.030303030303030304,0.0,0.0,0.9393939393939394
511,127,65,0.2,0.2047,-0.0014,-0.0006,2,2,0,0,61,-0.1584,0.1116,0.0338,0.0329,0.3095,0.1288,0.9575,0.951,1.638406,0.3531,0.00027,0.95836,0.20598,-0.00074,0.033440000000000004,0.9550000000000001,0.12217,0.11785999999999999,-0.14644000000000001,0.28497,1.5562822,0.33623,0.03076923076923077,0.03076923076923077,0.0,0.0,0.9384615384615385
512,127,64,0.2127,0.2054,0.0,-0.0006,3,3,0,0,58,-0.0567,0.1636,0.034,0.033,0.1126,0.1218,0.959,0.9519,1.592916,0.2781,0.000269,0.95844,0.20453000000000002,-0.00047000000000000004,0.03353,0.95576,0.12637,0.11537,-0.1407,0.27341000000000004,1.5364233,0.33026999999999995,0.046875,0.046875,0.0,0.0,0.90625
513,125,68,0.2026,0.2048,0.0011,-0.0004,4,4,0,0,60,-0.1979,0.1005,0.0343,0.0331,0.3637,0.1482,0.961,0.9528,1.483003,0.3642,0.000269,0.95851,0.20564,-0.00021999999999999998,0.03363,0.95663,0.12583,0.12042000000000001,-0.14173,0.27313,1.5363017,0.33121,0.058823529411764705,0.058823529411764705,0.0,0.0,0.8823529411764706
514,126,65,0.2144,0.2059,0.0026,-0.0003,5,5,0,0,55,-0.1232,0.1419,0.0344,0.0332,0.2387,0.1733,0.9617,0.9536,1.541161,0.3501,0.000268,0.95859,0.20698,-7.999999999999999e-05,0.03374,0.95747,0.12833,0.12918,-0.13103,0.25305999999999995,1.5367925,0.3275,0.07692307692307693,0.07692307692307693,0.0,0.0,0.8461538461538461
515,127,65,0.1915,0.2046,-0.0027,-0.0003,1,1,0,0,63,-0.1883,0.1426,0.0342,0.0333,0.368,0.0996,0.9623,0.9544,1.774814,0.3893,0.000268,0.95866,0.20445000000000002,-0.00021000000000000004,0.03383,0.9583,0.13165,0.12383999999999999,-0.13405999999999998,0.25923,1.561803,0.33087,0.015384615384615385,0.015384615384615385,0.0,0.0,0.9692307692307692
516,127,63,0.229,0.2063,-0.0027,-0.0004,2,1,0,0,60,-0.1141,0.1377,0.034,0.0334,0.2301,0.1646,0.9633,0.9552,1.514727,0.3427,0.000268,0.95874,0.20756999999999998,-0.00025000000000000006,0.03389,0.9590799999999999,0.13184,0.12913999999999998,-0.13263,0.25615,1.5701618,0.33238,0.031746031746031744,0.015873015873015872,0.0,0.0,0.9523809523809523
517,128,65,0.19,0.2059,-0.0014,-0.0005,2,2,0,0,61,-0.0528,0.1029,0.034,0.0335,0.104,0.0819,0.9648,0.956,1.450743,0.216,0.000267,0.95881,0.20459,-0.0007300000000000001,0.033949999999999994,0.95998,0.12959,0.12685,-0.12415000000000001,0.24068,1.5617225,0.32269000000000003,0.03076923076923077,0.03076923076923077,0.0,0.0,0.9384615384615385
518,127,64,0.2151,0.2057,-0.0027,-0.0005,1,1,0,0,62,-0.1945,0.1106,0.0338,0.0335,0.3861,0.1289,0.9666,0.9569,1.770305,0.3997,0.000267,0.95889,0.20725000000000002,-0.00073,0.033979999999999996,0.96105,0.12982,0.1318,-0.12905000000000003,0.25084999999999996,1.5939684,0.33216999999999997,0.015625,0.015625,0.0,0.0,0.96875
519,128,64,0.1978,0.2058,-0.0027,-0.0007,1,1,0,0,62,-0.1223,0.1336,0.0337,0.0336,0.2447,0.1123,0.9689,0.9579,1.451602,0.3177,0.000266,0.95896,0.20437,-0.0011300000000000001,0.03399,0.9622399999999999,0.12855,0.12691000000000002,-0.1355,0.26421,1.5829998,0.33544,0.015625,0.015625,0.0,0.0,0.96875
520,127,65,0.1994,0.2049,-0.0014,-0.0007,2,2,0,0,61,-0.1625,0.1482,0.0334,0.0336,0.3175,0.1338,0.9707,0.9589,1.601285,0.3759,0.000266,0.95904,0.20525000000000002,-0.00113,0.03396,0.96358,0.12932000000000002,0.12932,-0.13707,0.26749,1.5818961999999999,0.33868,0.03076923076923077,0.03076923076923077,0.0,0.0,0.9384615384615385
521,127,65,0.2181,0.2065,-0.0001,-0.0009,4,3,0,0,58,-0.1542,0.1753,0.0331,0.0337,0.3013,0.2022,0.9719,0.96,1.676583,0.4195,0.000265,0.95911,0.20705999999999997,-0.001,0.033889999999999997,0.96502,0.13569,0.13666,-0.13665,0.26667,1.5857139,0.34531999999999996,0.06153846153846154,0.046153846153846156,0.0,0.0,0.8923076923076924
522,125,66,0.2026,0.2053,0.0012,-0.0007,4,4,0,0,58,-0.1769,0.1331,0.033,0.0337,0.335,0.1056,0.9729,0.9611,1.55969,0.3553,0.000265,0.95919,0.20605,-0.0008800000000000002,0.03379,0.96641,0.13264,0.13504,-0.14867,0.28891,1.5823912999999998,0.35303999999999996,0.06060606060606061,0.06060606060606061,0.0,0.0,0.8787878787878788
523,127,64,0.2151,0.2065,-0.0013,-0.0007,2,2,0,0,60,-0.1534,0.1431,0.0328,0.0336,0.3044,0.1616,0.9748,0.9622,1.607088,0.3835,0.000264,0.95926,0.20729999999999998,-0.00112,0.03364,0.9677899999999999,0.13690000000000002,0.13638,-0.14422,0.28298,1.5947998,0.35497,0.03125,0.03125,0.0,0.0,0.9375
524,126,67,0.193,0.2061,0.0011,-0.0007,4,4,0,0,59,-0.0955,0.1026,0.0327,0.0336,0.1797,0.0839,0.9774,0.9634,1.541873,0.2544,0.000264,0.95934,0.20516,-0.0012699999999999999,0.03347,0.96936,0.13296999999999998,0.12744,-0.14145000000000002,0.27708000000000005,1.594871,0.34540000000000004,0.05970149253731343,0.05970149253731343,0.0,0.0,0.8805970149253731
525,128,63,0.2164,0.206,-0.0013,-0.0007,2,2,0,0,59,-0.0499,0.1519,0.0324,0.0336,0.1013,0.0923,0.9791,0.9647,1.607918,0.2539,0.000264,0.95941,0.20765000000000003,-0.0011300000000000001,0.03329,0.97104,0.13390000000000002,0.12671,-0.12761,0.25040999999999997,1.5781813999999998,0.33186,0.031746031746031744,0.031746031746031744,0.0,0.0,0.9365079365079365
526,128,64,0.1978,0.206,-0.004,-0.0007,0,0,0,0,64,-0.0593,0.1262,0.0321,0.0335,0.1187,0.0897,0.9806,0.9659,0.0,0.1671,0.000263,0.95949,0.20453000000000002,-0.00126,0.0331,0.97277,0.13274999999999998,0.11922000000000002,-0.12213,0.23927,1.4267087,0.31429999999999997,0.0,0.0,0.0,0.0,1.0
527,127,65,0.1994,0.205,-0.0027,-0.001,1,1,0,0,63,-0.1064,0.1317,0.0319,0.0334,0.208,0.1297,0.9825,0.9672,1.758871,0.3201,0.000263,0.95956,0.20546999999999999,-0.0013900000000000002,0.03289,0.97454,0.13563,0.124,-0.12749000000000002,0.24967,1.4575215,0.32471,0.015384615384615385,0.015384615384615385,0.0,0.0,0.9692307692307692
528,128,62,0.2194,0.2066,-0.004,-0.0011,0,0,0,0,62,-0.08,0.134,0.0316,0.0333,0.1652,0.1213,0.9834,0.9686,0.0,0.2127,0.000262,0.95964,0.20590000000000003,-0.00152,0.03267,0.97622,0.13796999999999998,0.12323999999999999,-0.11603999999999999,0.22758000000000003,1.280491,0.30601,0.0,0.0,0.0,0.0,1.0
529,127,65,0.1994,0.2052,-0.0,-0.0012,3,3,0,0,59,-0.0819,0.1264,0.0315,0.0332,0.16,0.0811,0.984,0.97,1.472467,0.2554,0.000262,0.95971,0.20606,-0.00125,0.03245,0.97773,0.13725,0.12011999999999998,-0.11200000000000002,0.21910999999999997,1.2825775,0.29978000000000005,0.046153846153846156,0.046153846153846156,0.0,0.0,0.9076923076923077
530,127,64,0.2181,0.2066,-0.0027,-0.0012,1,1,0,0,62,-0.0766,0.134,0.0311,0.0331,0.1521,0.1433,0.9831,0.9713,1.450927,0.2865,0.000261,0.95979,0.20793,-0.0013800000000000002,0.032220000000000006,0.97897,0.13582999999999998,0.12107000000000001,-0.10341,0.20257,1.2675417,0.29084,0.015625,0.015625,0.0,0.0,0.96875
531,125,68,0.1885,0.206,0.0023,-0.0011,5,5,0,0,58,-0.0905,0.111,0.031,0.033,0.1664,0.1092,0.9826,0.9725,1.649314,0.2683,0.000261,0.95986,0.20497,-0.00114,0.03201,0.98004,0.12940000000000002,0.11177000000000001,-0.09704,0.18908,1.2648148000000001,0.27572,0.07352941176470588,0.07352941176470588,0.0,0.0,0.8529411764705882
532,125,67,0.2216,0.2065,0.0024,-0.0009,5,5,0,0,57,-0.1074,0.132,0.0308,0.0328,0.2004,0.175,0.9819,0.9737,1.649984,0.3289,0.00026,0.95994,0.20687000000000003,-0.00102,0.03179,0.98094,0.12929000000000002,0.11871000000000001,-0.09009,0.17562,1.2738442,0.27308000000000004,0.07462686567164178,0.07462686567164178,0.0,0.0,0.8507462686567164
533,128,64,0.1948,0.2061,-0.0027,-0.0011,1,1,0,0,62,-0.0671,0.1174,0.0307,0.0326,0.1341,0.1227,0.9816,0.9747,1.518094,0.2629,0.00026,0.96002,0.20484,-0.00116,0.03158,0.98162,0.12672,0.11481999999999999,-0.08146,0.15859,1.2649447999999999,0.26102,0.015625,0.015625,0.0,0.0,0.96875
534,126,66,0.201,0.2054,-0.0001,-0.0013,3,3,0,0,60,-0.1408,0.1229,0.0305,0.0324,0.2688,0.1571,0.9814,0.9757,1.551659,0.3454,0.000259,0.96009,0.20564,-0.0012800000000000003,0.031360000000000006,0.98202,0.12875,0.12214,-0.08599000000000001,0.1675,1.2659234,0.27012,0.045454545454545456,0.045454545454545456,0.0,0.0,0.9090909090909091
535,127,65,0.2151,0.2066,0.0026,-0.001,5,5,0,0,55,-0.1588,0.1837,0.0304,0.0322,0.3104,0.1482,0.9807,0.9766,1.538199,0.3943,0.000259,0.96017,0.20551,-0.0008900000000000002,0.03116,0.9821800000000002,0.13193,0.12773,-0.09688,0.18841,1.2589515,0.28416,0.07692307692307693,0.07692307692307693,0.0,0.0,0.8461538461538461
536,125,67,0.1995,0.2051,0.0024,-0.0007,5,5,0,0,57,-0.0147,0.1353,0.0305,0.0321,0.0274,0.1003,0.9805,0.9775,1.476431,0.2042,0.000259,0.96024,0.20568,-0.0002500000000000001,0.031,0.98217,0.13284,0.12879000000000002,-0.09242,0.17928000000000002,1.4065946,0.28787,0.07462686567164178,0.07462686567164178,0.0,0.0,0.8507462686567164
537,126,65,0.2198,0.2066,-0.001,-0.0007,3,2,1,0,59,-0.0524,0.1383,0.0306,0.0319,0.1016,0.1307,0.9801,0.9782,1.529413,0.26,0.000258,0.96032,0.20772,-8.000000000000007e-05,0.030869999999999998,0.98193,0.1335,0.12889,-0.08702000000000001,0.16863999999999998,1.3836488,0.28186,0.046153846153846156,0.03076923076923077,0.015384615384615385,0.0,0.9076923076923077
538,128,66,0.19,0.2053,-0.0001,-0.0006,3,3,0,0,60,-0.0685,0.1146,0.0307,0.0317,0.1329,0.0637,0.9788,0.9788,1.57694,0.2322,0.000258,0.96039,0.20478000000000002,0.00030999999999999995,0.030780000000000002,0.9814700000000001,0.13156,0.12313,-0.08587,0.16541,1.5413428,0.28381,0.045454545454545456,0.045454545454545456,0.0,0.0,0.9090909090909091
539,126,64,0.2278,0.2068,0.0,-0.0005,3,3,0,0,58,-0.1381,0.1271,0.0305,0.0316,0.2718,0.1106,0.9764,0.9792,1.600594,0.3325,0.000257,0.96047,0.20762,0.00030999999999999995,0.030680000000000002,0.98071,0.13163,0.12608000000000003,-0.09149,0.17658999999999997,1.5541554999999998,0.29152,0.046875,0.046875,0.0,0.0,0.90625
540,127,65,0.1885,0.2063,-0.0027,-0.0005,1,1,0,0,63,-0.0569,0.1239,0.0305,0.0314,0.1112,0.0874,0.9751,0.9794,1.766106,0.2481,0.000257,0.96054,0.20466,0.00030999999999999995,0.030619999999999998,0.97991,0.13062,0.12049000000000001,-0.08952,0.17250000000000001,1.5856734,0.28768000000000005,0.015384615384615385,0.015384615384615385,0.0,0.0,0.9692307692307692
541,127,65,0.2102,0.2059,-0.0014,-0.0006,2,2,0,0,61,-0.1394,0.1281,0.0304,0.0313,0.2725,0.0866,0.9735,0.9795,1.605932,0.3205,0.000256,0.96062,0.20683,-6.000000000000005e-05,0.030559999999999997,0.9790000000000001,0.13233,0.11822999999999999,-0.09441,0.18311,1.5813351999999998,0.29290000000000005,0.03076923076923077,0.03076923076923077,0.0,0.0,0.9384615384615385
542,126,66,0.2089,0.2062,-0.0007,-0.0007,4,3,0,0,59,-0.132,0.1419,0.0302,0.0311,0.252,0.1334,0.9726,0.9795,1.705449,0.3428,0.000256,0.96069,0.20556000000000002,-0.00037,0.0305,0.9780700000000001,0.13332,0.11406999999999998,-0.09687,0.18827,1.5868817,0.29429000000000005,0.06060606060606061,0.045454545454545456,0.0,0.0,0.8939393939393939
543,126,66,0.201,0.2055,-0.0004,-0.0006,2,3,0,0,61,-0.1342,0.113,0.0301,0.031,0.2561,0.1615,0.9722,0.9794,1.488846,0.3335,0.000255,0.96077,0.20617999999999997,-0.00014000000000000004,0.030440000000000002,0.97713,0.13288,0.11795,-0.10358,0.20046999999999998,1.5839569,0.30135,0.030303030303030304,0.045454545454545456,0.0,0.0,0.9242424242424242
544,128,62,0.2164,0.2067,-0.0026,-0.0008,1,1,0,0,60,-0.0955,0.1831,0.0299,0.0309,0.1971,0.1885,0.9717,0.9791,1.449537,0.3598,0.000255,0.96084,0.20772,-0.00039000000000000005,0.030379999999999997,0.9761599999999999,0.1389,0.12109,-0.09905,0.1933,1.5737447000000002,0.30279,0.016129032258064516,0.016129032258064516,0.0,0.0,0.967741935483871
545,128,65,0.1978,0.2057,-0.0027,-0.0009,1,1,0,0,63,-0.1245,0.1552,0.03,0.0307,0.2452,0.127,0.9719,0.9787,1.449187,0.3342,0.000255,0.96092,0.20598999999999998,-0.00092,0.03034,0.9752799999999999,0.13605,0.11896999999999999,-0.09562000000000001,0.18678,1.5648434999999998,0.29678,0.015384615384615385,0.015384615384615385,0.0,0.0,0.9692307692307692
546,127,63,0.2211,0.2069,-0.0013,-0.0008,2,2,0,0,59,-0.0487,0.1557,0.03,0.0306,0.0983,0.1334,0.9725,0.9783,1.519032,0.2699,0.000254,0.96099,0.20815,-0.00129,0.03029,0.97448,0.13809,0.12227999999999999,-0.09902,0.19387,1.5691036,0.30335,0.031746031746031744,0.031746031746031744,0.0,0.0,0.9365079365079365
547,126,67,0.1839,0.2061,0.0011,-0.0006,4,4,0,0,59,-0.0508,0.1279,0.03,0.0305,0.0956,0.0896,0.9727,0.9778,1.680235,0.2374,0.000254,0.96107,0.20456000000000002,-0.00108,0.03023,0.9737399999999999,0.13705,0.11817,-0.09885999999999999,0.19327,1.5841858,0.30108999999999997,0.05970149253731343,0.05970149253731343,0.0,0.0,0.8805970149253731
548,128,64,0.2194,0.2061,-0.0013,-0.0004,2,2,0,0,60,0.0004,0.1635,0.0298,0.0305,-0.0009,0.1299,0.9725,0.9773,1.447484,0.2185,0.000253,0.96114,0.20750000000000002,-0.0012000000000000001,0.03014,0.9731099999999999,0.14194,0.12479,-0.09197,0.17989,1.5712401999999999,0.29972,0.03125,0.03125,0.0,0.0,0.9375
549,127,64,0.1994,0.2061,-0.0027,-0.0006,1,1,0,0,62,-0.061,0.1415,0.0296,0.0304,0.121,0.0761,0.9718,0.9767,1.518807,0.2446,0.000253,0.96122,0.20465999999999998,-0.00147,0.03005,0.97265,0.14338,0.12134,-0.08426000000000002,0.16480999999999998,1.5630615,0.29093,0.015625,0.015625,0.0,0.0,0.96875
550,127,65,0.1994,0.2052,-0.0027,-0.0006,1,1,0,0,63,-0.0489,0.1361,0.0292,0.0303,0.0955,0.1097,0.9705,0.9761,1.446422,0.2417,0.000252,0.96129,0.20575000000000002,-0.0014700000000000002,0.029920000000000002,0.9721900000000001,0.1446,0.12357,-0.08346,0.16324,1.5310931,0.29029,0.015384615384615385,0.015384615384615385,0.0,0.0,0.9692307692307692
551,128,64,0.2164,0.2066,-0.0013,-0.0007,2,2,0,0,60,-0.0637,0.1953,0.0289,0.0302,0.1274,0.1632,0.9692,0.9754,1.757755,0.3307,0.000252,0.96137,0.20637000000000003,-0.00146,0.02977,0.97176,0.15131999999999998,0.13123,-0.07589,0.14873,1.5462754,0.29131,0.03125,0.03125,0.0,0.0,0.9375
552,125,66,0.2026,0.2056,-0.0001,-0.0009,3,3,0,0,60,-0.038,0.1195,0.0286,0.0301,0.0719,0.1258,0.9687,0.9747,1.652798,0.2391,0.000251,0.96144,0.20573999999999998,-0.0013999999999999998,0.029610000000000004,0.97137,0.14908000000000002,0.13047,-0.06649000000000001,0.13072,1.5410103,0.28094,0.045454545454545456,0.045454545454545456,0.0,0.0,0.9090909090909091
553,128,63,0.2164,0.2067,-0.0026,-0.0009,1,1,0,0,61,-0.1003,0.1854,0.0284,0.0299,0.2039,0.2086,0.969,0.9741,1.755837,0.3882,0.000251,0.96152,0.20728,-0.00162,0.02944,0.97105,0.15632000000000001,0.13518000000000002,-0.0631,0.1255,1.5677094,0.28641,0.015873015873015872,0.015873015873015872,0.0,0.0,0.9682539682539683
554,127,65,0.1915,0.2063,-0.0027,-0.001,1,1,0,0,63,-0.0901,0.1007,0.0283,0.0298,0.1761,0.106,0.9687,0.9735,1.517089,0.2651,0.00025,0.96159,0.20479000000000003,-0.00163,0.02928,0.97075,0.14808000000000002,0.12693,-0.06256,0.1234,1.5744646,0.27694,0.015384615384615385,0.015384615384615385,0.0,0.0,0.9692307692307692
555,128,64,0.2134,0.2062,-0.0013,-0.0012,2,2,0,0,60,-0.1175,0.1693,0.028,0.0297,0.235,0.2077,0.9675,0.9728,1.610232,0.3864,0.00025,0.96167,0.20635000000000003,-0.0014899999999999998,0.02908,0.9703100000000001,0.14948999999999998,0.135,-0.06185999999999999,0.12238,1.5905691000000002,0.28216,0.03125,0.03125,0.0,0.0,0.9375
556,128,63,0.2008,0.2062,-0.004,-0.0015,0,0,0,0,63,-0.1086,0.1653,0.0279,0.0296,0.2207,0.1126,0.9659,0.9721,0.0,0.2509,0.00025,0.96174,0.20432,-0.0017599999999999998,0.02887,0.96965,0.15045000000000003,0.13291999999999998,-0.06785,0.13462,1.4386659,0.28026000000000006,0.0,0.0,0.0,0.0,1.0
557,126,66,0.2016,0.2053,-0.0001,-0.0015,3,3,0,0,60,-0.1217,0.144,0.0276,0.0294,0.2323,0.1141,0.9641,0.9713,1.656413,0.3223,0.000249,0.96182,0.20609000000000002,-0.0018800000000000002,0.02863,0.96879,0.15206,0.13537000000000002,-0.07494,0.14829,1.4362837000000002,0.28875,0.045454545454545456,0.045454545454545456,0.0,0.0,0.9090909090909091
558,128,62,0.2194,0.2068,-0.004,-0.0017,0,0,0,0,62,-0.1458,0.1726,0.0271,0.0293,0.3011,0.1509,0.9617,0.9704,0.0,0.3169,0.000249,0.96189,0.20609000000000002,-0.00215,0.028360000000000003,0.9677100000000001,0.15297,0.13747,-0.08956,0.17848999999999998,1.2915353,0.29859,0.0,0.0,0.0,0.0,1.0
559,127,67,0.1964,0.2052,-0.0001,-0.0017,3,3,0,0,61,-0.1281,0.1419,0.0269,0.0291,0.2427,0.1353,0.9602,0.9696,1.575399,0.3319,0.000248,0.96197,0.20579,-0.00189,0.028089999999999997,0.96655,0.15301,0.14339,-0.09627,0.19066,1.2971945,0.30732,0.04477611940298507,0.04477611940298507,0.0,0.0,0.9104477611940298
560,126,64,0.2198,0.2068,-0.001,-0.0016,3,2,1,0,58,-0.0842,0.1686,0.0266,0.0289,0.1658,0.1494,0.9583,0.9688,1.560885,0.3185,0.000248,0.96204,0.20783000000000001,-0.00172,0.02783,0.96533,0.15626,0.14736,-0.0998,0.19769,1.3086408,0.315,0.046875,0.03125,0.015625,0.0,0.90625
561,126,66,0.19,0.2058,-0.0023,-0.0016,2,1,1,0,62,-0.1392,0.1159,0.0266,0.0287,0.2657,0.1147,0.9566,0.9679,1.427422,0.3131,0.000247,0.96212,0.20519000000000004,-0.00182,0.027600000000000003,0.9640700000000001,0.14832,0.14251,-0.10735000000000001,0.21152,1.2756075,0.31323999999999996,0.030303030303030304,0.015151515151515152,0.015151515151515152,0.0,0.9393939393939394
562,128,62,0.2272,0.2067,-0.0012,-0.0017,2,2,0,0,58,-0.0783,0.1584,0.0264,0.0285,0.1616,0.1187,0.9539,0.967,1.604017,0.302,0.000247,0.96219,0.20764999999999997,-0.00193,0.027379999999999998,0.96259,0.15221,0.1418,-0.11137999999999999,0.22049000000000002,1.2707294,0.31953,0.03225806451612903,0.03225806451612903,0.0,0.0,0.9354838709677419
563,127,66,0.1915,0.2062,-0.0001,-0.0016,3,3,0,0,60,-0.1321,0.1306,0.026,0.0283,0.2543,0.0546,0.9498,0.9659,1.673385,0.2982,0.000246,0.96227,0.20516,-0.0016799999999999999,0.027139999999999997,0.96067,0.14672999999999997,0.1264,-0.11456,0.22553,1.2624842,0.31053,0.045454545454545456,0.045454545454545456,0.0,0.0,0.9090909090909091
564,127,66,0.2072,0.2058,-0.0014,-0.0016,2,2,0,0,62,-0.0952,0.1525,0.0255,0.0281,0.1832,0.1311,0.9454,0.9645,1.749714,0.3171,0.000246,0.96234,0.20673,-0.00155,0.026860000000000002,0.9583400000000001,0.15191,0.12891000000000002,-0.11507,0.22624,1.2857467,0.31573,0.030303030303030304,0.030303030303030304,0.0,0.0,0.9393939393939394
565,127,64,0.2102,0.2064,-0.0023,-0.0016,2,2,0,0,60,-0.1322,0.1634,0.0251,0.0278,0.2624,0.1505,0.9415,0.963,1.612151,0.3676,0.000245,0.96242,0.20640999999999998,-0.00165,0.02657,0.9557399999999999,0.15132,0.12319,-0.11654,0.22898000000000002,1.2859386000000002,0.31385,0.03125,0.03125,0.0,0.0,0.9375
566,127,64,0.1964,0.2051,-0.0027,-0.0016,1,1,0,0,62,-0.075,0.1633,0.0248,0.0276,0.1488,0.1062,0.9378,0.9613,1.774367,0.2971,0.000245,0.96249,0.20597,-0.00152,0.02626,0.9529299999999999,0.15112,0.12255,-0.11317999999999999,0.22179000000000001,1.4633753,0.31847,0.015625,0.015625,0.0,0.0,0.96875
567,127,64,0.2211,0.207,-0.0026,-0.0018,1,1,0,0,62,-0.12,0.1458,0.0244,0.0273,0.2382,0.1847,0.9348,0.9594,1.522151,0.3594,0.000245,0.96257,0.20791999999999997,-0.00177,0.025939999999999998,0.95,0.1513,0.12961,-0.11300999999999999,0.22237999999999997,1.4499491,0.32218,0.015625,0.015625,0.0,0.0,0.96875
568,127,65,0.1994,0.206,-0.0027,-0.0019,1,1,0,0,63,-0.1043,0.1209,0.0243,0.027,0.2038,0.1535,0.932,0.9574,1.750572,0.3241,0.000244,0.96264,0.20592000000000002,-0.0016400000000000002,0.02566,0.94703,0.14612999999999998,0.12986999999999999,-0.10886,0.21265,1.6250063000000001,0.3229,0.015384615384615385,0.015384615384615385,0.0,0.0,0.9692307692307692
569,128,62,0.2164,0.2069,-0.004,-0.002,0,0,0,0,62,-0.122,0.2006,0.0241,0.0267,0.2519,0.2334,0.9297,0.9553,0.0,0.3467,0.000244,0.96272,0.20792000000000002,-0.00203,0.025379999999999996,0.94398,0.152,0.13968,-0.10825,0.21356999999999998,1.4674664,0.32438,0.0,0.0,0.0,0.0,1.0
570,127,66,0.1915,0.2065,-0.0001,-0.0018,3,3,0,0,60,-0.12,0.1134,0.0241,0.0265,0.231,0.1199,0.9285,0.9532,1.502015,0.3026,0.000243,0.96279,0.20509,-0.00194,0.025129999999999996,0.9410000000000001,0.14648,0.13673,-0.11183000000000001,0.22008999999999998,1.4615794,0.32279,0.045454545454545456,0.045454545454545456,0.0,0.0,0.9090909090909091
571,128,64,0.2134,0.2063,-0.0019,-0.0019,3,1,1,0,59,-0.1452,0.1975,0.0239,0.0262,0.2904,0.1679,0.9272,0.9511,1.433627,0.3994,0.000243,0.96287,0.20743,-0.0019000000000000002,0.02486,0.9380599999999999,0.15464,0.14204999999999998,-0.11242999999999999,0.22256,1.4621998999999999,0.33141999999999994,0.046875,0.015625,0.015625,0.0,0.921875
572,127,65,0.1994,0.2061,-0.0038,-0.002,1,2,0,0,62,-0.1014,0.1532,0.0237,0.026,0.1982,0.11,0.9248,0.9489,1.519362,0.3042,0.000242,0.96294,0.20465,-0.00216,0.024589999999999997,0.9351499999999999,0.15411999999999998,0.14118,-0.11474,0.22622,1.4537344,0.33164000000000005,0.015384615384615385,0.03076923076923077,0.0,0.0,0.9538461538461539
573,128,63,0.2008,0.2054,-0.004,-0.0021,0,0,0,0,63,-0.1263,0.1659,0.0233,0.0257,0.2566,0.1168,0.921,0.9465,0.0,0.2715,0.000242,0.96302,0.20558,-0.00255,0.02432,0.9322700000000002,0.15765,0.1474,-0.11416,0.22644999999999998,1.2863959,0.32897000000000004,0.0,0.0,0.0,0.0,1.0
574,126,64,0.2138,0.2065,-0.0013,-0.002,2,2,0,0,60,-0.1295,0.2223,0.023,0.0255,0.2549,0.2144,0.918,0.9439,1.492894,0.4183,0.000241,0.96309,0.20623999999999998,-0.0025399999999999997,0.02407,0.92953,0.16463,0.15572999999999998,-0.11759,0.23362000000000002,1.2607139,0.33909,0.03125,0.03125,0.0,0.0,0.9375
575,128,64,0.2008,0.2059,-0.004,-0.0022,0,0,0,0,64,-0.2272,0.209,0.0228,0.0252,0.4545,0.1555,0.9154,0.9413,0.0,0.4094,0.000241,0.96317,0.20529999999999998,-0.0027099999999999997,0.02384,0.92692,0.16919,0.15623,-0.12709,0.25283,1.0994987999999999,0.34326999999999996,0.0,0.0,0.0,0.0,1.0
576,127,64,0.2217,0.2069,-0.0023,-0.0021,2,2,0,0,60,-0.1345,0.1498,0.0227,0.0249,0.2669,0.1674,0.9137,0.9387,1.731724,0.3775,0.000241,0.96324,0.20783000000000001,-0.0026699999999999996,0.02363,0.92451,0.16784,0.16235,-0.13304,0.26464000000000004,1.0952344999999999,0.35130999999999996,0.03125,0.03125,0.0,0.0,0.9375
577,128,64,0.19,0.2063,-0.0027,-0.0022,1,1,0,0,62,-0.194,0.1544,0.0227,0.0247,0.388,0.0906,0.9118,0.9361,1.461346,0.3895,0.00024,0.96332,0.20472,-0.00268,0.02346,0.92221,0.16870000000000002,0.15294,-0.14043999999999998,0.27962000000000004,1.0891540000000002,0.35432,0.015625,0.015625,0.0,0.0,0.96875
578,127,64,0.2181,0.2063,-0.0011,-0.0021,2,2,0,0,60,-0.0326,0.1546,0.0226,0.0245,0.0648,0.1255,0.9105,0.9335,1.637972,0.254,0.00024,0.96339,0.20659,-0.00252,0.023289999999999998,0.92006,0.17207,0.15014,-0.13327,0.26572,1.0778940000000001,0.34731,0.03125,0.03125,0.0,0.0,0.9375
579,126,66,0.1949,0.2062,-0.0001,-0.0021,3,3,0,0,60,-0.0879,0.168,0.0227,0.0243,0.1679,0.1343,0.9108,0.9311,1.557452,0.3089,0.000239,0.96347,0.20444,-0.00213,0.02315,0.9181700000000002,0.16881,0.14023,-0.12986,0.25732,1.2336392,0.34353,0.045454545454545456,0.045454545454545456,0.0,0.0,0.9090909090909091
580,127,66,0.2132,0.2059,-0.0014,-0.0021,2,2,0,0,62,-0.1735,0.1829,0.0227,0.0241,0.3339,0.1779,0.9102,0.9287,1.598723,0.4206,0.000239,0.96354,0.20661000000000002,-0.0022600000000000003,0.023010000000000003,0.9163399999999999,0.17576,0.14603,-0.13521,0.26761,1.24331,0.35533000000000003,0.030303030303030304,0.030303030303030304,0.0,0.0,0.9393939393939394
581,128,62,0.2086,0.2068,-0.0026,-0.0021,1,1,0,0,60,-0.1235,0.183,0.0225,0.0239,0.2551,0.1722,0.9077,0.9262,1.724449,0.3952,0.000238,0.96362,0.20613,-0.00233,0.02287,0.91439,0.17431000000000002,0.14646,-0.13304,0.26408,1.2723922,0.35491,0.016129032258064516,0.016129032258064516,0.0,0.0,0.967741935483871
582,127,66,0.1964,0.2052,-0.0001,-0.0021,3,3,0,0,60,-0.1174,0.1834,0.0224,0.0237,0.2259,0.1417,0.9056,0.9238,1.484644,0.3452,0.000238,0.96369,0.20583,-0.00196,0.022740000000000003,0.9124700000000001,0.17733,0.14962999999999999,-0.13464,0.26685000000000003,1.2689204,0.35901,0.045454545454545456,0.045454545454545456,0.0,0.0,0.9090909090909091
583,126,65,0.2235,0.2068,-0.0023,-0.0022,2,1,1,0,61,-0.1807,0.1713,0.0221,0.0235,0.3502,0.216,0.9036,0.9215,1.592197,0.4427,0.000237,0.96377,0.2081,-0.00179,0.02262,0.91073,0.17787000000000003,0.15955,-0.14007999999999998,0.27621,1.4281400999999998,0.37612999999999996,0.03076923076923077,0.015384615384615385,0.015384615384615385,0.0,0.9384615384615385
584,127,65,0.1891,0.2059,-0.0014,-0.0022,2,2,0,0,61,-0.1325,0.15,0.0221,0.0233,0.2588,0.1069,0.9018,0.9193,1.592138,0.3343,0.000237,0.96384,0.20562999999999998,-0.0018000000000000002,0.02253,0.9091100000000001,0.17064,0.1488,-0.14038,0.2766,1.4380644999999999,0.36773,0.03076923076923077,0.03076923076923077,0.0,0.0,0.9384615384615385
585,127,64,0.226,0.2067,-0.0013,-0.0021,2,2,0,0,60,-0.1033,0.1922,0.022,0.0231,0.2049,0.2458,0.9006,0.9173,1.59158,0.4001,0.000236,0.96392,0.20815,-0.0015300000000000001,0.02245,0.9076299999999999,0.16896,0.15783,-0.12799,0.25164,1.5972225,0.3668,0.03125,0.03125,0.0,0.0,0.9375
586,127,65,0.1915,0.2065,-0.0027,-0.0021,1,1,0,0,63,-0.1789,0.1285,0.0219,0.023,0.3496,0.1413,0.8986,0.9153,1.741878,0.3926,0.000236,0.96399,0.20512999999999998,-0.0015699999999999998,0.02237,0.9061199999999999,0.16683,0.15522,-0.13243,0.25991,1.5982379,0.36830999999999997,0.015384615384615385,0.015384615384615385,0.0,0.0,0.9692307692307692
587,128,62,0.2056,0.2057,-0.0026,-0.0021,1,1,0,0,60,-0.056,0.1735,0.0216,0.0229,0.1156,0.1356,0.896,0.9134,1.740201,0.3011,0.000236,0.96407,0.20668999999999998,-0.00156,0.02226,0.9045400000000001,0.16874,0.15972,-0.11863000000000001,0.23267,1.6261233999999998,0.35946999999999996,0.016129032258064516,0.016129032258064516,0.0,0.0,0.967741935483871
588,128,65,0.2086,0.2062,-0.0027,-0.0021,1,1,0,0,63,-0.1086,0.1938,0.0213,0.0227,0.2138,0.1903,0.8934,0.9115,1.534413,0.3739,0.000235,0.96414,0.20573999999999998,-0.00172,0.022130000000000004,0.90283,0.17265999999999998,0.1662,-0.12623,0.24756999999999998,1.6157675,0.37146,0.015384615384615385,0.015384615384615385,0.0,0.0,0.9692307692307692
589,128,64,0.2008,0.2054,-0.0027,-0.0021,1,1,0,0,62,-0.1337,0.1687,0.0211,0.0226,0.2674,0.1188,0.8904,0.9095,1.733096,0.364,0.000235,0.96422,0.20632999999999999,-0.00198,0.02197,0.90079,0.17273,0.16465000000000002,-0.13081,0.25752,1.6333319,0.37696999999999997,0.015625,0.015625,0.0,0.0,0.96875
590,127,63,0.2181,0.2067,-0.0023,-0.0022,2,2,0,0,59,-0.0326,0.1715,0.0207,0.0224,0.0658,0.1145,0.8875,0.9074,1.500537,0.2511,0.000234,0.96429,0.20682,-0.00207,0.02177,0.8985199999999999,0.17159,0.15831,-0.11672,0.23070999999999997,1.6235133000000002,0.36002,0.031746031746031744,0.031746031746031744,0.0,0.0,0.9365079365079365
591,126,66,0.1979,0.2059,-0.0014,-0.0021,2,2,0,0,62,-0.1344,0.1615,0.0205,0.0222,0.2566,0.1731,0.8851,0.9053,1.589472,0.3688,0.000234,0.96437,0.20575000000000002,-0.00195,0.02157,0.8962600000000001,0.16944,0.15839999999999999,-0.11781,0.23086,1.6100156,0.35738,0.030303030303030304,0.030303030303030304,0.0,0.0,0.9393939393939394
592,128,64,0.2194,0.2069,-0.0027,-0.0021,1,1,0,0,62,-0.0889,0.169,0.02,0.022,0.1778,0.2059,0.8806,0.9031,1.466841,0.3496,0.000233,0.96444,0.20804999999999998,-0.00221,0.02133,0.89376,0.168,0.16482000000000002,-0.11495999999999999,0.22605,1.6082353,0.35781999999999997,0.015625,0.015625,0.0,0.0,0.96875
593,127,65,0.1915,0.2065,-0.0014,-0.0019,2,2,0,0,61,-0.1619,0.1496,0.0197,0.0218,0.3163,0.1001,0.8764,0.9009,1.46683,0.3525,0.000233,0.96452,0.20484999999999998,-0.00212,0.021089999999999998,0.8910399999999999,0.16583,0.15323,-0.11308,0.22266,1.5956986,0.3488,0.03076923076923077,0.03076923076923077,0.0,0.0,0.9384615384615385
594,127,63,0.2164,0.2066,-0.0036,-0.0021,1,0,1,0,61,-0.0868,0.1879,0.0193,0.0217,0.1751,0.2033,0.8715,0.8986,1.818807,0.3746,0.000232,0.96459,0.20758000000000001,-0.0023399999999999996,0.020810000000000002,0.8880099999999999,0.16962,0.16287000000000001,-0.10851,0.21429,1.6183655000000001,0.35283000000000003,0.015873015873015872,0.0,0.015873015873015872,0.0,0.9682539682539683
595,128,64,0.1978,0.2065,-0.0027,-0.002,1,1,0,0,62,-0.0876,0.1947,0.019,0.0215,0.1752,0.1495,0.8681,0.8962,1.466499,0.3329,0.000232,0.96467,0.20476,-0.00248,0.02051,0.88476,0.16987000000000002,0.15324,-0.10694,0.21132,1.6058574,0.34611000000000003,0.015625,0.015625,0.0,0.0,0.96875
596,128,64,0.2008,0.2054,-0.004,-0.0021,0,0,0,0,64,-0.1255,0.1913,0.0185,0.0213,0.251,0.1627,0.8638,0.8937,0.0,0.3024,0.000232,0.96474,0.20569,-0.0026100000000000003,0.02017,0.88128,0.17615,0.15538000000000002,-0.1016,0.20145999999999997,1.4316696,0.33709,0.0,0.0,0.0,0.0,1.0
597,128,62,0.2223,0.207,-0.0012,-0.002,2,2,0,0,58,-0.1253,0.1854,0.0179,0.021,0.2587,0.1189,0.8582,0.891,1.722434,0.3715,0.000231,0.96482,0.20736000000000004,-0.00247,0.0198,0.8775000000000001,0.17734,0.15371,-0.10852999999999999,0.21577000000000002,1.4298929,0.34412999999999994,0.03225806451612903,0.03225806451612903,0.0,0.0,0.9354838709677419
598,127,66,0.1964,0.2059,-0.0014,-0.002,2,2,0,0,62,-0.149,0.1886,0.0175,0.0208,0.2867,0.0854,0.8529,0.8881,1.714944,0.3604,0.000231,0.96489,0.20614,-0.00234,0.01942,0.8734500000000001,0.17682,0.14322,-0.11256999999999999,0.22305999999999998,1.4479460000000002,0.34278,0.030303030303030304,0.030303030303030304,0.0,0.0,0.9393939393939394
599,128,63,0.2164,0.207,-0.004,-0.0022,0,0,0,0,63,-0.0474,0.2255,0.0171,0.0205,0.0962,0.1958,0.8472,0.885,0.0,0.2594,0.00023,0.96497,0.2077,-0.0024700000000000004,0.01902,0.86913,0.1825,0.15092,-0.10394,0.20594,1.2746364,0.33232,0.0,0.0,0.0,0.0,1.0
600,127,65,0.1915,0.2059,-0.0027,-0.0023,1,1,0,0,63,-0.1234,0.1645,0.0169,0.0202,0.2411,0.1188,0.8437,0.8816,1.466661,0.3326,0.00023,0.96505,0.20503999999999997,-0.0025100000000000005,0.018639999999999997,0.8647500000000001,0.18180000000000002,0.15134999999999998,-0.11302000000000001,0.22347,1.2712488,0.34047,0.015384615384615385,0.015384615384615385,0.0,0.0,0.9692307692307692
601,127,63,0.226,0.2068,-0.0013,-0.0022,2,2,0,0,59,-0.0888,0.1711,0.0166,0.0199,0.1791,0.1426,0.8401,0.8783,1.638984,0.3289,0.000229,0.96512,0.20785,-0.0025,0.01825,0.8602500000000001,0.18276,0.14830000000000002,-0.10846,0.21572,1.2761999999999998,0.33648,0.031746031746031744,0.031746031746031744,0.0,0.0,0.9365079365079365
602,127,65,0.1885,0.2064,-0.0027,-0.0023,1,1,0,0,63,-0.0693,0.1584,0.0163,0.0196,0.1353,0.1305,0.836,0.8748,1.547914,0.2878,0.000229,0.9652,0.20476,-0.0025,0.01788,0.85579,0.1817,0.14076,-0.1065,0.21147,1.2843073,0.3303,0.015384615384615385,0.015384615384615385,0.0,0.0,0.9692307692307692
603,126,66,0.2119,0.2058,0.0003,-0.0022,4,3,1,0,58,-0.0531,0.1741,0.016,0.0193,0.1014,0.1443,0.8317,0.8712,1.679445,0.2914,0.000228,0.96527,0.2068,-0.00233,0.01751,0.85132,0.18415,0.14518,-0.09562000000000001,0.18997999999999998,1.3055688,0.32419,0.06060606060606061,0.045454545454545456,0.015151515151515152,0.0,0.8787878787878788
604,128,64,0.2086,0.2068,-0.0027,-0.0023,1,1,0,0,62,-0.1524,0.1896,0.0157,0.019,0.3048,0.1773,0.8288,0.8675,1.46812,0.4092,0.000228,0.96535,0.20602,-0.0022400000000000002,0.01715,0.84705,0.18432,0.14257999999999998,-0.10218,0.20295000000000002,1.2705001,0.32765,0.015625,0.015625,0.0,0.0,0.96875
605,128,64,0.1978,0.2054,-0.0027,-0.0023,1,1,0,0,62,-0.1018,0.1811,0.0155,0.0187,0.2035,0.1187,0.8252,0.8638,1.703118,0.3367,0.000227,0.96542,0.20602,-0.0022400000000000002,0.0168,0.84276,0.18296,0.1395,-0.1036,0.20578000000000002,1.294162,0.32803,0.015625,0.015625,0.0,0.0,0.96875
606,128,62,0.2194,0.2068,-0.004,-0.0024,0,0,0,0,62,-0.042,0.1932,0.0153,0.0183,0.0868,0.1416,0.8222,0.8599,0.0,0.2121,0.000227,0.9655,0.20788,-0.0022400000000000002,0.01648,0.8385999999999999,0.18315,0.13738999999999998,-0.09525,0.18936,1.294162,0.319,0.0,0.0,0.0,0.0,1.0
607,127,64,0.1994,0.2065,-0.0027,-0.0024,1,1,0,0,62,-0.0595,0.1633,0.0151,0.018,0.1181,0.0853,0.8182,0.856,1.69883,0.2677,0.000227,0.96557,0.20559000000000002,-0.00239,0.0162,0.8346,0.18094000000000002,0.13403,-0.08867,0.1753,1.2918016,0.30862,0.015625,0.015625,0.0,0.0,0.96875
608,126,65,0.2198,0.207,-0.0,-0.0023,3,3,0,0,59,-0.0489,0.2006,0.0149,0.0177,0.0948,0.1795,0.8143,0.8521,1.576572,0.3147,0.000226,0.96565,0.20793,-0.00225,0.015940000000000003,0.8307399999999999,0.18214000000000002,0.14344,-0.07866,0.15611,1.2779644,0.30405,0.046153846153846156,0.046153846153846156,0.0,0.0,0.9076923076923077
609,128,65,0.19,0.2065,-0.0027,-0.0023,1,1,0,0,63,-0.1679,0.1628,0.0148,0.0174,0.3306,0.0906,0.8119,0.8482,1.726229,0.3756,0.000226,0.96572,0.20529000000000003,-0.00212,0.015710000000000002,0.82721,0.17587000000000003,0.13292,-0.09071,0.17955000000000002,1.4505873,0.31567,0.015384615384615385,0.015384615384615385,0.0,0.0,0.9692307692307692
610,128,62,0.2164,0.2064,-0.004,-0.0024,0,0,0,0,62,-0.1329,0.2626,0.0146,0.0171,0.2743,0.2179,0.8081,0.8442,0.0,0.3816,0.000225,0.9658,0.20778,-0.0022500000000000003,0.015479999999999999,0.82365,0.18568,0.14283,-0.09166,0.18287,1.3039212,0.32056999999999997,0.0,0.0,0.0,0.0,1.0
611,128,64,0.1978,0.2064,-0.004,-0.0025,0,0,0,0,64,-0.0715,0.1846,0.0146,0.0168,0.143,0.1345,0.8046,0.8402,0.0,0.2309,0.000225,0.96587,0.20495999999999998,-0.00252,0.015279999999999998,0.8201,0.18702999999999997,0.14201999999999998,-0.08993000000000001,0.17926,1.1400228000000001,0.31077,0.0,0.0,0.0,0.0,1.0
612,127,65,0.1994,0.2054,-0.0027,-0.0025,1,1,0,0,63,-0.0874,0.1824,0.0145,0.0165,0.1708,0.1565,0.8026,0.8363,1.688158,0.3371,0.000224,0.96595,0.20605,-0.00252,0.015099999999999999,0.81676,0.18943000000000002,0.14462,-0.09174,0.18280999999999997,1.1540472000000002,0.3157,0.015384615384615385,0.015384615384615385,0.0,0.0,0.9692307692307692
613,128,62,0.2194,0.2068,-0.004,-0.0026,0,0,0,0,62,-0.0591,0.2361,0.0144,0.0162,0.1219,0.2327,0.7988,0.8324,0.0,0.2972,0.000224,0.96602,0.2068,-0.0029500000000000004,0.01494,0.81347,0.19563,0.15346,-0.09234,0.18486,0.9861027,0.31628,0.0,0.0,0.0,0.0,1.0
614,125,66,0.1965,0.2058,0.0012,-0.0024,4,4,0,0,58,-0.082,0.1884,0.0143,0.016,0.1554,0.198,0.7952,0.8286,1.640406,0.3484,0.000223,0.9661,0.20559000000000002,-0.00256,0.014799999999999999,0.8101100000000001,0.19551000000000002,0.15553,-0.0853,0.16992000000000002,1.0033313,0.3102,0.06060606060606061,0.06060606060606061,0.0,0.0,0.8787878787878788
615,128,65,0.2223,0.207,-0.0014,-0.0023,2,2,0,0,61,-0.1295,0.2061,0.0141,0.0157,0.2551,0.1979,0.791,0.8247,1.639987,0.4094,0.000223,0.96617,0.20804,-0.0024300000000000003,0.014660000000000001,0.80669,0.19801,0.16345,-0.08807000000000001,0.17507999999999999,0.9970182000000001,0.31747000000000003,0.03076923076923077,0.03076923076923077,0.0,0.0,0.9384615384615385
616,126,66,0.19,0.2065,-0.0014,-0.0022,2,2,0,0,62,-0.1668,0.1347,0.0141,0.0155,0.3185,0.1584,0.7878,0.8209,1.620037,0.3792,0.000223,0.96625,0.2051,-0.00217,0.01454,0.80325,0.19216000000000003,0.16513,-0.10055,0.19824999999999998,1.1590219000000002,0.33418000000000003,0.030303030303030304,0.030303030303030304,0.0,0.0,0.9393939393939394
617,128,63,0.2134,0.206,-0.0013,-0.0022,2,2,0,0,59,-0.0766,0.2422,0.0139,0.0153,0.1557,0.2603,0.7843,0.8172,1.697952,0.4151,0.000222,0.96632,0.2065,-0.00203,0.014419999999999999,0.79986,0.20005,0.18263,-0.10225999999999999,0.20200999999999997,1.1589341,0.34892,0.031746031746031744,0.031746031746031744,0.0,0.0,0.9365079365079365
618,128,65,0.1978,0.2061,-0.0027,-0.0023,1,1,0,0,63,-0.1133,0.216,0.014,0.0151,0.2231,0.2162,0.7826,0.8137,1.697164,0.4106,0.000222,0.9664,0.2043,-0.0023,0.014329999999999999,0.79669,0.20159,0.1863,-0.10869999999999999,0.21484,1.1709933000000001,0.35851,0.015384615384615385,0.015384615384615385,0.0,0.0,0.9692307692307692
619,128,62,0.2116,0.2059,-0.0026,-0.0022,1,1,0,0,60,-0.0718,0.1815,0.0138,0.015,0.1482,0.085,0.7795,0.8103,1.562728,0.2878,0.000221,0.96647,0.20646,-0.00229,0.014230000000000001,0.79345,0.20345999999999997,0.18574,-0.09909,0.1966,1.1546432000000002,0.34973,0.016129032258064516,0.016129032258064516,0.0,0.0,0.967741935483871
620,127,65,0.2072,0.2067,-0.0014,-0.0021,2,2,0,0,61,-0.1387,0.1893,0.0135,0.0148,0.2709,0.1678,0.7757,0.8069,1.52299,0.3869,0.000221,0.96655,0.20554,-0.0020299999999999997,0.014120000000000002,0.7902099999999999,0.19613,0.18073,-0.09967,0.19626,1.3069422000000002,0.35026,0.03076923076923077,0.03076923076923077,0.0,0.0,0.9384615384615385
621,127,65,0.1994,0.2053,-0.0027,-0.0022,1,1,0,0,63,-0.0683,0.1712,0.0132,0.0146,0.1335,0.1557,0.7727,0.8036,1.562232,0.3067,0.00022,0.96662,0.2057,-0.0019,0.013980000000000001,0.7870199999999999,0.19479,0.18285,-0.09935,0.19530999999999998,1.4631654,0.35784,0.015384615384615385,0.015384615384615385,0.0,0.0,0.9692307692307692
622,128,62,0.2164,0.2067,-0.004,-0.0023,0,0,0,0,62,-0.0724,0.2078,0.0131,0.0145,0.1494,0.1896,0.7722,0.8004,0.0,0.2757,0.00022,0.9667,0.20739999999999997,-0.0020299999999999997,0.01384,0.7839799999999999,0.19733,0.18616000000000002,-0.09785,0.19317,1.2943495999999999,0.3517,0.0,0.0,0.0,0.0,1.0
623,128,64,0.19,0.2056,-0.004,-0.0025,0,0,0,0,64,-0.0483,0.1634,0.013,0.0143,0.0966,0.1121,0.7716,0.7974,0.0,0.186,0.000219,0.96677,0.20446,-0.0020299999999999997,0.0137,0.78126,0.19006,0.1741,-0.09677,0.19063999999999998,1.2943495999999999,0.34058,0.0,0.0,0.0,0.0,1.0
624,128,62,0.2302,0.2067,-0.004,-0.0025,0,0,0,0,62,-0.1,0.2164,0.0128,0.0142,0.2064,0.208,0.7712,0.7945,0.0,0.3186,0.000219,0.96685,0.20783000000000001,-0.0025499999999999997,0.013549999999999998,0.7788600000000001,0.19285999999999998,0.17509999999999998,-0.09857,0.19574,1.130309,0.3376,0.0,0.0,0.0,0.0,1.0
625,127,65,0.1885,0.2062,-0.0027,-0.0025,1,1,0,0,63,-0.0591,0.1509,0.0127,0.014,0.1156,0.1201,0.7704,0.7918,1.559319,0.2698,0.000218,0.96692,0.20445000000000002,-0.00268,0.01341,0.7767999999999999,0.18734,0.16732,-0.09153,0.18179,1.1222421999999999,0.32364,0.015384615384615385,0.015384615384615385,0.0,0.0,0.9692307692307692
626,128,64,0.2134,0.2059,-0.0013,-0.0024,2,2,0,0,60,-0.1319,0.2102,0.0125,0.0139,0.2638,0.1316,0.7708,0.7892,1.601697,0.3828,0.000218,0.967,0.20679000000000003,-0.0026699999999999996,0.013250000000000001,0.7751,0.19488999999999998,0.16464,-0.08803999999999998,0.17632,1.1204082,0.32399999999999995,0.03125,0.03125,0.0,0.0,0.9375
627,127,64,0.1994,0.2059,-0.0027,-0.0024,1,1,0,0,62,-0.0507,0.1882,0.0122,0.0137,0.1005,0.1336,0.7706,0.7868,1.713772,0.2964,0.000218,0.96707,0.20539000000000002,-0.00281,0.01308,0.77373,0.18949,0.15197,-0.08545,0.1708,1.1219902,0.31213,0.015625,0.015625,0.0,0.0,0.96875
628,128,63,0.2008,0.205,-0.004,-0.0026,0,0,0,0,63,-0.0566,0.1881,0.0119,0.0136,0.1149,0.106,0.7693,0.7846,0.0,0.2053,0.000217,0.96715,0.20569,-0.00294,0.012870000000000001,0.7724,0.1867,0.14095,-0.07977999999999999,0.15998,0.9522737999999998,0.29159999999999997,0.0,0.0,0.0,0.0,1.0
629,127,64,0.2211,0.2065,-0.0027,-0.0026,1,1,0,0,62,-0.1501,0.1932,0.0115,0.0134,0.2979,0.2488,0.7664,0.7823,1.491388,0.4433,0.000217,0.96722,0.20664,-0.0029500000000000004,0.012640000000000002,0.7710899999999999,0.18787,0.15733,-0.08761,0.17495,0.9451398000000001,0.30715000000000003,0.015625,0.015625,0.0,0.0,0.96875
630,127,65,0.1994,0.2057,-0.0,-0.0024,3,3,0,0,59,-0.1254,0.1929,0.0111,0.0132,0.2449,0.1338,0.7636,0.7801,1.669834,0.3663,0.000216,0.9673,0.20586000000000002,-0.0028100000000000004,0.012400000000000001,0.76988,0.18822999999999998,0.15393,-0.08628,0.17235,0.9598242000000001,0.30509,0.046153846153846156,0.046153846153846156,0.0,0.0,0.9076923076923077
631,128,63,0.2134,0.2065,-0.004,-0.0024,0,0,0,0,63,-0.1001,0.2268,0.0108,0.0131,0.2034,0.1981,0.7622,0.7779,0.0,0.3157,0.000216,0.96737,0.20726,-0.0029400000000000003,0.01216,0.76883,0.19379,0.15816999999999998,-0.08946000000000001,0.17934,0.8036010000000001,0.30599000000000004,0.0,0.0,0.0,0.0,1.0
632,126,66,0.193,0.2062,-0.0014,-0.0023,2,2,0,0,62,-0.0596,0.1332,0.0107,0.0129,0.1137,0.1419,0.7614,0.7759,1.612565,0.2723,0.000215,0.96745,0.20492,-0.00268,0.01192,0.76775,0.18633,0.1534,-0.08818000000000001,0.17577,0.9648575000000001,0.30565000000000003,0.030303030303030304,0.030303030303030304,0.0,0.0,0.9393939393939394
633,128,62,0.2134,0.2059,-0.004,-0.0023,0,0,0,0,62,-0.0864,0.2275,0.0105,0.0127,0.1784,0.2589,0.7622,0.774,0.0,0.3351,0.000215,0.96752,0.20726,-0.00268,0.011670000000000002,0.76681,0.19274,0.16808,-0.09199,0.18395,0.9648575000000001,0.32056,0.0,0.0,0.0,0.0,1.0
634,127,66,0.2024,0.2062,-0.0014,-0.0025,2,2,0,0,62,-0.0995,0.1936,0.0104,0.0125,0.1914,0.1886,0.7648,0.7725,1.580343,0.362,0.000214,0.9676,0.20448,-0.0024200000000000003,0.01143,0.76617,0.19046000000000002,0.16614,-0.09194,0.18245,1.1228918,0.3249,0.030303030303030304,0.030303030303030304,0.0,0.0,0.9393939393939394
635,128,63,0.1978,0.2049,-0.0037,-0.0026,1,0,0,0,62,-0.0999,0.1828,0.0103,0.0123,0.203,0.1988,0.7672,0.7713,1.489868,0.3683,0.000214,0.96767,0.20541,-0.00252,0.01119,0.76585,0.19365000000000002,0.17401,-0.09602,0.19119,1.1159466999999998,0.33475,0.015873015873015872,0.0,0.0,0.0,0.9841269841269841
636,128,64,0.2194,0.2064,-0.0017,-0.0026,1,2,0,0,61,-0.0279,0.2081,0.0101,0.0121,0.0557,0.2,0.7683,0.7704,1.680655,0.3159,0.000214,0.96775,0.20601000000000003,-0.00256,0.01095,0.7656,0.19344,0.18085,-0.08562,0.17038,1.1238424999999999,0.32806,0.015625,0.03125,0.0,0.0,0.953125
637,127,64,0.1994,0.2057,-0.0027,-0.0027,1,1,0,0,62,-0.0497,0.206,0.0101,0.0119,0.0986,0.1667,0.7718,0.7697,1.665102,0.3184,0.000213,0.96782,0.20601000000000003,-0.00256,0.01074,0.76572,0.19522,0.18416000000000002,-0.08552,0.17019,1.1189755,0.33026,0.015625,0.015625,0.0,0.0,0.96875
638,128,62,0.2194,0.2068,-0.004,-0.0027,0,0,0,0,62,-0.0044,0.2345,0.01,0.0117,0.0091,0.1946,0.7732,0.7693,0.0,0.2192,0.000213,0.9679,0.20787,-0.00256,0.01055,0.7661100000000001,0.19985999999999998,0.19302,-0.08030000000000001,0.15960999999999997,1.1189755,0.33165,0.0,0.0,0.0,0.0,1.0
639,127,65,0.1885,0.2056,-0.0027,-0.0027,1,1,0,0,63,-0.0334,0.1489,0.0099,0.0115,0.0652,0.1339,0.7737,0.769,1.555485,0.2509,0.000212,0.96797,0.20461000000000001,-0.00256,0.01039,0.76684,0.19543,0.18153000000000002,-0.06863,0.13634000000000002,1.1253852000000002,0.31240999999999997,0.015384615384615385,0.015384615384615385,0.0,0.0,0.9692307692307692
640,128,63,0.2272,0.2066,-0.004,-0.0029,0,0,0,0,63,-0.0414,0.278,0.0098,0.0113,0.0842,0.3108,0.7725,0.7688,0.0,0.3371,0.000212,0.96805,0.20739000000000002,-0.00296,0.01026,0.76773,0.20394,0.19923,-0.06022999999999999,0.12026999999999999,0.9584018000000001,0.30949,0.0,0.0,0.0,0.0,1.0
641,128,64,0.19,0.2061,-0.0013,-0.0028,2,2,0,0,60,-0.0499,0.1598,0.0097,0.0111,0.0997,0.1087,0.7714,0.7687,1.608107,0.2644,0.000211,0.96812,0.20505,-0.00269,0.010150000000000001,0.7686499999999999,0.19724,0.19029000000000001,-0.05521,0.1099,1.1192125,0.30436,0.03125,0.03125,0.0,0.0,0.9375
642,127,65,0.2072,0.2057,-0.0027,-0.0027,1,1,0,0,63,-0.0855,0.2351,0.0096,0.011,0.1671,0.2684,0.7701,0.7686,1.660812,0.4163,0.000211,0.9682,0.20647000000000001,-0.0028200000000000005,0.01004,0.76952,0.20743,0.20294000000000004,-0.057800000000000004,0.11524000000000001,1.1240371999999998,0.31876,0.015384615384615385,0.015384615384615385,0.0,0.0,0.9692307692307692
643,127,65,0.2102,0.2067,-0.0014,-0.0026,2,2,0,0,61,-0.1824,0.2079,0.0095,0.0108,0.3564,0.1986,0.7713,0.7686,1.70664,0.4625,0.00021,0.96827,0.20615,-0.00256,0.00994,0.77043,0.20546999999999999,0.19691,-0.0674,0.13304,1.2947012,0.3315,0.03076923076923077,0.03076923076923077,0.0,0.0,0.9384615384615385
644,128,63,0.2008,0.2052,-0.004,-0.0026,0,0,0,0,63,-0.1738,0.2153,0.0094,0.0106,0.353,0.1956,0.7716,0.7686,0.0,0.3846,0.00021,0.96835,0.20598999999999998,-0.00282,0.00984,0.77111,0.20764,0.19761,-0.07483,0.1492,1.1366669,0.33376,0.0,0.0,0.0,0.0,1.0
645,128,62,0.2164,0.2066,-0.0026,-0.0026,1,1,0,0,60,-0.0779,0.2836,0.0094,0.0105,0.1608,0.2535,0.774,0.7688,1.657127,0.4342,0.000209,0.96842,0.20785,-0.00271,0.00975,0.77179,0.21772,0.20308,-0.07263,0.14498,1.1533928000000002,0.34035000000000004,0.016129032258064516,0.016129032258064516,0.0,0.0,0.967741935483871
646,127,65,0.1994,0.2059,-0.0027,-0.0027,1,1,0,0,63,-0.088,0.1944,0.0096,0.0103,0.1719,0.135,0.7773,0.7691,1.554212,0.3263,0.000209,0.9685,0.20585,-0.00281,0.0097,0.77269,0.21635,0.19658000000000003,-0.07864,0.1566,1.1407485000000002,0.34138999999999997,0.015384615384615385,0.015384615384615385,0.0,0.0,0.9692307692307692
647,128,63,0.2164,0.2068,-0.004,-0.0027,0,0,0,0,63,-0.1099,0.2452,0.0096,0.0102,0.2233,0.2968,0.7806,0.7696,0.0,0.3843,0.000209,0.96857,0.20754999999999998,-0.0029400000000000003,0.00965,0.77357,0.22027000000000002,0.20959,-0.08466,0.16907,0.9742383,0.34798,0.0,0.0,0.0,0.0,1.0
648,128,64,0.19,0.2062,-0.0027,-0.0027,1,1,0,0,62,-0.0879,0.1778,0.0098,0.0101,0.1757,0.1027,0.7836,0.7704,1.5538,0.3057,0.000208,0.96865,0.20461000000000001,-0.00281,0.00963,0.77461,0.21459999999999999,0.2004,-0.09301000000000001,0.18573,1.1296183,0.35663,0.015625,0.015625,0.0,0.0,0.96875
649,128,62,0.2164,0.206,-0.004,-0.0027,0,0,0,0,62,-0.0413,0.2519,0.0098,0.01,0.0852,0.2032,0.7865,0.7714,0.0,0.2714,0.000208,0.96872,0.20740000000000003,-0.00294,0.00962,0.77589,0.22490000000000002,0.20733000000000001,-0.09380000000000001,0.18773,0.9740697999999999,0.35868,0.0,0.0,0.0,0.0,1.0
650,128,64,0.1978,0.2059,-0.004,-0.0029,0,0,0,0,64,-0.0359,0.2326,0.0099,0.0099,0.0718,0.1679,0.7891,0.7726,0.0,0.2361,0.000207,0.9688,0.20446,-0.00294,0.00963,0.77755,0.22036000000000003,0.19304000000000002,-0.09325,0.18649,0.9740697999999999,0.34858,0.0,0.0,0.0,0.0,1.0
651,127,64,0.2072,0.2056,-0.0027,-0.0029,1,1,0,0,62,-0.0518,0.1664,0.01,0.0099,0.1029,0.107,0.792,0.7741,1.651481,0.2702,0.000207,0.96887,0.20618000000000003,-0.0030800000000000003,0.009659999999999998,0.77961,0.22102,0.19287,-0.09344,0.18680999999999998,0.9784072,0.34916,0.015625,0.015625,0.0,0.0,0.96875
652,127,65,0.2102,0.2065,-0.0014,-0.0029,2,2,0,0,61,-0.0809,0.2474,0.01,0.0099,0.158,0.2537,0.7958,0.7758,1.675857,0.4114,0.000206,0.96895,0.20648,-0.00295,0.0097,0.78218,0.22225,0.19140000000000001,-0.09298,0.1859,0.9799117,0.34867,0.03076923076923077,0.03076923076923077,0.0,0.0,0.9384615384615385
653,127,64,0.1994,0.2058,-0.0013,-0.0027,2,2,0,0,60,-0.043,0.2164,0.0101,0.0098,0.0853,0.1446,0.7998,0.7777,1.60047,0.3028,0.000206,0.96902,0.20540000000000003,-0.0029400000000000003,0.009760000000000001,0.78503,0.2231,0.186,-0.07904,0.15879000000000001,0.9692947000000001,0.3327,0.03125,0.03125,0.0,0.0,0.9375
654,128,63,0.2194,0.2066,-0.004,-0.0029,0,0,0,0,63,-0.0639,0.2441,0.0101,0.0098,0.1299,0.2431,0.8022,0.7796,0.0,0.3095,0.000205,0.9691,0.20726,-0.0029400000000000003,0.00983,0.78809,0.22598,0.19075,-0.06805000000000001,0.13648000000000002,0.9692947000000001,0.32519,0.0,0.0,0.0,0.0,1.0
655,128,65,0.19,0.2062,-0.0027,-0.0028,1,1,0,0,63,-0.0297,0.1655,0.0102,0.0098,0.0585,0.1382,0.8046,0.7815,1.55254,0.2582,0.000205,0.96917,0.20462000000000002,-0.00295,0.009909999999999999,0.7911499999999999,0.21417000000000003,0.17922,-0.06323,0.12625000000000003,0.958836,0.30759,0.015384615384615385,0.015384615384615385,0.0,0.0,0.9692307692307692
656,127,62,0.226,0.2066,-0.0027,-0.0029,2,1,0,0,59,-0.0218,0.225,0.0102,0.0098,0.0447,0.1796,0.8055,0.7833,1.698927,0.3101,0.000205,0.96925,0.20728,-0.00295,0.00997,0.7939700000000001,0.21722999999999998,0.18368,-0.05661000000000001,0.11353000000000002,0.9733075,0.30596999999999996,0.03225806451612903,0.016129032258064516,0.0,0.0,0.9516129032258065
657,128,64,0.19,0.2061,-0.004,-0.0029,0,0,0,0,64,-0.0389,0.1806,0.0102,0.0098,0.0779,0.1351,0.8065,0.7851,0.0,0.1967,0.000204,0.96932,0.20464,-0.0029500000000000004,0.01003,0.79656,0.21076999999999999,0.16751,-0.04951,0.09899000000000001,0.9733075,0.28721,0.0,0.0,0.0,0.0,1.0
658,126,65,0.2089,0.2056,-0.0014,-0.0028,2,2,0,0,61,-0.053,0.2296,0.0102,0.0098,0.1028,0.2133,0.8077,0.7868,1.578014,0.35,0.000204,0.9694,0.20653000000000002,-0.0028200000000000005,0.010069999999999999,0.79897,0.21595,0.17856999999999998,-0.04602,0.0917,0.9757289,0.29164,0.03076923076923077,0.03076923076923077,0.0,0.0,0.9384615384615385
659,128,65,0.2116,0.2067,-0.0027,-0.0028,1,1,0,0,63,-0.2039,0.2402,0.0101,0.0098,0.4016,0.2305,0.8094,0.7886,1.64142,0.515,0.000203,0.96947,0.20605,-0.00269,0.010100000000000001,0.8012600000000001,0.21478000000000003,0.18130000000000002,-0.06228,0.12334,1.1398709,0.316,0.015384615384615385,0.015384615384615385,0.0,0.0,0.9692307692307692
660,128,63,0.1978,0.2053,-0.0041,-0.0028,1,0,0,0,62,-0.2012,0.2289,0.0101,0.0099,0.4087,0.1881,0.812,0.7905,0.0,0.4159,0.000203,0.96955,0.20605,-0.0027,0.01012,0.8035500000000001,0.21441,0.18331999999999998,-0.07881,0.15703,1.1398709,0.33398000000000005,0.015873015873015872,0.0,0.0,0.0,0.9841269841269841
661,128,63,0.2164,0.2066,-0.0013,-0.0028,2,2,0,0,59,-0.0784,0.2955,0.0101,0.0099,0.1594,0.2813,0.8142,0.7927,1.577326,0.4481,0.000202,0.96962,0.20697000000000002,-0.00256,0.01013,0.8057700000000001,0.22732000000000002,0.20074999999999998,-0.08147,0.16268,1.1324554,0.35177,0.031746031746031744,0.031746031746031744,0.0,0.0,0.9365079365079365
662,127,66,0.1915,0.2058,-0.0014,-0.0027,2,2,0,0,62,-0.0736,0.1923,0.0102,0.0099,0.1416,0.1231,0.816,0.795,1.535246,0.3024,0.000202,0.9697,0.2051,-0.00256,0.01015,0.80779,0.22181,0.18769000000000002,-0.08074,0.16104000000000002,1.1183942999999998,0.34087,0.030303030303030304,0.030303030303030304,0.0,0.0,0.9393939393939394
663,128,62,0.2272,0.2066,-0.0026,-0.0028,1,1,0,0,60,-0.02,0.2629,0.0101,0.0099,0.0413,0.1952,0.8171,0.7973,1.635908,0.332,0.000201,0.96977,0.20788,-0.00269,0.010150000000000001,0.80952,0.22645999999999997,0.19275000000000003,-0.07844,0.15663999999999997,1.1219381,0.34379,0.016129032258064516,0.016129032258064516,0.0,0.0,0.967741935483871
664,126,66,0.193,0.2062,-0.0014,-0.0027,2,2,0,0,62,-0.2403,0.2104,0.0102,0.01,0.4588,0.1388,0.8188,0.7996,1.668319,0.4764,0.000201,0.96985,0.20524,-0.00243,0.010159999999999999,0.81118,0.22309,0.18231999999999998,-0.09608,0.18953,1.28877,0.36048,0.030303030303030304,0.030303030303030304,0.0,0.0,0.9393939393939394
665,128,64,0.2134,0.2061,-0.0013,-0.0026,2,2,0,0,60,-0.093,0.2664,0.0102,0.01,0.1859,0.2196,0.8206,0.802,1.605484,0.4162,0.0002,0.96992,0.20758000000000001,-0.0022900000000000004,0.010159999999999999,0.8127800000000001,0.23318000000000003,0.19046000000000002,-0.10241,0.20227,1.2940644,0.37628,0.03125,0.03125,0.0,0.0,0.9375
666,127,65,0.1994,0.2061,-0.0037,-0.0027,1,1,0,0,63,-0.1351,0.2387,0.0102,0.0101,0.2641,0.2094,0.8222,0.8042,1.70209,0.438,0.0002,0.97,0.20492000000000005,-0.00239,0.010159999999999999,0.8144500000000001,0.23454999999999998,0.19344,-0.11374,0.22421000000000002,1.2943807,0.38907,0.015384615384615385,0.015384615384615385,0.0,0.0,0.9692307692307692
667,127,65,0.2,0.2053,-0.0,-0.0025,3,3,0,0,59,-0.0873,0.2275,0.0102,0.0101,0.1705,0.1657,0.8232,0.8063,1.580555,0.3588,0.0002,0.97008,0.20592000000000002,-0.00199,0.010159999999999999,0.8161200000000001,0.23923999999999998,0.1965,-0.11857999999999999,0.23346999999999998,1.4524362,0.40528,0.046153846153846156,0.046153846153846156,0.0,0.0,0.9076923076923077
668,128,62,0.2194,0.2067,-0.004,-0.0025,0,0,0,0,62,-0.0265,0.2563,0.0101,0.0101,0.0547,0.1906,0.8231,0.8083,0.0,0.2516,0.000199,0.97015,0.20697000000000002,-0.00225,0.010150000000000001,0.81766,0.24191,0.19423,-0.11593,0.22866,1.2946348,0.39544,0.0,0.0,0.0,0.0,1.0
669,128,63,0.2008,0.206,-0.004,-0.0025,0,0,0,0,63,-0.0229,0.2114,0.0101,0.0101,0.0466,0.1449,0.8251,0.8102,0.0,0.2017,0.000199,0.97023,0.20589,-0.0023799999999999997,0.010150000000000001,0.8192300000000001,0.23903,0.18567,-0.09783,0.19316,1.1304928,0.36411,0.0,0.0,0.0,0.0,1.0
670,127,64,0.2181,0.207,-0.0027,-0.0025,1,1,0,0,62,-0.0237,0.2766,0.0101,0.0101,0.0471,0.193,0.8276,0.8122,1.690638,0.3426,0.000198,0.9703,0.20792000000000002,-0.00224,0.010150000000000001,0.82079,0.24379999999999996,0.18616,-0.08008,0.15699999999999997,1.2995566,0.35678,0.015625,0.015625,0.0,0.0,0.96875
671,126,66,0.19,0.2061,-0.0014,-0.0024,2,2,0,0,62,-0.1217,0.1851,0.0102,0.0101,0.2323,0.151,0.8309,0.8141,1.689698,0.3631,0.000198,0.97038,0.20528,-0.00225,0.01016,0.8224599999999999,0.23276,0.17312999999999998,-0.08441,0.16429,1.3107938,0.34828000000000003,0.030303030303030304,0.030303030303030304,0.0,0.0,0.9393939393939394
672,128,62,0.2164,0.2064,-0.004,-0.0025,0,0,0,0,62,-0.0649,0.2625,0.0102,0.0101,0.134,0.2284,0.8333,0.816,0.0,0.3144,0.000197,0.97045,0.20777,-0.0025100000000000005,0.01016,0.82419,0.23978000000000002,0.18366,-0.08353999999999999,0.16353,1.1572692,0.34948,0.0,0.0,0.0,0.0,1.0
673,128,64,0.1978,0.2064,-0.004,-0.0027,0,0,0,0,64,-0.0971,0.2324,0.0103,0.0102,0.1943,0.2124,0.8365,0.8178,0.0,0.3194,0.000197,0.97053,0.20482999999999998,-0.0026500000000000004,0.01018,0.82613,0.23672999999999997,0.18538000000000002,-0.09125,0.17883,0.9936784,0.34822,0.0,0.0,0.0,0.0,1.0
674,128,63,0.2086,0.2058,-0.004,-0.0027,0,0,0,0,63,-0.087,0.249,0.0103,0.0102,0.1767,0.2076,0.8389,0.8197,0.0,0.3179,0.000196,0.9706,0.20639000000000002,-0.0029100000000000003,0.010190000000000001,0.82814,0.24059,0.19226000000000001,-0.07592,0.15062,0.8268464999999999,0.33237,0.0,0.0,0.0,0.0,1.0
675,128,63,0.2116,0.2069,-0.004,-0.0027,0,0,0,0,63,-0.0889,0.2071,0.0104,0.0102,0.1806,0.2013,0.8415,0.8215,0.0,0.2958,0.000196,0.97068,0.20621,-0.00318,0.01021,0.8302299999999999,0.23466,0.19043000000000002,-0.07551,0.15009,0.6662981,0.32033,0.0,0.0,0.0,0.0,1.0
676,128,64,0.2008,0.2056,-0.0027,-0.0027,1,1,0,0,62,-0.1208,0.1896,0.0104,0.0102,0.2415,0.1822,0.8433,0.8234,1.692901,0.3912,0.000195,0.97075,0.20634999999999998,-0.0030800000000000003,0.01023,0.83234,0.22975000000000004,0.18771,-0.07408000000000001,0.14783000000000002,0.6653792000000001,0.31565,0.015625,0.015625,0.0,0.0,0.96875
677,128,63,0.2134,0.2068,-0.004,-0.0027,0,0,0,0,63,-0.0614,0.2917,0.0104,0.0102,0.1247,0.2914,0.8443,0.8253,0.0,0.3548,0.000195,0.97083,0.20769,-0.0034800000000000005,0.010249999999999999,0.83445,0.23617000000000005,0.20028,-0.07149,0.14325000000000002,0.5073237,0.31525,0.0,0.0,0.0,0.0,1.0
678,127,65,0.1915,0.2059,-0.0014,-0.0027,2,2,0,0,61,-0.1069,0.2143,0.0104,0.0102,0.2088,0.1216,0.8454,0.8272,1.527045,0.3462,0.000195,0.9709,0.2049,-0.0032199999999999998,0.01028,0.83668,0.23197,0.19338,-0.07953,0.15866,0.6600282,0.32471,0.03076923076923077,0.03076923076923077,0.0,0.0,0.9384615384615385
679,126,65,0.2308,0.2069,0.0013,-0.0025,4,4,0,0,57,-0.0903,0.2654,0.0103,0.0102,0.1751,0.2594,0.8462,0.829,1.589823,0.4266,0.000194,0.97098,0.20790000000000003,-0.00269,0.0103,0.83879,0.23737,0.20482999999999998,-0.08627,0.17151,0.8190105000000001,0.3472,0.06153846153846154,0.06153846153846154,0.0,0.0,0.8769230769230769
680,128,64,0.19,0.2065,-0.004,-0.0025,0,0,0,0,64,-0.1648,0.1997,0.0104,0.0102,0.3297,0.1311,0.8472,0.8308,0.0,0.3302,0.000194,0.97105,0.20509,-0.0028200000000000005,0.01033,0.8407500000000001,0.22968000000000002,0.19864,-0.10038,0.19977,0.6499466999999999,0.34596,0.0,0.0,0.0,0.0,1.0
681,127,65,0.2151,0.2064,-0.0,-0.0025,3,3,0,0,59,-0.0352,0.3154,0.0103,0.0102,0.0688,0.2512,0.8468,0.8324,1.630285,0.3983,0.000193,0.97113,0.2076,-0.0026800000000000005,0.010339999999999998,0.8423400000000001,0.24270999999999998,0.20865999999999998,-0.09173,0.18342,0.6440054,0.34948,0.046153846153846156,0.046153846153846156,0.0,0.0,0.9076923076923077
682,128,64,0.1978,0.2068,-0.004,-0.0026,0,0,0,0,64,-0.1945,0.2593,0.0104,0.0103,0.389,0.24,0.8477,0.834,0.0,0.4441,0.000193,0.9712,0.20573999999999998,-0.0026799999999999997,0.01036,0.84378,0.24239000000000002,0.20981999999999998,-0.10469000000000002,0.20892,0.6440054,0.36245,0.0,0.0,0.0,0.0,1.0
683,127,64,0.2024,0.2055,-0.0023,-0.0026,2,1,1,0,60,-0.1794,0.2649,0.0105,0.0103,0.356,0.1903,0.8494,0.8356,1.498126,0.479,0.000192,0.97128,0.2062,-0.0025100000000000005,0.010379999999999999,0.84507,0.24564,0.20761,-0.11291999999999999,0.22508999999999996,0.793818,0.37841,0.03125,0.015625,0.015625,0.0,0.9375
684,128,62,0.217,0.2067,-0.0041,-0.0027,1,0,0,0,61,-0.042,0.3053,0.0105,0.0103,0.0867,0.2522,0.8505,0.8372,0.0,0.3234,0.000192,0.97135,0.20704000000000003,-0.00252,0.010400000000000001,0.84623,0.25127,0.21206999999999998,-0.10842,0.21608999999999998,0.793818,0.37895999999999996,0.016129032258064516,0.0,0.0,0.0,0.9838709677419355
685,126,67,0.1979,0.2059,-0.0001,-0.0027,3,3,0,0,61,-0.1274,0.2714,0.0106,0.0103,0.2395,0.2541,0.8521,0.8388,1.587513,0.4542,0.000191,0.97143,0.20567000000000002,-0.0021300000000000004,0.01042,0.8472899999999999,0.2577,0.21735,-0.11227000000000001,0.22197999999999998,0.9525693000000001,0.3948,0.04477611940298507,0.04477611940298507,0.0,0.0,0.9104477611940298
686,128,62,0.2223,0.2071,-0.0026,-0.0026,1,1,0,0,60,-0.084,0.3187,0.0106,0.0103,0.1735,0.3073,0.8523,0.8403,1.526123,0.4787,0.000191,0.9715,0.20781999999999998,-0.00212,0.010440000000000001,0.84819,0.27060999999999996,0.22986,-0.10859,0.21517999999999998,0.9358915,0.40354999999999996,0.016129032258064516,0.016129032258064516,0.0,0.0,0.967741935483871
687,127,65,0.1885,0.2065,-0.0036,-0.0028,1,0,1,0,63,-0.1628,0.2182,0.0107,0.0104,0.3181,0.1248,0.8533,0.8418,1.627477,0.4081,0.000191,0.97158,0.20533,-0.0020800000000000003,0.01047,0.84909,0.26326,0.2132,-0.11873,0.23452,1.0986392,0.40888,0.015384615384615385,0.0,0.015384615384615385,0.0,0.9692307692307692
688,128,63,0.2164,0.2064,-0.004,-0.0028,0,0,0,0,63,-0.07,0.2882,0.0106,0.0104,0.1422,0.257,0.8535,0.8433,0.0,0.3447,0.00019,0.97165,0.20781999999999998,-0.0023399999999999996,0.010490000000000001,0.8498999999999999,0.27065,0.22674000000000002,-0.11503999999999999,0.22786,0.9459347000000001,0.40873,0.0,0.0,0.0,0.0,1.0
689,127,65,0.1994,0.2063,-0.0014,-0.0026,2,2,0,0,61,-0.1019,0.2591,0.0107,0.0104,0.1992,0.1813,0.8545,0.8448,1.548157,0.3947,0.00019,0.97173,0.20468000000000003,-0.0026100000000000003,0.010530000000000001,0.8507300000000001,0.27002000000000004,0.21892999999999999,-0.11620000000000001,0.23026999999999997,0.9417681,0.40553999999999996,0.03076923076923077,0.03076923076923077,0.0,0.0,0.9384615384615385
690,126,66,0.2089,0.2058,-0.0001,-0.0025,3,3,0,0,60,-0.0838,0.2395,0.0107,0.0104,0.16,0.244,0.8549,0.8461,1.66389,0.401,0.000189,0.9718,0.20657,-0.00222,0.01056,0.8515,0.274,0.23022,-0.10810000000000002,0.2133,1.1081571000000001,0.41262,0.045454545454545456,0.045454545454545456,0.0,0.0,0.9090909090909091
691,127,64,0.2072,0.2067,-0.0013,-0.0025,2,2,0,0,60,-0.1699,0.2574,0.0106,0.0105,0.3371,0.3059,0.8544,0.8473,1.602928,0.5289,0.000189,0.97188,0.20578,-0.0023499999999999997,0.01059,0.85226,0.26820000000000005,0.23569,-0.12157,0.24013,1.1054214,0.42568,0.03125,0.03125,0.0,0.0,0.9375
692,127,64,0.1994,0.2058,-0.0027,-0.0024,1,1,0,0,62,-0.0834,0.2426,0.0105,0.0105,0.1654,0.2194,0.8539,0.8483,1.523606,0.3891,0.000188,0.97195,0.20594,-0.0022199999999999998,0.0106,0.8528800000000001,0.26653000000000004,0.23363,-0.11046,0.21776999999999996,1.2577820000000002,0.42018000000000005,0.015625,0.015625,0.0,0.0,0.96875
693,128,64,0.2194,0.2069,-0.0027,-0.0024,1,1,0,0,62,-0.0557,0.2779,0.0103,0.0105,0.1113,0.2765,0.8534,0.8492,1.573209,0.4115,0.000188,0.97203,0.20764,-0.0022600000000000003,0.01058,0.85328,0.26783,0.24225000000000002,-0.09809000000000001,0.1933,1.2652903,0.41342999999999996,0.015625,0.015625,0.0,0.0,0.96875
694,127,65,0.1915,0.2061,-0.0014,-0.0022,2,2,0,0,61,-0.1016,0.1824,0.0103,0.0105,0.1986,0.1702,0.8531,0.8499,1.682118,0.3573,0.000187,0.9721,0.20509,-0.0019899999999999996,0.01056,0.85354,0.25554,0.23405,-0.10405,0.20449,1.4335021,0.4168200000000001,0.03076923076923077,0.03076923076923077,0.0,0.0,0.9384615384615385
695,127,65,0.2151,0.2062,0.0013,-0.002,4,4,0,0,57,-0.0217,0.3021,0.0101,0.0105,0.0423,0.2416,0.8528,0.8505,1.628729,0.3739,0.000187,0.97218,0.20681,-0.0018499999999999999,0.01051,0.85361,0.25861,0.23280000000000003,-0.09348,0.18477,1.4376237,0.40879000000000004,0.06153846153846154,0.06153846153846154,0.0,0.0,0.8769230769230769
696,128,64,0.2008,0.2062,-0.0037,-0.002,1,1,0,0,62,-0.058,0.2152,0.0101,0.0104,0.1161,0.1377,0.8533,0.851,1.690524,0.319,0.000186,0.97225,0.20465999999999998,-0.00196,0.01046,0.8537100000000001,0.24826,0.21583999999999998,-0.09088,0.17903,1.4540638,0.39282000000000006,0.015625,0.015625,0.0,0.0,0.96875
697,127,63,0.2181,0.2065,-0.0026,-0.002,1,1,0,0,61,-0.0444,0.2815,0.01,0.0104,0.0895,0.2416,0.8529,0.8514,1.521946,0.3827,0.000186,0.97233,0.20762,-0.0018599999999999999,0.01039,0.8536699999999999,0.25459,0.22752,-0.07904,0.15616999999999998,1.4435106999999998,0.39028,0.015873015873015872,0.015873015873015872,0.0,0.0,0.9682539682539683
698,127,65,0.1994,0.2069,-0.0027,-0.002,1,1,0,0,63,-0.0518,0.2205,0.0099,0.0104,0.1012,0.1983,0.8521,0.8517,1.52139,0.3348,0.000186,0.9724,0.20591999999999996,-0.00173,0.01032,0.8535299999999999,0.24781999999999998,0.22164999999999999,-0.07722,0.15206999999999998,1.5956496999999998,0.38929,0.015384615384615385,0.015384615384615385,0.0,0.0,0.9692307692307692
699,126,66,0.1979,0.2052,-0.0001,-0.0021,3,3,0,0,60,-0.1043,0.2335,0.0098,0.0104,0.1992,0.241,0.8511,0.852,1.649008,0.4145,0.000185,0.97248,0.20577,-0.0016,0.01023,0.85319,0.24525999999999998,0.22762000000000002,-0.07746,0.15206999999999998,1.6057348,0.39127,0.045454545454545456,0.045454545454545456,0.0,0.0,0.9090909090909091
700,128,64,0.2134,0.2064,-0.0013,-0.002,2,2,0,0,60,-0.0776,0.3357,0.0097,0.0103,0.1552,0.3427,0.8498,0.8521,1.622017,0.4978,0.000185,0.97255,0.20622,-0.00172,0.01013,0.85268,0.25488,0.23748999999999998,-0.07683999999999999,0.15159,1.6015475,0.40095000000000003,0.03125,0.03125,0.0,0.0,0.9375
701,127,65,0.1915,0.2052,-0.0027,-0.0021,1,1,0,0,63,-0.133,0.2448,0.0097,0.0103,0.2598,0.1828,0.8492,0.8522,1.575904,0.4193,0.000184,0.97263,0.20465,-0.0018599999999999999,0.01004,0.8521599999999999,0.25362,0.22518,-0.07315,0.14386,1.5988451000000001,0.38998999999999995,0.015384615384615385,0.015384615384615385,0.0,0.0,0.9692307692307692
702,126,64,0.2308,0.2069,0.0,-0.0019,3,3,0,0,58,-0.0731,0.3494,0.0096,0.0103,0.1439,0.2917,0.8487,0.8523,1.606852,0.4716,0.000184,0.9727,0.20779,-0.0015899999999999998,0.00995,0.8516400000000001,0.2643,0.23241,-0.07212,0.14171,1.6071697,0.39824,0.046875,0.046875,0.0,0.0,0.90625
703,128,64,0.19,0.2062,-0.0027,-0.0019,1,1,0,0,62,-0.0053,0.1842,0.0097,0.0102,0.0106,0.1653,0.8492,0.8523,1.622275,0.2611,0.000183,0.97278,0.20484999999999998,-0.00159,0.00989,0.85122,0.25493,0.22129000000000004,-0.06708,0.13163999999999998,1.6120763,0.3832,0.015625,0.015625,0.0,0.0,0.96875
704,127,65,0.2151,0.2062,-0.0014,-0.0018,2,2,0,0,61,-0.051,0.3112,0.0097,0.0102,0.0996,0.3018,0.8493,0.8522,1.600067,0.435,0.000183,0.97285,0.20720999999999998,-0.00159,0.00983,0.85084,0.26781,0.23445,-0.06202,0.12174,1.6038712,0.39097,0.03076923076923077,0.03076923076923077,0.0,0.0,0.9384615384615385
705,128,64,0.2008,0.2063,-0.004,-0.002,0,0,0,0,64,-0.0774,0.2475,0.0097,0.0101,0.1548,0.2628,0.8496,0.8521,0.0,0.3325,0.000182,0.97293,0.20578000000000002,-0.00212,0.00979,0.85052,0.26234999999999997,0.23657,-0.06759,0.13299,1.4409983,0.38683,0.0,0.0,0.0,0.0,1.0
706,128,62,0.2086,0.2056,-0.0026,-0.002,1,1,0,0,60,-0.0273,0.2375,0.0096,0.0101,0.0563,0.1566,0.8496,0.8519,1.621419,0.307,0.000182,0.973,0.20656,-0.00201,0.00974,0.85015,0.26458,0.23846000000000003,-0.06452,0.12700999999999998,1.4340878,0.38563,0.016129032258064516,0.016129032258064516,0.0,0.0,0.967741935483871
707,126,66,0.2119,0.2068,0.0004,-0.0018,3,3,0,1,59,-0.1011,0.2815,0.0095,0.01,0.1929,0.2282,0.8494,0.8517,1.671935,0.4302,0.000182,0.97308,0.20594,-0.0017100000000000004,0.00969,0.8497999999999999,0.26458,0.23712,-0.07019,0.13735,1.4490867,0.39038,0.045454545454545456,0.045454545454545456,0.0,0.015151515151515152,0.8939393939393939
708,127,66,0.1964,0.2058,-0.0023,-0.0017,2,1,1,0,62,-0.1264,0.2919,0.0095,0.01,0.2433,0.1769,0.8488,0.8515,1.620331,0.4322,0.000181,0.97315,0.20564,-0.00167,0.00965,0.84947,0.27172,0.23498000000000002,-0.07765,0.15156,1.4589808,0.40012,0.030303030303030304,0.015151515151515152,0.015151515151515152,0.0,0.9393939393939394
709,126,65,0.2168,0.2066,0.0013,-0.0016,4,4,0,0,57,-0.0447,0.3316,0.0094,0.0099,0.0866,0.3228,0.8487,0.8512,1.683324,0.4532,0.000181,0.97323,0.20753,-0.0015300000000000001,0.009609999999999999,0.84923,0.28152999999999995,0.24315999999999996,-0.07169,0.1403,1.4624124,0.40399,0.06153846153846154,0.06153846153846154,0.0,0.0,0.8769230769230769
710,128,64,0.19,0.2057,-0.004,-0.0018,0,0,0,0,64,-0.0362,0.2232,0.0094,0.0099,0.0724,0.1602,0.8489,0.8509,0.0,0.2278,0.00018,0.9733,0.20518999999999998,-0.0018000000000000002,0.00958,0.84914,0.27027999999999996,0.22491,-0.06755,0.13201999999999997,1.3002106999999998,0.37699,0.0,0.0,0.0,0.0,1.0
711,128,63,0.2194,0.2063,-0.0026,-0.0018,1,1,0,0,61,-0.0935,0.3283,0.0093,0.0098,0.1899,0.2858,0.8492,0.8507,1.520996,0.4794,0.00018,0.97338,0.20798,-0.00179,0.00954,0.84914,0.27863000000000004,0.23521,-0.06359999999999999,0.12503,1.2947199,0.383,0.015873015873015872,0.015873015873015872,0.0,0.0,0.9682539682539683
712,127,64,0.1994,0.2063,-0.0027,-0.0018,1,1,0,0,62,-0.0526,0.2693,0.0093,0.0097,0.1045,0.1805,0.8502,0.8505,1.613796,0.3573,0.000179,0.97345,0.20484,-0.00206,0.00951,0.8492900000000001,0.27061999999999997,0.22408999999999998,-0.06155000000000001,0.12109,1.2954142999999998,0.37157,0.015625,0.015625,0.0,0.0,0.96875
713,126,65,0.2059,0.2056,-0.0024,-0.0018,2,2,0,0,61,-0.1218,0.3245,0.0092,0.0097,0.2362,0.3138,0.8507,0.8503,1.552258,0.511,0.000179,0.97353,0.20642999999999997,-0.0020299999999999997,0.00946,0.8494400000000001,0.28464999999999996,0.23893999999999999,-0.0732,0.14365,1.2884125999999998,0.39656,0.03076923076923077,0.03076923076923077,0.0,0.0,0.9384615384615385
714,127,65,0.2132,0.2067,-0.0027,-0.0019,1,1,0,0,63,-0.0773,0.2914,0.0092,0.0096,0.1511,0.3188,0.8516,0.8503,1.678207,0.4627,0.000178,0.9736,0.20623999999999998,-0.00216,0.009409999999999998,0.84967,0.28267,0.24063999999999997,-0.07583,0.1488,1.2962266,0.39933,0.015384615384615385,0.015384615384615385,0.0,0.0,0.9692307692307692
715,126,67,0.1986,0.2059,0.0027,-0.0018,6,5,0,0,56,-0.0898,0.2278,0.0092,0.0096,0.169,0.2607,0.8526,0.8503,1.632806,0.4049,0.000178,0.97368,0.20602,-0.00149,0.009359999999999999,0.8499700000000001,0.2807,0.24042999999999998,-0.07707,0.15022000000000002,1.4595072,0.40657000000000004,0.08955223880597014,0.07462686567164178,0.0,0.0,0.835820895522388
716,126,65,0.2168,0.2067,0.001,-0.0016,3,4,0,0,58,-0.0736,0.3218,0.0092,0.0095,0.1426,0.354,0.8527,0.8502,1.623903,0.4881,0.000177,0.97375,0.20684,-0.00113,0.009319999999999998,0.85028,0.28913,0.26016999999999996,-0.0817,0.15885,1.4597556,0.42468000000000006,0.046153846153846156,0.06153846153846154,0.0,0.0,0.8923076923076924
717,128,64,0.19,0.2053,-0.004,-0.0016,0,0,0,0,64,-0.1021,0.2302,0.0092,0.0095,0.2043,0.1986,0.8534,0.8502,0.0,0.3164,0.000177,0.97383,0.20465,-0.0015699999999999998,0.00929,0.85068,0.284,0.25721,-0.08180000000000001,0.15999000000000002,1.2925621,0.4133,0.0,0.0,0.0,0.0,1.0
718,128,62,0.2308,0.2069,-0.004,-0.0017,0,0,0,0,62,-0.0535,0.3425,0.0092,0.0095,0.1104,0.3148,0.8536,0.8503,0.0,0.3855,0.000177,0.9739,0.20809000000000002,-0.0017399999999999998,0.00926,0.8511599999999999,0.28906,0.271,-0.07450999999999999,0.1467,1.1305290000000001,0.40863000000000005,0.0,0.0,0.0,0.0,1.0
719,128,65,0.19,0.2065,-0.0027,-0.0018,1,1,0,0,63,-0.1118,0.2098,0.0092,0.0094,0.2202,0.1834,0.8542,0.8505,1.672629,0.3885,0.000176,0.97398,0.20541,-0.00214,0.00924,0.85171,0.27688,0.25706,-0.08122,0.16006,1.1294594999999998,0.40216,0.015384615384615385,0.015384615384615385,0.0,0.0,0.9692307692307692
720,126,65,0.2168,0.2066,0.0013,-0.0017,4,4,0,0,57,-0.0995,0.2592,0.0091,0.0094,0.1928,0.234,0.8539,0.8507,1.623831,0.421,0.000176,0.97405,0.20808999999999997,-0.0016099999999999999,0.00921,0.85221,0.28047999999999995,0.26444,-0.08754999999999999,0.17209999999999998,1.2918426,0.42148,0.06153846153846154,0.06153846153846154,0.0,0.0,0.8769230769230769
721,128,64,0.2008,0.2071,-0.004,-0.0018,0,0,0,0,64,-0.1043,0.2356,0.0091,0.0094,0.2086,0.2614,0.8545,0.8509,0.0,0.3527,0.000175,0.97413,0.20623,-0.0017500000000000003,0.00919,0.85274,0.27121,0.262,-0.08863000000000001,0.17397,1.139743,0.40881,0.0,0.0,0.0,0.0,1.0
722,128,64,0.1978,0.2055,-0.004,-0.002,0,0,0,0,64,-0.0729,0.2556,0.009,0.0093,0.1459,0.2349,0.8544,0.8512,0.0,0.3181,0.000175,0.9742,0.20606999999999998,-0.0018800000000000002,0.00916,0.8531600000000001,0.26983999999999997,0.26744,-0.09065999999999999,0.17811,0.9783633999999999,0.40488999999999997,0.0,0.0,0.0,0.0,1.0
723,128,61,0.2164,0.2068,-0.0041,-0.002,1,0,0,0,60,-0.0515,0.3376,0.009,0.0093,0.1081,0.3329,0.8544,0.8515,0.0,0.3918,0.000174,0.97428,0.20712000000000003,-0.00205,0.00914,0.8535299999999999,0.27115,0.26935000000000003,-0.08363,0.1653,0.8231376000000001,0.39297,0.01639344262295082,0.0,0.0,0.0,0.9836065573770492
724,127,64,0.1994,0.206,-0.0027,-0.0021,1,1,0,0,62,-0.0717,0.2823,0.009,0.0093,0.1423,0.2227,0.8546,0.8518,1.603595,0.4032,0.000174,0.97435,0.20573999999999998,-0.00205,0.00912,0.85383,0.27024,0.25974,-0.08307,0.16442,0.8156764000000001,0.38702000000000003,0.015625,0.015625,0.0,0.0,0.96875
725,128,64,0.2223,0.2071,-0.0027,-0.002,1,1,0,0,62,-0.0746,0.2991,0.0089,0.0092,0.1492,0.3023,0.8542,0.852,1.527046,0.4516,0.000173,0.97443,0.20811000000000002,-0.0025900000000000003,0.00909,0.8539899999999999,0.27737,0.2639,-0.08155,0.16244,0.8051003999999999,0.39169,0.015625,0.015625,0.0,0.0,0.96875
726,128,64,0.19,0.2061,-0.0027,-0.002,1,1,0,0,62,-0.1077,0.2389,0.0089,0.0092,0.2154,0.1448,0.8547,0.8522,1.527175,0.3758,0.000173,0.9745,0.20543,-0.00296,0.00906,0.85419,0.26908000000000004,0.24298000000000003,-0.08496000000000001,0.16972,0.7954275999999999,0.38045999999999996,0.015625,0.015625,0.0,0.0,0.96875
727,127,65,0.2151,0.2063,-0.0027,-0.0022,1,1,0,0,63,-0.0454,0.3371,0.0088,0.0091,0.0887,0.3967,0.8548,0.8525,1.664897,0.4934,0.000173,0.97458,0.20794,-0.00283,0.00902,0.85433,0.27977,0.26279,-0.07929,0.15816,0.9619173,0.39816,0.015384615384615385,0.015384615384615385,0.0,0.0,0.9692307692307692
728,127,65,0.1994,0.2064,-0.0014,-0.0021,2,2,0,0,61,-0.1145,0.2718,0.0088,0.0091,0.2238,0.2637,0.856,0.8529,1.527038,0.4532,0.000172,0.97465,0.2048,-0.0025700000000000002,0.00898,0.85457,0.2727,0.25768,-0.08539,0.1695,1.1146211000000001,0.40493000000000007,0.03076923076923077,0.03076923076923077,0.0,0.0,0.9384615384615385
729,127,63,0.2102,0.2061,-0.0027,-0.0023,2,1,0,0,60,-0.1451,0.2766,0.0088,0.0091,0.2925,0.233,0.8571,0.8533,1.52664,0.4784,0.000172,0.97473,0.20682,-0.0025700000000000002,0.00894,0.8548600000000001,0.27938,0.26264,-0.08872,0.17673,1.1000222,0.41391999999999995,0.031746031746031744,0.015873015873015872,0.0,0.0,0.9523809523809523
730,128,63,0.2056,0.2069,-0.0026,-0.0023,1,1,0,0,61,-0.0712,0.3313,0.0087,0.009,0.1447,0.3103,0.8577,0.8537,1.662829,0.4773,0.000171,0.9748,0.2057,-0.00296,0.0089,0.85524,0.28659,0.27027,-0.08589,0.17192000000000002,1.103922,0.41955,0.015873015873015872,0.015873015873015872,0.0,0.0,0.9682539682539683
731,127,65,0.1994,0.2059,-0.0014,-0.0022,2,2,0,0,61,-0.0055,0.2823,0.0087,0.009,0.0107,0.2313,0.8585,0.8542,1.611465,0.3425,0.000171,0.97488,0.20556000000000002,-0.0027,0.00886,0.85564,0.29125999999999996,0.26726,-0.07601,0.15213000000000002,1.2650685000000002,0.41852999999999996,0.03076923076923077,0.03076923076923077,0.0,0.0,0.9384615384615385
732,127,65,0.2181,0.2068,-0.0014,-0.0021,2,2,0,0,61,-0.0455,0.3117,0.0086,0.009,0.0889,0.3128,0.8588,0.8546,1.67943,0.4396,0.00017,0.97495,0.20759,-0.0024400000000000003,0.00882,0.8560800000000001,0.29687,0.27504999999999996,-0.07327,0.14643,1.4330115,0.43068,0.03076923076923077,0.03076923076923077,0.0,0.0,0.9384615384615385
733,128,64,0.19,0.206,-0.004,-0.0022,0,0,0,0,64,-0.0677,0.2177,0.0087,0.009,0.1354,0.2142,0.8597,0.8551,0.0,0.2836,0.00017,0.97503,0.20495000000000002,-0.0024300000000000003,0.00879,0.8566100000000001,0.28487999999999997,0.26318,-0.07489,0.14916000000000001,1.4330115,0.41986,0.0,0.0,0.0,0.0,1.0
734,127,63,0.2151,0.2061,-0.0013,-0.0022,2,2,0,0,59,-0.0659,0.3924,0.0086,0.0089,0.1329,0.3287,0.8596,0.8555,1.628784,0.5089,0.000169,0.97511,0.20651999999999998,-0.00229,0.008749999999999999,0.8571099999999999,0.29589,0.27378,-0.07431,0.14822,1.4355304,0.43043,0.031746031746031744,0.031746031746031744,0.0,0.0,0.9365079365079365
735,127,65,0.1994,0.2062,-0.0027,-0.0024,1,1,0,0,63,-0.0526,0.2583,0.0086,0.0089,0.1028,0.2398,0.8595,0.8558,1.699238,0.3841,0.000169,0.97518,0.20423,-0.00229,0.00872,0.85764,0.29181,0.26753,-0.07211000000000001,0.14358,1.4527496,0.42367999999999995,0.015384615384615385,0.015384615384615385,0.0,0.0,0.9692307692307692
736,128,63,0.2116,0.2059,-0.004,-0.0027,0,0,0,0,63,-0.0661,0.3006,0.0085,0.0089,0.1342,0.3069,0.8589,0.8561,0.0,0.3718,0.000168,0.97526,0.20639000000000002,-0.0024200000000000003,0.00868,0.85806,0.29798,0.28374,-0.06795,0.13546,1.3000321,0.42328,0.0,0.0,0.0,0.0,1.0
737,128,63,0.2086,0.2068,-0.004,-0.0027,0,0,0,0,63,-0.036,0.2913,0.0084,0.0088,0.0731,0.2761,0.858,0.8563,0.0,0.3207,0.000168,0.97533,0.20573999999999998,-0.00255,0.00864,0.85838,0.2934,0.27168000000000003,-0.06701,0.1339,1.1335424,0.40601000000000004,0.0,0.0,0.0,0.0,1.0
738,128,63,0.1978,0.2052,-0.0026,-0.0026,1,1,0,0,61,-0.0401,0.2792,0.0083,0.0088,0.0814,0.2081,0.8568,0.8565,1.654459,0.3677,0.000168,0.97541,0.20558,-0.00267,0.00859,0.85846,0.29413999999999996,0.26612,-0.05957,0.11966000000000002,1.1462845,0.39746000000000004,0.015873015873015872,0.015873015873015872,0.0,0.0,0.9682539682539683
739,127,65,0.2181,0.2066,-0.0027,-0.0026,1,1,0,0,63,-0.0369,0.3697,0.0082,0.0087,0.0721,0.387,0.8553,0.8566,1.524719,0.4897,0.000167,0.97548,0.20637,-0.0026699999999999996,0.00853,0.85828,0.30345,0.28152000000000005,-0.04875,0.09762,1.1460924000000001,0.39859,0.015384615384615385,0.015384615384615385,0.0,0.0,0.9692307692307692
740,128,64,0.2008,0.2058,-0.0027,-0.0028,1,1,0,0,62,-0.0479,0.2879,0.0082,0.0087,0.0959,0.2678,0.8547,0.8566,1.52472,0.4019,0.000167,0.97556,0.20589,-0.00268,0.00848,0.8579800000000001,0.29911000000000004,0.27727,-0.04642,0.09273999999999999,1.1322815,0.39105,0.015625,0.015625,0.0,0.0,0.96875
741,126,64,0.2168,0.2066,0.0,-0.0026,3,3,0,0,58,-0.0553,0.3546,0.0081,0.0086,0.1089,0.332,0.8544,0.8566,1.651108,0.4794,0.000166,0.97563,0.20763000000000004,-0.00254,0.00842,0.8575699999999999,0.30633999999999995,0.28734000000000004,-0.0514,0.10256000000000001,1.1362458,0.40474,0.046875,0.046875,0.0,0.0,0.90625
742,128,64,0.1906,0.2062,-0.004,-0.0026,0,0,0,0,64,-0.0518,0.2399,0.0081,0.0086,0.1037,0.2066,0.8536,0.8566,0.0,0.275,0.000166,0.97571,0.20488,-0.0028,0.008369999999999999,0.8570500000000001,0.29916,0.27671999999999997,-0.05203,0.10404,0.9683028,0.38828,0.0,0.0,0.0,0.0,1.0
743,127,66,0.2102,0.2059,-0.0014,-0.0025,2,2,0,0,62,-0.0723,0.3001,0.008,0.0085,0.1391,0.3436,0.8525,0.8565,1.611771,0.4692,0.000165,0.97578,0.2069,-0.0025399999999999997,0.0083,0.85633,0.3074,0.28966,-0.05249,0.10441,1.1294799,0.40684000000000003,0.030303030303030304,0.030303030303030304,0.0,0.0,0.9393939393939394
744,128,62,0.2086,0.2064,-0.004,-0.0025,0,0,0,0,62,-0.0611,0.3311,0.008,0.0085,0.1262,0.2978,0.8519,0.8563,0.0,0.3794,0.000165,0.97586,0.20625,-0.00281,0.00824,0.85556,0.30127,0.28657,-0.05201,0.10374000000000001,0.9666015,0.39389,0.0,0.0,0.0,0.0,1.0
745,127,66,0.2072,0.2056,0.0012,-0.0023,4,4,0,0,58,-0.0761,0.218,0.0079,0.0084,0.1465,0.1835,0.8519,0.8562,1.564161,0.3493,0.000164,0.97593,0.20703,-0.00242,0.00817,0.8548,0.29724,0.28094,-0.05436,0.10811,0.9530938000000001,0.39041000000000003,0.06060606060606061,0.06060606060606061,0.0,0.0,0.8787878787878788
746,127,64,0.2072,0.2065,-0.0027,-0.0023,1,1,0,0,62,-0.0695,0.3337,0.0077,0.0084,0.1379,0.3614,0.8518,0.8561,1.646836,0.4982,0.000164,0.97601,0.20659,-0.00229,0.00809,0.85409,0.30055,0.28639000000000003,-0.05469999999999999,0.10848,1.1177774,0.40305,0.015625,0.015625,0.0,0.0,0.96875
747,127,64,0.1994,0.2057,-0.0027,-0.0023,1,1,0,0,62,-0.0798,0.2974,0.0076,0.0083,0.1583,0.3056,0.8512,0.8559,1.645543,0.4622,0.000164,0.97608,0.20566999999999996,-0.00216,0.00801,0.85341,0.30116,0.28934,-0.05908,0.11699999999999999,1.2823316999999999,0.41719999999999996,0.015625,0.015625,0.0,0.0,0.96875
748,127,63,0.2181,0.2066,-0.0026,-0.0024,1,1,0,0,61,-0.0925,0.3744,0.0075,0.0083,0.1864,0.4575,0.8514,0.8557,1.605237,0.5901,0.000163,0.97616,0.2077,-0.00216,0.00793,0.85287,0.31068,0.31428,-0.06432,0.1275,1.2774094999999999,0.43944,0.015873015873015872,0.015873015873015872,0.0,0.0,0.9682539682539683
749,128,65,0.19,0.2056,-0.0014,-0.0023,2,2,0,0,61,-0.1293,0.304,0.0075,0.0082,0.2547,0.1717,0.8523,0.8554,1.564326,0.4414,0.000163,0.97623,0.20489000000000002,-0.00203,0.00786,0.85257,0.30411,0.29274999999999995,-0.07356,0.14576,1.2813702,0.43461,0.03076923076923077,0.03076923076923077,0.0,0.0,0.9384615384615385
750,127,64,0.2211,0.2064,-0.0027,-0.0023,1,1,0,0,62,-0.0193,0.4021,0.0074,0.0081,0.0382,0.4126,0.8524,0.8552,1.604981,0.5065,0.000162,0.97631,0.20692,-0.00203,0.00778,0.8523400000000001,0.31553,0.30723,-0.07070000000000001,0.13999,1.2893963,0.44506999999999997,0.015625,0.015625,0.0,0.0,0.96875
751,127,65,0.1994,0.2064,-0.0014,-0.0023,2,2,0,0,61,-0.1645,0.3319,0.0073,0.0081,0.3213,0.2794,0.8533,0.8549,1.656089,0.5453,0.000162,0.97638,0.20518,-0.00217,0.0077,0.8522299999999999,0.31326,0.30196999999999996,-0.08162,0.16122999999999998,1.2898943999999999,0.45165999999999995,0.03076923076923077,0.03076923076923077,0.0,0.0,0.9384615384615385
752,127,63,0.2043,0.2057,-0.0026,-0.0024,1,1,0,0,61,-0.0651,0.4057,0.0072,0.008,0.1312,0.4074,0.8537,0.8546,1.604056,0.5528,0.000161,0.97646,0.20655,-0.00203,0.0076100000000000004,0.8522400000000001,0.32983999999999997,0.32205,-0.08295,0.16398,1.4503,0.47944000000000003,0.015873015873015872,0.015873015873015872,0.0,0.0,0.9682539682539683
753,128,65,0.2116,0.2068,-0.0027,-0.0023,1,1,0,0,63,-0.0848,0.3655,0.0072,0.0079,0.167,0.3955,0.8542,0.8544,1.52462,0.5389,0.000161,0.97653,0.20668999999999998,-0.00216,0.00753,0.8524100000000001,0.33638,0.32724000000000003,-0.08420000000000001,0.16677,1.4415849,0.48640999999999995,0.015384615384615385,0.015384615384615385,0.0,0.0,0.9692307692307692
754,128,64,0.2008,0.2061,-0.004,-0.0025,0,0,0,0,64,-0.149,0.2917,0.0073,0.0079,0.2981,0.3661,0.8553,0.8542,0.0,0.4779,0.00016,0.97661,0.20590999999999998,-0.00216,0.00746,0.85275,0.33243999999999996,0.33407,-0.09298999999999999,0.18395999999999998,1.4415849,0.49626000000000003,0.0,0.0,0.0,0.0,1.0
755,128,62,0.2134,0.2068,-0.0026,-0.0025,1,1,0,0,60,-0.0551,0.4289,0.0073,0.0078,0.1137,0.4458,0.8562,0.854,1.70089,0.581,0.00016,0.97668,0.20653000000000002,-0.00254,0.0073999999999999995,0.85318,0.35353,0.36029999999999995,-0.09089,0.18068,1.4552578,0.5194300000000001,0.016129032258064516,0.016129032258064516,0.0,0.0,0.967741935483871
756,127,65,0.1964,0.206,-0.0014,-0.0023,2,2,0,0,61,-0.0614,0.3362,0.0074,0.0077,0.1199,0.2791,0.8566,0.8539,1.580908,0.4451,0.000159,0.97676,0.20545,-0.00241,0.00737,0.85366,0.35378000000000004,0.35207,-0.09008000000000001,0.17887999999999998,1.4486649999999999,0.5141199999999999,0.03076923076923077,0.03076923076923077,0.0,0.0,0.9384615384615385
757,127,63,0.2102,0.2061,-0.0026,-0.0023,1,1,0,0,61,-0.0776,0.3777,0.0074,0.0077,0.1564,0.3006,0.8568,0.8538,1.636832,0.4997,0.000159,0.97683,0.20653000000000002,-0.0024000000000000002,0.00735,0.85422,0.36181,0.35157000000000005,-0.08986,0.17869000000000002,1.4477939000000002,0.51787,0.015873015873015872,0.015873015873015872,0.0,0.0,0.9682539682539683
758,128,65,0.2008,0.2063,-0.0027,-0.0023,1,1,0,0,63,-0.0401,0.279,0.0075,0.0077,0.0789,0.237,0.8575,0.8539,1.601417,0.3769,0.000159,0.97691,0.2048,-0.0024100000000000002,0.00735,0.85483,0.35226999999999997,0.32952,-0.08462,0.16794,1.4474119,0.49655000000000005,0.015384615384615385,0.015384615384615385,0.0,0.0,0.9692307692307692
759,127,64,0.2109,0.2059,-0.0013,-0.0022,2,2,0,0,60,-0.0435,0.3541,0.0075,0.0076,0.0863,0.3071,0.857,0.8539,1.571656,0.4519,0.000158,0.97698,0.20689000000000002,-0.0024000000000000002,0.00735,0.8553000000000001,0.35728,0.34306000000000003,-0.07604000000000001,0.15109999999999998,1.4481449000000002,0.4976,0.03125,0.03125,0.0,0.0,0.9375
760,128,63,0.2086,0.2063,-0.004,-0.0023,0,0,0,0,63,-0.012,0.3532,0.0075,0.0076,0.0243,0.2818,0.8575,0.8541,0.0,0.3298,0.000158,0.97706,0.20564,-0.00253,0.00736,0.85581,0.35239000000000004,0.32998,-0.07531,0.14970999999999998,1.2876468,0.4799300000000001,0.0,0.0,0.0,0.0,1.0
761,127,65,0.1964,0.2053,-0.0027,-0.0024,1,1,0,0,63,-0.067,0.3137,0.0076,0.0076,0.131,0.3133,0.8577,0.8542,1.701111,0.4624,0.000157,0.97713,0.20534,-0.00266,0.007390000000000001,0.85625,0.35057,0.33337,-0.06556,0.13068,1.292149,0.47164,0.015384615384615385,0.015384615384615385,0.0,0.0,0.9692307692307692
762,128,63,0.2194,0.2067,-0.0026,-0.0023,1,1,0,0,61,-0.0054,0.393,0.0076,0.0075,0.011,0.3622,0.8572,0.8544,1.60061,0.4632,0.000157,0.97721,0.20685000000000003,-0.00266,0.007430000000000001,0.8566,0.34930000000000005,0.32885,-0.05959,0.11866000000000002,1.2918044000000002,0.46268000000000004,0.015873015873015872,0.015873015873015872,0.0,0.0,0.9682539682539683
763,125,66,0.1965,0.206,0.0012,-0.0022,4,4,0,0,58,-0.0733,0.3322,0.0077,0.0075,0.1388,0.3423,0.8573,0.8547,1.552556,0.4803,0.000156,0.97728,0.20534,-0.00227,0.007479999999999999,0.8569100000000001,0.34597,0.32353,-0.058440000000000006,0.11584000000000001,1.2945980000000001,0.45682,0.06060606060606061,0.06060606060606061,0.0,0.0,0.8787878787878788
764,127,66,0.2211,0.2066,0.0012,-0.0019,4,4,0,0,58,-0.0641,0.426,0.0077,0.0075,0.1233,0.3463,0.8576,0.8549,1.595983,0.5251,0.000156,0.97736,0.20737,-0.0017500000000000003,0.007520000000000001,0.85714,0.35940000000000005,0.32155,-0.04995,0.09836,1.4541963,0.46154,0.06060606060606061,0.06060606060606061,0.0,0.0,0.8787878787878788
765,126,67,0.193,0.2059,-0.0011,-0.0021,3,2,1,0,61,-0.1825,0.2825,0.0079,0.0075,0.3433,0.2524,0.8584,0.8553,1.550557,0.5057,0.000155,0.97743,0.20533,-0.0016,0.007580000000000001,0.8573600000000001,0.34476,0.30221,-0.06269,0.12132000000000001,1.4391630000000002,0.45400999999999997,0.04477611940298507,0.029850746268656716,0.014925373134328358,0.0,0.9104477611940298
766,127,65,0.2151,0.2063,0.0027,-0.0018,5,5,0,0,55,0.0202,0.4356,0.0079,0.0075,-0.0395,0.3432,0.8587,0.8556,1.60915,0.4505,0.000155,0.97751,0.2072,-0.00119,0.0076300000000000005,0.8575699999999999,0.35469999999999996,0.30862,-0.05453,0.10538,1.4419872,0.45455000000000007,0.07692307692307693,0.07692307692307693,0.0,0.0,0.8461538461538461
767,127,65,0.1994,0.2063,-0.0027,-0.0018,1,1,0,0,63,-0.033,0.3282,0.008,0.0075,0.0644,0.2652,0.8592,0.856,1.525659,0.4044,0.000155,0.97758,0.20612,-0.0012000000000000001,0.00769,0.8578100000000001,0.34975,0.30507999999999996,-0.05007,0.09618,1.4308699,0.44501999999999997,0.015384615384615385,0.015384615384615385,0.0,0.0,0.9692307692307692
768,128,63,0.2008,0.2054,-0.004,-0.0019,0,0,0,0,63,-0.0485,0.3432,0.008,0.0075,0.0986,0.2678,0.8592,0.8564,0.0,0.3555,0.000154,0.97766,0.20612,-0.00133,0.007740000000000001,0.8579800000000001,0.35617,0.30816000000000004,-0.05091,0.09815,1.2707282000000002,0.44288,0.0,0.0,0.0,0.0,1.0
769,128,62,0.217,0.2068,-0.004,-0.002,0,0,0,0,62,-0.0121,0.4215,0.0079,0.0076,0.0251,0.3452,0.8583,0.8567,0.0,0.3963,0.000154,0.97773,0.20673,-0.0016,0.0077800000000000005,0.8581099999999999,0.36291,0.31196999999999997,-0.04777,0.09203,1.1135626,0.43732,0.0,0.0,0.0,0.0,1.0
770,128,64,0.1978,0.2056,-0.004,-0.0021,0,0,0,0,64,-0.0266,0.358,0.0079,0.0076,0.0532,0.2851,0.858,0.857,0.0,0.3481,0.000153,0.97781,0.20564999999999997,-0.0016,0.00782,0.85816,0.36339,0.3123,-0.049229999999999996,0.09492,1.1135626,0.43915000000000004,0.0,0.0,0.0,0.0,1.0
771,127,64,0.2211,0.2067,-0.0027,-0.0021,1,1,0,0,62,-0.0562,0.3952,0.0079,0.0076,0.1115,0.419,0.8584,0.8572,1.598637,0.5423,0.000153,0.97788,0.20812,-0.0016,0.00785,0.85823,0.37154,0.32287,-0.04815,0.09297,1.1033152000000002,0.44714,0.015625,0.015625,0.0,0.0,0.96875
772,128,64,0.1978,0.2064,-0.0036,-0.0022,1,0,1,0,62,-0.1135,0.284,0.0079,0.0077,0.2269,0.1744,0.8596,0.8575,1.580584,0.4216,0.000152,0.97796,0.20596,-0.0017000000000000001,0.007880000000000002,0.85847,0.36063999999999996,0.30409,-0.05896,0.11456,1.1013126000000002,0.44297999999999993,0.015625,0.0,0.015625,0.0,0.96875
773,126,65,0.2089,0.2063,0.0003,-0.002,4,3,0,0,58,-0.0284,0.3858,0.0079,0.0077,0.055,0.3255,0.8601,0.8578,1.59034,0.4617,0.000152,0.97803,0.2072,-0.00179,0.0079,0.85875,0.366,0.30241,-0.05447,0.10617999999999998,1.105091,0.44112,0.06153846153846154,0.046153846153846156,0.0,0.0,0.8923076923076924
774,127,65,0.1994,0.2062,-0.0004,-0.0018,2,3,0,0,60,-0.0327,0.3702,0.0079,0.0077,0.0638,0.2252,0.8603,0.8581,1.586096,0.4081,0.000151,0.97811,0.20503,-0.00195,0.00792,0.8590199999999999,0.36041999999999996,0.2903,-0.05133,0.10023,1.1041022999999999,0.42942,0.03076923076923077,0.046153846153846156,0.0,0.0,0.9230769230769231
775,127,65,0.2072,0.2059,-0.0027,-0.0018,1,1,0,0,63,-0.0494,0.4118,0.0077,0.0077,0.0965,0.3439,0.8598,0.8583,1.596087,0.5046,0.000151,0.97818,0.20644999999999997,-0.00211,0.0079,0.8591599999999999,0.37334999999999996,0.29945000000000005,-0.03802,0.07555,1.1086553000000001,0.42930999999999997,0.015384615384615385,0.015384615384615385,0.0,0.0,0.9692307692307692
776,127,65,0.2102,0.2066,-0.0022,-0.0019,2,2,0,0,61,-0.0679,0.3911,0.0076,0.0078,0.1326,0.3969,0.8596,0.8584,1.611466,0.5393,0.00015,0.97826,0.20596,-0.0026000000000000003,0.00787,0.85925,0.3689,0.30482,-0.04683,0.09276,1.1088869000000001,0.43818999999999997,0.03076923076923077,0.03076923076923077,0.0,0.0,0.9384615384615385
777,127,64,0.2024,0.2062,-0.0013,-0.0018,2,2,0,0,60,-0.106,0.341,0.0076,0.0078,0.2104,0.3153,0.8609,0.8586,1.579168,0.5114,0.00015,0.97833,0.20625999999999997,-0.00246,0.00783,0.8594200000000001,0.37017999999999995,0.30983,-0.05413,0.10735999999999998,1.1142378,0.44889,0.03125,0.03125,0.0,0.0,0.9375
778,128,62,0.2134,0.2068,-0.004,-0.0019,0,0,0,0,62,-0.0456,0.4503,0.0076,0.0078,0.0942,0.4348,0.8617,0.8588,0.0,0.4911,0.00015,0.97841,0.20752,-0.00246,0.00779,0.85967,0.38089,0.32653,-0.05384,0.10691999999999999,1.1142378,0.4624499999999999,0.0,0.0,0.0,0.0,1.0
779,127,66,0.1994,0.2062,-0.0014,-0.0019,2,2,0,0,62,-0.0558,0.388,0.0076,0.0078,0.1073,0.3548,0.8631,0.8591,1.55815,0.5008,0.000149,0.97848,0.20576,-0.0021999999999999997,0.007760000000000001,0.86015,0.37754,0.32749,-0.05821,0.11514000000000002,1.2700528,0.4729,0.030303030303030304,0.030303030303030304,0.0,0.0,0.9393939393939394
780,128,62,0.2223,0.2069,-0.0026,-0.0018,1,1,0,0,60,-0.0536,0.3897,0.0075,0.0078,0.1106,0.3602,0.8635,0.8594,1.701951,0.517,0.000149,0.97856,0.20821,-0.00206,0.00772,0.8607000000000001,0.38071,0.33499999999999996,-0.060910000000000006,0.12087999999999999,1.4402479,0.48979,0.016129032258064516,0.016129032258064516,0.0,0.0,0.967741935483871
781,125,67,0.1854,0.2064,0.0011,-0.0016,4,4,0,0,59,-0.1121,0.3462,0.0075,0.0078,0.209,0.2052,0.8642,0.8597,1.640805,0.4547,0.000148,0.97863,0.20464,-0.0016799999999999999,0.007680000000000001,0.86128,0.37581000000000003,0.31362,-0.0665,0.13063,1.4444647,0.48102999999999996,0.05970149253731343,0.05970149253731343,0.0,0.0,0.8805970149253731
782,127,65,0.2102,0.2059,-0.0014,-0.0016,2,2,0,0,61,-0.069,0.3751,0.0074,0.0078,0.1348,0.3741,0.8645,0.8601,1.580153,0.5193,0.000148,0.97871,0.20587999999999998,-0.00146,0.00763,0.8617700000000001,0.38492,0.33358999999999994,-0.062049999999999994,0.12142,1.4444215999999999,0.4908,0.03076923076923077,0.03076923076923077,0.0,0.0,0.9384615384615385
783,127,66,0.2102,0.2066,-0.0001,-0.0016,3,3,0,0,60,-0.0623,0.3432,0.0073,0.0077,0.1199,0.3163,0.8647,0.8605,1.604849,0.4676,0.000147,0.97878,0.20601000000000003,-0.0015,0.007569999999999999,0.86223,0.38066000000000005,0.33266999999999997,-0.06544,0.12791,1.4458725,0.49139,0.045454545454545456,0.045454545454545456,0.0,0.0,0.9090909090909091
784,128,63,0.2008,0.2056,-0.004,-0.0019,0,0,0,0,63,-0.12,0.3646,0.0072,0.0077,0.2438,0.3285,0.8645,0.8608,0.0,0.4703,0.000147,0.97886,0.20615,-0.00186,0.0075,0.86265,0.3801,0.34299999999999997,-0.07417,0.14591,1.2872629,0.49761,0.0,0.0,0.0,0.0,1.0
785,127,64,0.2121,0.2066,-0.0013,-0.0019,2,2,0,0,60,-0.0643,0.4999,0.0071,0.0077,0.1275,0.4496,0.8642,0.8611,1.635987,0.6197,0.000146,0.97893,0.20664,-0.00172,0.00744,0.86309,0.38891,0.35357000000000005,-0.07566,0.14901,1.2912529,0.50912,0.03125,0.03125,0.0,0.0,0.9375
786,126,66,0.204,0.206,-0.0001,-0.002,3,3,0,0,60,-0.0829,0.331,0.007,0.0076,0.1584,0.3472,0.8641,0.8614,1.6251,0.4957,0.000146,0.97901,0.20602,-0.0015099999999999998,0.007379999999999999,0.8635400000000001,0.38289999999999996,0.3486,-0.07715999999999999,0.15159,1.2926163,0.50476,0.045454545454545456,0.045454545454545456,0.0,0.0,0.9090909090909091
787,126,66,0.2168,0.2069,0.0003,-0.0019,4,3,1,0,58,-0.0457,0.4513,0.0069,0.0076,0.0872,0.4756,0.8643,0.8616,1.628966,0.5863,0.000145,0.97908,0.20745999999999998,-0.00135,0.00731,0.86388,0.39393,0.36463,-0.07113,0.13926999999999998,1.2975961,0.5122500000000001,0.06060606060606061,0.045454545454545456,0.015151515151515152,0.0,0.8787878787878788
788,127,65,0.1915,0.2064,-0.0,-0.0017,3,3,0,0,59,-0.1144,0.3199,0.0069,0.0075,0.2235,0.2213,0.8651,0.8619,1.582498,0.4588,0.000145,0.97916,0.20526999999999998,-0.00095,0.007240000000000001,0.8642199999999999,0.38089,0.34328000000000003,-0.07801,0.1522,1.4558459000000001,0.50902,0.046153846153846156,0.046153846153846156,0.0,0.0,0.9076923076923077
789,126,66,0.2168,0.2064,0.0012,-0.0014,4,4,0,0,58,-0.0155,0.4914,0.0068,0.0075,0.0295,0.4245,0.8656,0.8623,1.610904,0.5525,0.000145,0.97923,0.20701,-0.00069,0.00716,0.8644700000000001,0.39123,0.35025,-0.07398,0.14442,1.4611212999999998,0.5141899999999999,0.06060606060606061,0.06060606060606061,0.0,0.0,0.8787878787878788
790,127,65,0.1994,0.2065,-0.0024,-0.0014,2,2,0,0,61,-0.0319,0.3743,0.0068,0.0074,0.0624,0.2993,0.8665,0.8627,1.581079,0.4463,0.000144,0.97931,0.20472,-0.00067,0.007090000000000001,0.86477,0.38969,0.34416,-0.07181,0.1396,1.4490341,0.50712,0.03076923076923077,0.03076923076923077,0.0,0.0,0.9384615384615385
791,127,64,0.2102,0.2059,-0.0013,-0.0013,2,2,0,0,60,-0.0253,0.3677,0.0067,0.0073,0.0503,0.2543,0.8672,0.8632,1.611878,0.4164,0.000144,0.97938,0.2072,-0.00091,0.00701,0.86507,0.39184,0.34907000000000005,-0.06312999999999999,0.12373,1.4461414,0.50329,0.03125,0.03125,0.0,0.0,0.9375
792,128,63,0.2056,0.2063,-0.004,-0.0013,0,0,0,0,63,-0.027,0.4444,0.0066,0.0073,0.0549,0.3786,0.8679,0.8636,0.0,0.4393,0.000143,0.97946,0.20674,-0.00117,0.00693,0.86541,0.39877,0.34951999999999994,-0.05893,0.11574,1.2881261,0.49529000000000006,0.0,0.0,0.0,0.0,1.0
793,127,65,0.1994,0.2058,-0.0027,-0.0015,1,1,0,0,63,-0.045,0.3764,0.0066,0.0072,0.0879,0.3261,0.8686,0.864,1.528685,0.4705,0.000143,0.97953,0.20566,-0.00143,0.00686,0.8657999999999999,0.40209,0.3505,-0.057199999999999994,0.11254000000000002,1.2805097,0.49558,0.015384615384615385,0.015384615384615385,0.0,0.0,0.9692307692307692
794,128,64,0.2194,0.2068,-0.0013,-0.0015,2,2,0,0,60,-0.0197,0.4767,0.0065,0.0071,0.0394,0.433,0.8687,0.8644,1.556326,0.5523,0.000142,0.97961,0.20751999999999998,-0.00116,0.00679,0.86622,0.4133,0.36095,-0.047170000000000004,0.0921,1.4361423,0.50378,0.03125,0.03125,0.0,0.0,0.9375
795,126,66,0.19,0.206,-0.0014,-0.0014,2,2,0,0,62,-0.0999,0.3253,0.0065,0.0071,0.1908,0.2958,0.8692,0.8649,1.608577,0.4818,0.000142,0.97968,0.20531000000000002,-0.00117,0.00673,0.8667200000000002,0.39584,0.34557000000000004,-0.05073,0.09842999999999999,1.4334013,0.48999000000000004,0.030303030303030304,0.030303030303030304,0.0,0.0,0.9393939393939394
796,128,63,0.2164,0.2063,-0.0026,-0.0015,1,1,0,0,61,-0.0015,0.5401,0.0064,0.007,0.0031,0.5082,0.8691,0.8654,1.527263,0.602,0.000141,0.97976,0.20655,-0.00142,0.00667,0.86722,0.41674999999999995,0.36167,-0.04259,0.0829,1.4236175999999998,0.50062,0.015873015873015872,0.015873015873015872,0.0,0.0,0.9682539682539683
797,127,65,0.2024,0.2063,-0.0014,-0.0015,2,2,0,0,61,-0.0762,0.3288,0.0063,0.007,0.1488,0.3267,0.87,0.8658,1.639618,0.4823,0.000141,0.97983,0.20511,-0.00159,0.00661,0.86779,0.40449999999999997,0.34678,-0.04564,0.08906,1.4246828,0.49022000000000004,0.03076923076923077,0.03076923076923077,0.0,0.0,0.9384615384615385
798,125,65,0.2045,0.2058,0.0002,-0.0013,5,3,1,0,56,-0.1142,0.5102,0.0062,0.0069,0.2196,0.5215,0.8699,0.8662,1.609852,0.7017,0.000141,0.97991,0.20640999999999998,-0.0015700000000000002,0.00654,0.8682700000000001,0.42352999999999996,0.3768,-0.045619999999999994,0.08867,1.4274182,0.51451,0.07692307692307693,0.046153846153846156,0.015384615384615385,0.0,0.8615384615384616
799,127,67,0.2132,0.2065,-0.0001,-0.0012,3,3,0,0,61,-0.1224,0.4748,0.0062,0.0068,0.2319,0.5457,0.8695,0.8666,1.620836,0.7008,0.00014,0.97998,0.20605,-0.0017000000000000001,0.00648,0.86866,0.42187,0.38892,-0.056310000000000006,0.10890999999999999,1.4284113999999999,0.52934,0.04477611940298507,0.04477611940298507,0.0,0.0,0.9104477611940298
800,127,65,0.1994,0.2054,-0.0014,-0.0011,2,2,0,0,61,-0.1525,0.3624,0.0062,0.0067,0.2979,0.3858,0.8702,0.8669,1.525023,0.5957,0.00014,0.98006,0.20605,-0.0016,0.0064199999999999995,0.8690300000000001,0.42068000000000005,0.39757,-0.06837,0.13245999999999997,1.4228058000000001,0.54428,0.03076923076923077,0.03076923076923077,0.0,0.0,0.9384615384615385
801,128,63,0.2134,0.2068,-0.0013,-0.0013,2,2,0,0,59,-0.0968,0.5121,0.0062,0.0067,0.1968,0.5622,0.8705,0.8672,1.669646,0.7205,0.000139,0.98014,0.20637,-0.0016,0.006369999999999999,0.86936,0.43512000000000006,0.42835999999999996,-0.07552,0.14711,1.4285826,0.57469,0.031746031746031744,0.031746031746031744,0.0,0.0,0.9365079365079365
802,126,66,0.201,0.2063,-0.001,-0.0012,3,2,1,0,60,-0.0979,0.2916,0.0062,0.0066,0.1869,0.2054,0.8709,0.8675,1.594431,0.4172,0.000139,0.98021,0.20590999999999998,-0.0013,0.00633,0.86966,0.41984000000000005,0.41104,-0.08260999999999999,0.16031,1.5880257,0.5724799999999999,0.045454545454545456,0.030303030303030304,0.015151515151515152,0.0,0.9090909090909091
803,128,62,0.2194,0.2068,-0.0042,-0.0014,2,0,0,0,60,-0.0372,0.5569,0.0062,0.0066,0.0768,0.5347,0.8707,0.8678,0.0,0.5853,0.000138,0.98029,0.20790999999999998,-0.0014500000000000001,0.00629,0.86987,0.43789,0.4319,-0.08183,0.15919999999999998,1.4351572000000001,0.58396,0.03225806451612903,0.0,0.0,0.0,0.967741935483871
804,126,68,0.19,0.2062,0.0023,-0.0011,5,5,0,0,58,-0.0397,0.3167,0.0063,0.0065,0.0736,0.2801,0.8709,0.8682,1.579567,0.4112,0.000138,0.98036,0.20497,-0.00109,0.0062699999999999995,0.87009,0.42189,0.41661000000000004,-0.08382999999999999,0.16262,1.4374813,0.56985,0.07352941176470588,0.07352941176470588,0.0,0.0,0.8529411764705882
805,127,64,0.2072,0.206,-0.0013,-0.0011,2,2,0,0,60,-0.0299,0.468,0.0063,0.0065,0.0594,0.3925,0.87,0.8684,1.636063,0.5414,0.000137,0.98044,0.20668999999999998,-0.00108,0.00625,0.8701700000000001,0.43616,0.42627999999999994,-0.07683,0.14948,1.4402298999999998,0.5758099999999999,0.03125,0.03125,0.0,0.0,0.9375
806,127,64,0.2072,0.2062,-0.0027,-0.0013,1,1,0,0,62,-0.0064,0.4261,0.0063,0.0064,0.0127,0.4047,0.8701,0.8687,1.582717,0.5008,0.000137,0.98051,0.20577,-0.00109,0.00624,0.87027,0.42476,0.41593,-0.07732,0.15044,1.4457753,0.56569,0.015625,0.015625,0.0,0.0,0.96875
807,126,66,0.204,0.2055,-0.0014,-0.0013,2,2,0,0,62,-0.0799,0.3429,0.0062,0.0064,0.1525,0.3982,0.8702,0.869,1.586228,0.5224,0.000136,0.98059,0.20593,-0.00109,0.00623,0.87029,0.42617000000000005,0.42308,-0.07769000000000001,0.15081,1.4404363,0.5697,0.030303030303030304,0.030303030303030304,0.0,0.0,0.9393939393939394
808,127,64,0.2187,0.2069,-0.001,-0.0014,3,2,1,0,58,-0.0279,0.4753,0.0062,0.0064,0.0553,0.5119,0.87,0.8693,1.503696,0.5961,0.000136,0.98066,0.20735,-0.00121,0.006229999999999999,0.8703,0.42268,0.42211999999999994,-0.06906,0.13438,1.4298207,0.55914,0.046875,0.03125,0.015625,0.0,0.90625
809,128,64,0.1978,0.2059,-0.0027,-0.0016,1,1,0,0,62,-0.0326,0.4036,0.0061,0.0063,0.0652,0.3873,0.8698,0.8695,1.692572,0.5126,0.000136,0.98074,0.20581,-0.00147,0.00622,0.87033,0.41556,0.4062799999999999,-0.06008,0.11771000000000001,1.4369943,0.54032,0.015625,0.015625,0.0,0.0,0.96875
810,127,64,0.2181,0.2069,-0.0027,-0.0016,1,1,0,0,62,-0.0701,0.4956,0.006,0.0063,0.1391,0.5643,0.869,0.8696,1.635344,0.6807,0.000135,0.98081,0.20768,-0.0016,0.0062,0.8702099999999999,0.42888000000000004,0.42413,-0.05184,0.10183,1.4480264,0.54882,0.015625,0.015625,0.0,0.0,0.96875
811,126,67,0.19,0.2059,0.0011,-0.0015,4,4,0,0,59,-0.0532,0.3084,0.006,0.0063,0.1001,0.3628,0.8678,0.8696,1.596666,0.4623,0.000135,0.98089,0.20534,-0.00136,0.00618,0.86994,0.40851,0.40419,-0.04748,0.09215999999999999,1.4407283999999998,0.5229999999999999,0.05970149253731343,0.05970149253731343,0.0,0.0,0.8805970149253731
812,127,63,0.2181,0.2065,-0.0027,-0.0014,2,1,0,0,60,-0.0529,0.551,0.0058,0.0062,0.1067,0.6103,0.866,0.8695,1.652857,0.717,0.000134,0.98096,0.20705,-0.0015300000000000001,0.0061400000000000005,0.86945,0.43445,0.4446800000000001,-0.042980000000000004,0.08413999999999999,1.446571,0.55298,0.031746031746031744,0.015873015873015872,0.0,0.0,0.9523809523809523
813,126,68,0.201,0.2066,0.0049,-0.001,7,7,0,0,54,-0.0166,0.4276,0.0058,0.0062,0.0308,0.3573,0.8652,0.8694,1.589209,0.486,0.000134,0.98104,0.20521000000000003,-0.0006200000000000001,0.0060999999999999995,0.8689,0.42152,0.42694,-0.04092,0.07954,1.6054918999999999,0.54305,0.10294117647058823,0.10294117647058823,0.0,0.0,0.7941176470588235
814,126,65,0.1979,0.2055,-0.0014,-0.001,2,2,0,0,61,-0.0385,0.3896,0.0057,0.0062,0.0745,0.3565,0.8638,0.8691,1.551821,0.4867,0.000133,0.98111,0.20600000000000002,-0.00099,0.006039999999999999,0.8681899999999999,0.42881,0.4345800000000001,-0.040799999999999996,0.07963,1.6027173000000001,0.5506,0.03076923076923077,0.03076923076923077,0.0,0.0,0.9384615384615385
815,127,65,0.2181,0.2069,-0.0023,-0.0011,2,1,1,0,61,-0.0353,0.5066,0.0056,0.0061,0.0689,0.5395,0.8619,0.8688,1.564803,0.6349,0.000133,0.98119,0.20709,-0.00109,0.00597,0.86738,0.43267000000000005,0.44928,-0.04134,0.08058,1.5955913000000002,0.55995,0.03076923076923077,0.015384615384615385,0.015384615384615385,0.0,0.9384615384615385
816,127,65,0.2024,0.2062,-0.0014,-0.001,2,2,0,0,61,-0.0642,0.3731,0.0055,0.0061,0.1254,0.3807,0.8601,0.8683,1.609353,0.5185,0.000132,0.98126,0.20661000000000002,-0.0009600000000000001,0.00589,0.86638,0.42736999999999997,0.44688,-0.047119999999999995,0.09185000000000001,1.5982549,0.56172,0.03076923076923077,0.03076923076923077,0.0,0.0,0.9384615384615385
817,127,64,0.2151,0.2068,-0.0013,-0.001,2,2,0,0,60,-0.0449,0.5406,0.0053,0.006,0.0892,0.5475,0.8577,0.8677,1.577073,0.6671,0.000132,0.98134,0.20772,-0.00095,0.0058,0.86513,0.44714,0.46181,-0.04362,0.08552,1.5973393999999999,0.57619,0.03125,0.03125,0.0,0.0,0.9375
818,126,67,0.19,0.2061,0.0024,-0.0009,5,5,0,0,57,-0.0767,0.3535,0.0053,0.006,0.1442,0.2927,0.8557,0.867,1.657913,0.4735,0.000132,0.98141,0.20484999999999998,-0.0006100000000000001,0.00571,0.8637,0.43496000000000007,0.43989,-0.0485,0.09441,1.6127610999999997,0.5639299999999999,0.07462686567164178,0.07462686567164178,0.0,0.0,0.8507462686567164
819,126,65,0.2168,0.2063,-0.0,-0.0009,3,3,0,0,59,-0.0256,0.6238,0.0051,0.0059,0.0497,0.5854,0.8532,0.8662,1.557133,0.7065,0.000131,0.98149,0.20675,-0.00034,0.0056099999999999995,0.86204,0.45698000000000005,0.45969999999999994,-0.047799999999999995,0.09286,1.5992172,0.58332,0.046153846153846156,0.046153846153846156,0.0,0.0,0.9076923076923077
820,127,64,0.1994,0.2063,-0.0013,-0.0009,2,2,0,0,60,-0.0392,0.4283,0.0051,0.0059,0.0778,0.34,0.8512,0.8652,1.586638,0.502,0.000131,0.98156,0.20488,-0.0002,0.00552,0.86026,0.45024999999999993,0.43727,-0.04471,0.08673,1.5943466,0.56545,0.03125,0.03125,0.0,0.0,0.9375
821,127,65,0.2072,0.206,-0.0014,-0.0009,2,2,0,0,61,-0.045,0.4853,0.005,0.0058,0.0879,0.4235,0.8488,0.8641,1.517941,0.5732,0.00013,0.98164,0.20659999999999998,-0.00045000000000000004,0.0054199999999999995,0.8583599999999999,0.46794,0.44333999999999996,-0.04389,0.08551,1.5864741,0.57654,0.03076923076923077,0.03076923076923077,0.0,0.0,0.9384615384615385
822,128,64,0.2086,0.2064,-0.0028,-0.001,2,1,0,0,61,-0.013,0.4734,0.0049,0.0057,0.026,0.4045,0.8479,0.863,1.516922,0.5278,0.00013,0.98171,0.20564999999999997,-0.00046,0.00533,0.85655,0.46018,0.42275999999999997,-0.0399,0.07744000000000001,1.5728806,0.5576200000000001,0.03125,0.015625,0.0,0.0,0.953125
823,126,66,0.1979,0.2053,-0.0001,-0.0008,3,3,0,0,60,-0.0148,0.4142,0.0049,0.0057,0.0283,0.3531,0.8472,0.8618,1.538924,0.474,0.000129,0.98179,0.20534,-0.0009599999999999999,0.00524,0.8547499999999999,0.45884,0.42234,-0.03971999999999999,0.07719000000000001,1.5678521,0.5564199999999999,0.045454545454545456,0.045454545454545456,0.0,0.0,0.9090909090909091
824,127,64,0.2151,0.2065,-0.0013,-0.001,2,2,0,0,60,-0.0488,0.605,0.0048,0.0056,0.0968,0.6417,0.8461,0.8606,1.665418,0.7545,0.000129,0.98186,0.20706000000000002,-0.00095,0.00515,0.85298,0.48038,0.45086000000000004,-0.040749999999999995,0.07942,1.5792118,0.5831999999999999,0.03125,0.03125,0.0,0.0,0.9375
825,128,64,0.1978,0.2061,-0.0027,-0.001,1,1,0,0,62,-0.0595,0.3405,0.0048,0.0055,0.1191,0.2307,0.8456,0.8594,1.512823,0.4207,0.000128,0.98194,0.20503,-0.00099,0.00507,0.8513499999999998,0.46377000000000007,0.41997999999999996,-0.04317,0.08444,1.5740138,0.56178,0.015625,0.015625,0.0,0.0,0.96875
826,126,65,0.2229,0.2068,-0.0014,-0.001,2,2,0,0,61,-0.1156,0.4643,0.0048,0.0054,0.224,0.5871,0.8451,0.8581,1.643417,0.7163,0.000128,0.98201,0.20708000000000001,-0.00099,0.005,0.84985,0.4728899999999999,0.44062,-0.04831,0.09430000000000001,1.5774202000000002,0.5815600000000001,0.03076923076923077,0.03076923076923077,0.0,0.0,0.9384615384615385
827,128,64,0.19,0.2061,-0.004,-0.0011,0,0,0,0,64,-0.1153,0.3435,0.0047,0.0054,0.2306,0.3787,0.8444,0.8568,0.0,0.4763,0.000127,0.98209,0.20457,-0.00126,0.00494,0.8485199999999999,0.45318,0.42374,-0.055349999999999996,0.10844000000000001,1.4197129,0.5624800000000001,0.0,0.0,0.0,0.0,1.0
828,128,63,0.2056,0.2055,-0.0026,-0.0012,1,1,0,0,61,-0.0525,0.5205,0.0047,0.0053,0.1067,0.5328,0.8435,0.8555,1.588061,0.6602,0.000127,0.98216,0.20613,-0.00176,0.004880000000000001,0.8473,0.46987999999999996,0.44775,-0.05293,0.10468999999999999,1.4127277,0.58115,0.015873015873015872,0.015873015873015872,0.0,0.0,0.9682539682539683
829,127,64,0.2102,0.2061,-0.0024,-0.0012,2,2,0,0,60,-0.0105,0.5043,0.0046,0.0052,0.0209,0.4269,0.8437,0.8542,1.584207,0.5551,0.000127,0.98224,0.20546999999999999,-0.002,0.00483,0.8463499999999999,0.45793,0.4319,-0.05142,0.10181,1.4154350999999998,0.5660100000000001,0.03125,0.03125,0.0,0.0,0.9375
830,128,64,0.2008,0.2052,-0.004,-0.0012,0,0,0,0,64,-0.0466,0.4216,0.0046,0.0051,0.0933,0.3678,0.8445,0.853,0.0,0.4413,0.000126,0.98231,0.20561000000000001,-0.0022700000000000003,0.00478,0.84568,0.45726000000000006,0.43468,-0.05216,0.10335999999999998,1.2567713,0.5599400000000001,0.0,0.0,0.0,0.0,1.0
831,128,63,0.2164,0.2066,-0.0037,-0.0015,1,0,0,0,62,-0.0799,0.585,0.0045,0.0051,0.1623,0.6857,0.8455,0.8519,1.65251,0.8003,0.000126,0.98239,0.20653000000000002,-0.0025,0.00473,0.84535,0.46723,0.4609,-0.05565,0.11080000000000001,1.2702282,0.58265,0.015873015873015872,0.0,0.0,0.0,0.9841269841269841
832,128,64,0.1978,0.2056,-0.0017,-0.0014,1,2,0,0,61,0.0096,0.4697,0.0045,0.005,-0.0192,0.4015,0.8465,0.8509,1.598314,0.5059,0.000125,0.98246,0.20545,-0.00239,0.00469,0.84521,0.46685999999999994,0.46060000000000006,-0.05339000000000001,0.10628,1.2783674,0.58046,0.015625,0.03125,0.0,0.0,0.953125
833,127,64,0.2211,0.2066,-0.0027,-0.0018,1,1,0,0,62,-0.0102,0.6158,0.0044,0.0049,0.0203,0.5789,0.8469,0.85,1.588031,0.6867,0.000125,0.98254,0.20777,-0.00265,0.00464,0.84518,0.48701999999999995,0.48317999999999994,-0.05293,0.10547999999999999,1.2832781,0.6017300000000001,0.015625,0.015625,0.0,0.0,0.96875
834,126,66,0.19,0.2062,0.0002,-0.0017,4,3,0,0,59,-0.0693,0.3494,0.0044,0.0049,0.1323,0.3424,0.8472,0.8491,1.671912,0.4924,0.000124,0.98261,0.20526,-0.0025,0.0046,0.84529,0.46146000000000004,0.45325,-0.05498000000000001,0.10903,1.2839275,0.57552,0.06060606060606061,0.045454545454545456,0.0,0.0,0.8939393939393939
835,126,66,0.2168,0.2061,0.0013,-0.0015,4,5,0,0,57,-0.0448,0.6427,0.0043,0.0048,0.0856,0.5891,0.8463,0.8484,1.553346,0.7343,0.000124,0.98269,0.20716,-0.0021000000000000003,0.00455,0.84536,0.49168,0.48909,-0.05351,0.10568,1.2879798,0.6068800000000001,0.06060606060606061,0.07575757575757576,0.0,0.0,0.8636363636363636
836,127,65,0.2024,0.2061,-0.0,-0.0015,3,3,0,0,59,-0.0133,0.4883,0.0043,0.0047,0.0261,0.336,0.8462,0.8477,1.705492,0.5101,0.000123,0.98276,0.20511,-0.0019600000000000004,0.0045,0.84547,0.49408,0.46397999999999995,-0.04328,0.08589,1.2941873,0.58626,0.046153846153846156,0.046153846153846156,0.0,0.0,0.9076923076923077
837,126,67,0.2059,0.2056,-0.0001,-0.0014,3,3,0,0,61,-0.0387,0.3906,0.0042,0.0047,0.0728,0.3357,0.8463,0.8471,1.506145,0.4725,0.000123,0.98284,0.20670000000000002,-0.0015700000000000002,0.004450000000000001,0.84566,0.49878999999999996,0.45968,-0.03562,0.07010999999999999,1.4448018,0.58588,0.04477611940298507,0.04477611940298507,0.0,0.0,0.9104477611940298
838,126,66,0.2089,0.2066,0.0016,-0.0014,5,4,1,0,56,-0.0337,0.5441,0.0041,0.0046,0.0643,0.4767,0.8465,0.8466,1.647628,0.6234,0.000123,0.98291,0.20703,-0.00115,0.00439,0.84596,0.50115,0.45407000000000003,-0.033740000000000006,0.06587,1.4507585,0.5822,0.07575757575757576,0.06060606060606061,0.015151515151515152,0.0,0.8484848484848485
839,126,66,0.201,0.2058,0.0025,-0.0013,5,5,0,0,56,-0.0157,0.4994,0.004,0.0046,0.0301,0.374,0.8476,0.8464,1.561756,0.529,0.000122,0.98299,0.20611000000000002,-0.00066,0.00433,0.8463499999999999,0.50066,0.44878,-0.03426,0.06679,1.4485134,0.5795899999999999,0.07575757575757576,0.07575757575757576,0.0,0.0,0.8484848484848485
840,127,65,0.2151,0.2066,-0.0014,-0.0013,3,2,0,0,60,-0.0376,0.6418,0.0039,0.0045,0.0734,0.6312,0.8469,0.8461,1.583826,0.7515,0.000122,0.98306,0.20754,-0.0004,0.00426,0.84659,0.52268,0.47512,-0.03336,0.0648,1.606896,0.61061,0.046153846153846156,0.03076923076923077,0.0,0.0,0.9230769230769231
841,127,65,0.1915,0.2058,-0.0014,-0.0013,2,2,0,0,61,-0.0213,0.4,0.0039,0.0045,0.0417,0.2693,0.847,0.846,1.546187,0.4322,0.000121,0.98314,0.20505,-0.00017,0.004200000000000001,0.8467399999999999,0.5041800000000001,0.43348,-0.027500000000000004,0.052739999999999995,1.5962637,0.5738,0.03076923076923077,0.03076923076923077,0.0,0.0,0.9384615384615385
842,125,66,0.2186,0.2063,-0.0001,-0.0012,3,3,0,0,60,-0.091,0.6341,0.0038,0.0044,0.1724,0.7841,0.8464,0.846,1.571039,0.869,0.000121,0.98321,0.20712999999999998,-1.0000000000000023e-05,0.00413,0.84673,0.5206200000000001,0.47173999999999994,-0.03756,0.07189999999999999,1.5935362,0.6101099999999999,0.045454545454545456,0.045454545454545456,0.0,0.0,0.9090909090909091
843,127,65,0.1994,0.2064,-0.0014,-0.0013,2,2,0,0,61,-0.014,0.4669,0.0038,0.0043,0.0274,0.4143,0.8462,0.8459,1.625857,0.5352,0.00012,0.98329,0.20495999999999998,0.00011999999999999999,0.00407,0.84666,0.50573,0.45527999999999996,-0.03794,0.07261,1.5973188,0.5949599999999999,0.03076923076923077,0.03076923076923077,0.0,0.0,0.9384615384615385
844,128,64,0.2056,0.2059,-0.0013,-0.0013,2,2,0,0,60,-0.0401,0.5772,0.0037,0.0043,0.0802,0.5754,0.8449,0.8459,1.646912,0.6987,0.00012,0.98336,0.20651999999999998,-3.0000000000000014e-05,0.003999999999999999,0.84643,0.52851,0.47858,-0.03502,0.0674,1.5948188,0.61559,0.03125,0.03125,0.0,0.0,0.9375
845,126,64,0.2119,0.2066,-0.0013,-0.0012,2,2,0,0,60,-0.0487,0.5842,0.0036,0.0042,0.096,0.6122,0.8442,0.8458,1.650314,0.7279,0.000119,0.98344,0.20603,-0.00029,0.00393,0.84622,0.52266,0.48089000000000004,-0.03541,0.06844,1.6045155999999998,0.61495,0.03125,0.03125,0.0,0.0,0.9375
846,127,66,0.1994,0.2054,-0.0001,-0.0011,3,3,0,0,60,-0.0268,0.4889,0.0036,0.0042,0.0515,0.432,0.8429,0.8457,1.576116,0.564,0.000119,0.98351,0.20573000000000002,-0.00030000000000000003,0.00386,0.84589,0.52272,0.49049,-0.03676,0.07098,1.5915780000000002,0.62034,0.045454545454545456,0.045454545454545456,0.0,0.0,0.9090909090909091
847,128,63,0.2164,0.2067,-0.004,-0.0011,0,0,0,0,63,-0.0479,0.6682,0.0035,0.0041,0.0974,0.7308,0.8413,0.8455,0.0,0.7489,0.000118,0.98359,0.20678000000000002,-0.00069,0.0037899999999999995,0.8453900000000001,0.55048,0.53,-0.037680000000000005,0.07344,1.4409635,0.64798,0.0,0.0,0.0,0.0,1.0
848,126,66,0.19,0.206,-0.0001,-0.001,3,3,0,0,60,-0.0834,0.4044,0.0035,0.0041,0.1593,0.385,0.8402,0.8454,1.598396,0.5505,0.000118,0.98366,0.20489000000000002,-0.00086,0.00373,0.84476,0.53651,0.5208299999999999,-0.04265,0.08294,1.4360403,0.64069,0.045454545454545456,0.045454545454545456,0.0,0.0,0.9090909090909091
849,128,62,0.2302,0.207,-0.004,-0.0011,0,0,0,0,62,-0.0101,0.7449,0.0034,0.004,0.0208,0.7582,0.838,0.8451,0.0,0.7622,0.000118,0.98374,0.20781,-0.0015099999999999998,0.0036700000000000005,0.8437999999999999,0.56106,0.55925,-0.04209,0.08201,1.2798647,0.66401,0.0,0.0,0.0,0.0,1.0
850,127,66,0.1885,0.2063,-0.0001,-0.0009,3,3,0,0,60,-0.0339,0.4096,0.0034,0.0039,0.0653,0.3174,0.837,0.8447,1.613175,0.4755,0.000117,0.98381,0.20515,-0.00138,0.0036200000000000004,0.8428100000000001,0.53784,0.5278700000000001,-0.04171999999999999,0.0812,1.2827996000000002,0.6364099999999999,0.045454545454545456,0.045454545454545456,0.0,0.0,0.9090909090909091
851,127,64,0.2072,0.2059,-0.0013,-0.0008,2,2,0,0,60,-0.027,0.6594,0.0033,0.0039,0.0536,0.5739,0.8356,0.8442,1.545222,0.7205,0.000117,0.98389,0.20671999999999996,-0.0013700000000000001,0.00356,0.84167,0.56378,0.55833,-0.04229,0.08238999999999999,1.2827031000000002,0.66524,0.03125,0.03125,0.0,0.0,0.9375
852,126,66,0.2119,0.2066,-0.0001,-0.0007,3,3,0,0,60,-0.0374,0.4839,0.0033,0.0038,0.0714,0.5228,0.835,0.8436,1.612866,0.6179,0.000116,0.98396,0.20605,-0.0013700000000000001,0.00351,0.84053,0.54876,0.5322,-0.03693,0.07229,1.2868857999999999,0.64013,0.045454545454545456,0.045454545454545456,0.0,0.0,0.9090909090909091
853,128,64,0.2008,0.2056,-0.0013,-0.0006,2,2,0,0,60,-0.0445,0.502,0.0032,0.0038,0.089,0.4226,0.8341,0.843,1.586631,0.5861,0.000116,0.98404,0.20619,-0.0013599999999999999,0.0034499999999999995,0.8393200000000001,0.5522699999999999,0.53303,-0.03998,0.07844999999999999,1.2829632,0.64522,0.03125,0.03125,0.0,0.0,0.9375
854,128,63,0.2134,0.2067,-0.004,-0.0008,0,0,0,0,63,-0.0144,0.7218,0.0032,0.0037,0.0292,0.6872,0.8327,0.8423,0.0,0.7193,0.000115,0.98411,0.20697000000000002,-0.0016300000000000002,0.0034000000000000002,0.8381000000000001,0.56673,0.54421,-0.03741,0.07335,1.118272,0.64728,0.0,0.0,0.0,0.0,1.0
855,127,66,0.1994,0.2059,-0.0014,-0.001,2,2,0,0,62,-0.0501,0.3867,0.0031,0.0036,0.0964,0.3232,0.8315,0.8415,1.65212,0.4838,0.000115,0.98419,0.20572,-0.0016399999999999997,0.00335,0.83683,0.54698,0.51531,-0.03755,0.07339,1.1184526,0.62287,0.030303030303030304,0.030303030303030304,0.0,0.0,0.9393939393939394
856,125,64,0.2186,0.2067,0.0014,-0.0009,4,4,0,0,56,-0.0594,0.7404,0.0031,0.0036,0.1161,0.8058,0.8299,0.8407,1.624145,0.9109,0.000114,0.98426,0.20764,-0.00149,0.0033,0.83553,0.57213,0.55269,-0.04081,0.07985,1.1232555,0.6575599999999999,0.0625,0.0625,0.0,0.0,0.875
857,128,65,0.19,0.2059,-0.0027,-0.001,1,1,0,0,63,-0.0337,0.4496,0.0031,0.0035,0.0664,0.3247,0.8288,0.8398,1.63996,0.5018,0.000114,0.98434,0.205,-0.00136,0.0032600000000000003,0.83428,0.55027,0.51208,-0.039389999999999994,0.07675,1.2872515,0.63285,0.015384615384615385,0.015384615384615385,0.0,0.0,0.9692307692307692
858,126,65,0.2198,0.2064,-0.0,-0.0011,3,3,0,0,59,-0.0624,0.7397,0.003,0.0035,0.121,0.7882,0.8268,0.8389,1.669693,0.906,0.000114,0.98441,0.20798,-0.00135,0.0032099999999999997,0.83294,0.5837999999999999,0.5524,-0.037290000000000004,0.07292,1.2943812,0.6684,0.046153846153846156,0.046153846153846156,0.0,0.0,0.9076923076923077
859,127,66,0.1994,0.2064,0.0002,-0.0012,4,4,0,0,58,0.0035,0.5486,0.003,0.0034,-0.0066,0.4507,0.825,0.8377,1.594904,0.5761,0.000113,0.98449,0.2049,-0.00093,0.00317,0.8316399999999999,0.5641700000000001,0.52165,-0.035930000000000004,0.07018,1.4538716,0.6497900000000001,0.06060606060606061,0.06060606060606061,0.0,0.0,0.8787878787878788
860,127,66,0.1994,0.2056,-0.0014,-0.0012,2,2,0,0,62,-0.0075,0.5248,0.003,0.0034,0.0145,0.4498,0.8228,0.8365,1.642925,0.5763,0.000113,0.98456,0.20598999999999998,-0.00106,0.00313,0.83022,0.57569,0.53489,-0.03329,0.0651,1.4568466,0.65987,0.030303030303030304,0.030303030303030304,0.0,0.0,0.9393939393939394
861,127,63,0.2181,0.2069,-0.0037,-0.0013,1,1,0,0,61,-0.0192,0.7362,0.0029,0.0033,0.0387,0.6991,0.82,0.8352,1.506201,0.8124,0.000112,0.98464,0.20708,-0.0013000000000000002,0.00309,0.82866,0.58337,0.5474100000000001,-0.03251,0.06361,1.4529445,0.66906,0.015873015873015872,0.015873015873015872,0.0,0.0,0.9682539682539683
862,127,64,0.1994,0.2059,-0.0036,-0.0015,1,0,1,0,62,-0.0202,0.5405,0.0028,0.0033,0.0401,0.4984,0.8177,0.8337,1.661001,0.6223,0.000112,0.98471,0.20583,-0.00165,0.00304,0.8269299999999999,0.5890299999999999,0.54497,-0.03079,0.06048,1.457758,0.6695,0.015625,0.0,0.015625,0.0,0.96875
863,128,64,0.2194,0.2069,-0.0027,-0.0016,1,1,0,0,62,-0.0612,0.6929,0.0028,0.0032,0.1224,0.7668,0.8155,0.8322,1.506747,0.8663,0.000111,0.98479,0.20768999999999999,-0.00179,0.003,0.82507,0.60812,0.5793900000000001,-0.03246,0.06382000000000002,1.4497696,0.69752,0.015625,0.015625,0.0,0.0,0.96875
864,127,66,0.1885,0.2061,0.0012,-0.0014,4,4,0,0,58,-0.0157,0.4567,0.0027,0.0032,0.0302,0.3048,0.8136,0.8306,1.574333,0.4739,0.000111,0.98486,0.2052,-0.0012699999999999999,0.00295,0.82316,0.5816100000000001,0.5411499999999999,-0.032589999999999994,0.06392,1.6072029,0.67298,0.06060606060606061,0.06060606060606061,0.0,0.0,0.8787878787878788
865,126,65,0.2175,0.2064,-0.0014,-0.0015,2,2,0,0,61,-0.0286,0.7864,0.0027,0.0031,0.0555,0.7827,0.8112,0.829,1.572606,0.89,0.00011,0.98494,0.20701,-0.0012699999999999999,0.0029100000000000003,0.8211299999999999,0.62158,0.5871,-0.030440000000000002,0.05983000000000001,1.5992514999999998,0.7136,0.03076923076923077,0.03076923076923077,0.0,0.0,0.9384615384615385
866,127,65,0.1994,0.2064,-0.0014,-0.0015,2,2,0,0,61,-0.0874,0.5731,0.0027,0.0031,0.1707,0.5257,0.8096,0.8273,1.543833,0.7099,0.00011,0.98502,0.20509,-0.00155,0.00287,0.8190999999999999,0.60485,0.55909,-0.033240000000000006,0.06529,1.5912203,0.6935,0.03076923076923077,0.03076923076923077,0.0,0.0,0.9384615384615385
867,125,67,0.2136,0.2062,0.0024,-0.0012,5,5,0,0,57,-0.0522,0.5665,0.0026,0.003,0.0974,0.6555,0.8064,0.8256,1.551123,0.7337,0.000109,0.98509,0.20745,-0.00104,0.00282,0.8168599999999999,0.61654,0.59217,-0.035089999999999996,0.06838999999999999,1.5823366,0.71669,0.07462686567164178,0.07462686567164178,0.0,0.0,0.8507462686567164
868,128,62,0.2056,0.207,-0.0026,-0.0013,1,1,0,0,60,-0.0125,0.7571,0.0026,0.003,0.0259,0.5857,0.8027,0.8237,1.637218,0.7666,0.000109,0.98517,0.20603,-0.0013,0.0027800000000000004,0.8144500000000001,0.6182799999999999,0.57192,-0.0301,0.05888,1.5790891,0.70275,0.016129032258064516,0.016129032258064516,0.0,0.0,0.967741935483871
869,125,68,0.1995,0.2055,0.0011,-0.0011,4,4,0,0,60,-0.0578,0.5864,0.0025,0.0029,0.1063,0.5654,0.8008,0.8218,1.565671,0.7026,0.000109,0.98524,0.20604,-0.00121,0.00273,0.81203,0.6220600000000001,0.58339,-0.03623,0.07017,1.5761657999999998,0.7154,0.058823529411764705,0.058823529411764705,0.0,0.0,0.8823529411764706
870,127,65,0.2181,0.2069,-0.0,-0.0011,3,3,0,0,59,-0.0413,0.76,0.0025,0.0029,0.0807,0.8208,0.8001,0.82,1.610202,0.9103,0.000108,0.98532,0.20790999999999998,-0.00107,0.00268,0.80976,0.64558,0.62049,-0.03961,0.07679,1.5728935,0.7487999999999999,0.046153846153846156,0.046153846153846156,0.0,0.0,0.9076923076923077
871,127,66,0.1915,0.2062,0.0003,-0.001,4,3,1,0,58,-0.0531,0.4577,0.0025,0.0029,0.1023,0.3567,0.8008,0.8183,1.537156,0.5332,0.000108,0.98539,0.20525000000000002,-0.00067,0.00264,0.80784,0.61773,0.5862499999999999,-0.043,0.08315,1.575989,0.72088,0.06060606060606061,0.045454545454545456,0.015151515151515152,0.0,0.8787878787878788
872,126,64,0.2278,0.207,-0.0013,-0.001,2,2,0,0,60,-0.0258,0.9011,0.0024,0.0028,0.0508,0.8783,0.801,0.8166,1.671573,0.9983,0.000107,0.98547,0.20808999999999997,-0.00044,0.0026,0.80617,0.6537900000000001,0.62424,-0.04356,0.08421999999999999,1.5770461999999998,0.7584799999999999,0.03125,0.03125,0.0,0.0,0.9375
873,127,67,0.1885,0.2063,0.0001,-0.001,4,4,0,0,59,-0.0442,0.4716,0.0024,0.0028,0.0838,0.3722,0.8011,0.8149,1.602693,0.5415,0.000107,0.98554,0.205,-0.00016000000000000004,0.0025599999999999998,0.80473,0.63166,0.5847800000000001,-0.04186,0.08036000000000001,1.5866408,0.726,0.05970149253731343,0.05970149253731343,0.0,0.0,0.8805970149253731
874,127,63,0.2181,0.2066,-0.0026,-0.0009,1,1,0,0,61,-0.0431,0.7266,0.0024,0.0027,0.0868,0.6588,0.8001,0.8133,1.671662,0.82,0.000106,0.98562,0.20796,-0.00054,0.00253,0.80338,0.65865,0.6201800000000001,-0.0446,0.08602000000000001,1.5963736999999998,0.76061,0.015873015873015872,0.015873015873015872,0.0,0.0,0.9682539682539683
875,126,65,0.1979,0.2065,-0.0014,-0.0009,3,2,0,0,60,-0.0627,0.5868,0.0024,0.0027,0.1215,0.5761,0.7995,0.8117,1.579585,0.7192,0.000106,0.98569,0.20600000000000002,-0.00054,0.0025,0.80221,0.6386900000000001,0.5995199999999999,-0.048010000000000004,0.09262,1.5970716,0.74353,0.046153846153846156,0.03076923076923077,0.0,0.0,0.9230769230769231
876,127,67,0.2024,0.2057,0.0011,-0.0009,4,4,0,0,59,-0.087,0.6101,0.0024,0.0027,0.1648,0.5904,0.7987,0.8101,1.652167,0.7607,0.000105,0.98577,0.2063,-0.00029,0.00247,0.80112,0.64239,0.60599,-0.04797,0.09202999999999999,1.607905,0.74861,0.05970149253731343,0.05970149253731343,0.0,0.0,0.8805970149253731
877,128,61,0.2164,0.207,-0.004,-0.001,0,0,0,0,61,-0.0309,0.9312,0.0023,0.0026,0.0648,0.8523,0.7961,0.8085,0.0,0.9256,0.000105,0.98584,0.20657999999999999,-0.0009299999999999999,0.0024400000000000003,0.80009,0.67886,0.6256700000000001,-0.045840000000000006,0.08877,1.4527926999999998,0.7677999999999999,0.0,0.0,0.0,0.0,1.0
878,126,66,0.187,0.2054,-0.0023,-0.0011,2,1,1,0,62,-0.0843,0.545,0.0023,0.0026,0.161,0.4128,0.7951,0.8069,1.625641,0.6368,0.000105,0.98592,0.20472,-0.0009000000000000001,0.00241,0.79933,0.6576500000000001,0.60838,-0.05302,0.10228,1.451635,0.7548199999999999,0.030303030303030304,0.015151515151515152,0.015151515151515152,0.0,0.9393939393939394
879,128,64,0.2331,0.2071,-0.0013,-0.0012,2,2,0,0,60,-0.0179,0.9951,0.0023,0.0026,0.0358,0.959,0.7934,0.8053,1.543043,1.0721,0.000104,0.98599,0.20808,-0.00114,0.00239,0.79859,0.69852,0.64774,-0.049030000000000004,0.09523,1.4493722,0.79177,0.03125,0.03125,0.0,0.0,0.9375
880,127,65,0.1885,0.2065,-0.0014,-0.0012,2,2,0,0,61,-0.0642,0.495,0.0023,0.0025,0.1255,0.3799,0.7918,0.8038,1.623258,0.5798,0.000104,0.98607,0.20512000000000002,-0.00128,0.0023699999999999997,0.79776,0.6720200000000001,0.6036499999999999,-0.05132,0.09971,1.4506778,0.7587200000000001,0.03076923076923077,0.03076923076923077,0.0,0.0,0.9384615384615385
881,127,64,0.2151,0.2064,-0.0027,-0.0011,1,1,0,0,62,-0.0131,0.8873,0.0023,0.0025,0.0259,0.8294,0.7893,0.8022,1.667996,0.9546,0.000103,0.98614,0.20748000000000003,-0.0015800000000000002,0.00235,0.79661,0.71498,0.6509199999999999,-0.047319999999999994,0.09207,1.4637618,0.8008600000000001,0.015625,0.015625,0.0,0.0,0.96875
882,128,65,0.2008,0.2064,-0.0014,-0.001,2,2,0,0,61,-0.0214,0.5942,0.0022,0.0025,0.0421,0.5416,0.7874,0.8007,1.6222,0.6697,0.000103,0.98622,0.20478000000000002,-0.00159,0.00233,0.79525,0.68429,0.6172500000000001,-0.04688,0.0912,1.4588245,0.768,0.03076923076923077,0.03076923076923077,0.0,0.0,0.9384615384615385
883,127,64,0.1994,0.2054,-0.0023,-0.001,2,1,1,0,60,-0.0209,0.623,0.0022,0.0024,0.0415,0.5319,0.7857,0.7992,1.607078,0.6783,0.000102,0.98629,0.20587,-0.00183,0.00231,0.79371,0.69943,0.63322,-0.04454999999999999,0.08697,1.459263,0.7816799999999999,0.03125,0.015625,0.015625,0.0,0.9375
884,128,64,0.2164,0.2068,-0.0028,-0.0012,2,1,0,0,61,0.0031,0.8966,0.0022,0.0024,-0.0063,0.7861,0.7837,0.7977,1.509858,0.9136,0.000102,0.98637,0.2057,-0.0018500000000000003,0.00229,0.79207,0.71643,0.6459499999999999,-0.03993,0.07765999999999999,1.4430825999999999,0.79104,0.03125,0.015625,0.0,0.0,0.953125
885,127,65,0.1994,0.2059,-0.0014,-0.0012,2,2,0,0,61,-0.0341,0.6496,0.0021,0.0024,0.0666,0.5043,0.7817,0.7963,1.543462,0.6866,0.000101,0.98644,0.20585,-0.0018499999999999999,0.00226,0.7902899999999999,0.72271,0.6387700000000001,-0.03707,0.07217,1.4394703,0.7877799999999999,0.03076923076923077,0.03076923076923077,0.0,0.0,0.9384615384615385
886,126,64,0.2198,0.2069,0.0,-0.0011,3,3,0,0,58,0.0385,0.9316,0.0021,0.0024,-0.0758,0.687,0.7798,0.7948,1.554661,0.8497,0.000101,0.98652,0.20759,-0.00196,0.00223,0.7884,0.7548600000000001,0.64843,-0.02452,0.04811,1.4297197000000001,0.79668,0.046875,0.046875,0.0,0.0,0.90625
887,126,67,0.19,0.2058,0.0011,-0.0012,4,4,0,0,59,0.0187,0.5125,0.0021,0.0023,-0.0352,0.3727,0.779,0.7934,1.586355,0.5054,0.0001,0.98659,0.20495000000000002,-0.0014500000000000001,0.0022099999999999997,0.78669,0.7129899999999999,0.60047,-0.01956,0.03811,1.5883552,0.75466,0.05970149253731343,0.05970149253731343,0.0,0.0,0.8805970149253731
888,127,65,0.2181,0.2064,-0.0014,-0.0011,2,2,0,0,61,0.0266,0.9081,0.002,0.0023,-0.052,0.7539,0.7773,0.7921,1.577176,0.8845,0.0001,0.98667,0.20806,-0.00136,0.00218,0.7849099999999999,0.7493,0.63458,-0.00847,0.01681,1.5835087,0.7794300000000001,0.03076923076923077,0.03076923076923077,0.0,0.0,0.9384615384615385
889,126,65,0.201,0.2065,-0.0014,-0.0012,2,2,0,0,61,-0.0222,0.6342,0.002,0.0023,0.0431,0.5938,0.7766,0.7909,1.508801,0.7103,0.0001,0.98674,0.20484999999999998,-0.0013700000000000001,0.00215,0.78323,0.7132099999999999,0.59806,-0.0089,0.01754,1.5800845,0.74325,0.03076923076923077,0.03076923076923077,0.0,0.0,0.9384615384615385
890,127,64,0.2042,0.2058,-0.0024,-0.0014,3,1,0,0,60,-0.0479,0.6385,0.0019,0.0022,0.0951,0.6615,0.775,0.7897,1.51688,0.7729,9.9e-05,0.98682,0.20642,-0.0014700000000000002,0.00211,0.78155,0.72756,0.62622,-0.00727,0.014500000000000002,1.5694466999999999,0.76256,0.046875,0.015625,0.0,0.0,0.9375
891,126,66,0.2089,0.2066,0.0021,-0.0013,5,5,0,0,56,-0.0234,0.778,0.0019,0.0022,0.0447,0.7096,0.7721,0.7882,1.564491,0.8433,9.9e-05,0.98689,0.20579999999999998,-0.00099,0.00207,0.77983,0.71663,0.6142399999999999,-0.0083,0.01638,1.5590962,0.75143,0.07575757575757576,0.07575757575757576,0.0,0.0,0.8484848484848485
892,128,64,0.2008,0.2053,-0.004,-0.0014,0,0,0,0,64,-0.0355,0.6613,0.0018,0.0022,0.071,0.5844,0.7691,0.7866,0.0,0.6583,9.8e-05,0.98697,0.20579999999999998,-0.00125,0.00203,0.778,0.7233400000000001,0.61852,-0.00971,0.01927,1.3968762,0.75029,0.0,0.0,0.0,0.0,1.0
893,127,64,0.2151,0.2066,-0.0013,-0.0015,2,2,0,0,60,-0.0173,0.8967,0.0018,0.0022,0.0343,0.8899,0.7668,0.7849,1.5755,0.9891,9.8e-05,0.98704,0.20737,-0.00115,0.00199,0.77611,0.75071,0.65432,-0.009349999999999999,0.01855,1.3937184,0.78137,0.03125,0.03125,0.0,0.0,0.9375
894,128,65,0.19,0.2052,-0.0027,-0.0015,1,1,0,0,63,-0.0562,0.5539,0.0018,0.0021,0.1107,0.4921,0.7646,0.7831,1.50495,0.6527,9.7e-05,0.98712,0.20473,-0.00114,0.00195,0.7742,0.71644,0.62492,-0.015279999999999998,0.03025,1.3932276,0.7552800000000001,0.015384615384615385,0.015384615384615385,0.0,0.0,0.9692307692307692
895,127,63,0.2181,0.2062,-0.0023,-0.0015,2,2,0,0,59,-0.0191,0.9323,0.0017,0.0021,0.0384,0.9153,0.7619,0.7813,1.504066,1.0184,9.7e-05,0.98719,0.20659999999999998,-0.00123,0.0019099999999999998,0.7722200000000001,0.74471,0.66602,-0.01378,0.02743,1.389288,0.7884599999999999,0.031746031746031744,0.031746031746031744,0.0,0.0,0.9365079365079365
896,127,65,0.2024,0.2062,-0.0027,-0.0017,1,1,0,0,63,-0.0048,0.5593,0.0017,0.0021,0.0094,0.5154,0.7589,0.7793,1.574152,0.6206,9.6e-05,0.98727,0.20486,-0.0015,0.0018700000000000001,0.77013,0.70748,0.64886,-0.01811,0.035949999999999996,1.3912371000000001,0.76555,0.015384615384615385,0.015384615384615385,0.0,0.0,0.9692307692307692
897,127,64,0.2072,0.2058,-0.0027,-0.0016,1,1,0,0,62,-0.0202,0.8124,0.0017,0.002,0.04,0.7669,0.7553,0.7772,1.502077,0.8845,9.6e-05,0.98734,0.20657999999999999,-0.0018800000000000002,0.00183,0.76776,0.7374700000000001,0.68828,-0.022,0.043469999999999995,1.3828093000000001,0.80346,0.015625,0.015625,0.0,0.0,0.96875
898,128,63,0.2086,0.2068,-0.0026,-0.0017,1,1,0,0,61,-0.0039,0.6981,0.0017,0.002,0.008,0.5993,0.7531,0.7751,1.721082,0.7388,9.5e-05,0.98742,0.20563000000000003,-0.0020000000000000005,0.0018,0.76534,0.71647,0.67282,-0.02505,0.04947,1.3971999,0.78889,0.015873015873015872,0.015873015873015872,0.0,0.0,0.9682539682539683
899,127,65,0.1994,0.2052,-0.0027,-0.0017,1,1,0,0,63,-0.0492,0.657,0.0016,0.002,0.0961,0.6527,0.7508,0.773,1.49962,0.7767,9.5e-05,0.98749,0.20546999999999999,-0.00213,0.00176,0.76276,0.71875,0.6787099999999999,-0.027749999999999997,0.05477,1.3962818,0.79553,0.015384615384615385,0.015384615384615385,0.0,0.0,0.9692307692307692
900,128,64,0.2194,0.2067,-0.0013,-0.0017,2,2,0,0,60,-0.0174,0.9659,0.0016,0.0019,0.0349,0.9816,0.7481,0.7708,1.621148,1.0722,9.5e-05,0.98757,0.20699,-0.00202,0.0017300000000000002,0.76007,0.75149,0.71072,-0.0247,0.04875,1.4067086,0.82546,0.03125,0.03125,0.0,0.0,0.9375
901,127,64,0.1964,0.2058,-0.0027,-0.0017,1,1,0,0,62,-0.0644,0.5709,0.0016,0.0019,0.1278,0.5192,0.7465,0.7687,1.497094,0.6833,9.4e-05,0.98764,0.20573999999999998,-0.0025,0.0016999999999999997,0.75751,0.73078,0.6916800000000001,-0.0288,0.05706,1.3999689,0.80946,0.015625,0.015625,0.0,0.0,0.96875
902,126,66,0.2198,0.2067,0.0038,-0.0015,6,6,0,0,54,-0.0319,1.0027,0.0015,0.0019,0.0608,0.9806,0.7442,0.7665,1.614512,1.1013,9.4e-05,0.98772,0.20764,-0.0017200000000000004,0.00167,0.75502,0.7649199999999999,0.7313,-0.02844,0.05604,1.5614200999999999,0.85376,0.09090909090909091,0.09090909090909091,0.0,0.0,0.8181818181818182
903,127,65,0.1915,0.2063,-0.0014,-0.0014,2,2,0,0,61,-0.0386,0.5973,0.0015,0.0018,0.0754,0.3774,0.7419,0.7643,1.534161,0.6008,9.3e-05,0.98779,0.20528,-0.0017300000000000002,0.0016400000000000002,0.7525299999999999,0.73498,0.68005,-0.030569999999999996,0.060149999999999995,1.5572862,0.81493,0.03076923076923077,0.03076923076923077,0.0,0.0,0.9384615384615385
904,127,66,0.2151,0.2063,-0.0015,-0.0014,3,2,0,0,61,-0.0443,0.9354,0.0015,0.0018,0.0852,0.9506,0.739,0.7621,1.533584,1.0606,9.3e-05,0.98787,0.20779,-0.0016100000000000003,0.0016099999999999999,0.74997,0.77313,0.7259,-0.02938,0.0576,1.5601496,0.85572,0.045454545454545456,0.030303030303030304,0.0,0.0,0.9242424242424242
905,126,65,0.204,0.2065,-0.0014,-0.0014,3,2,0,0,60,-0.0545,0.6879,0.0015,0.0018,0.1056,0.6915,0.7363,0.7598,1.532948,0.8174,9.2e-05,0.98794,0.20638,-0.00152,0.00159,0.74741,0.7486900000000001,0.7035199999999999,-0.03292,0.06432,1.5630378,0.8356199999999999,0.046153846153846156,0.03076923076923077,0.0,0.0,0.9230769230769231
906,128,63,0.2056,0.2058,-0.0026,-0.0015,1,1,0,0,61,-0.0265,0.7213,0.0014,0.0017,0.0539,0.5706,0.7332,0.7575,1.572783,0.752,9.2e-05,0.98802,0.20670000000000002,-0.00151,0.00156,0.74484,0.7648900000000001,0.7090400000000001,-0.035089999999999996,0.06877,1.5629009,0.8487600000000001,0.015873015873015872,0.015873015873015872,0.0,0.0,0.9682539682539683
907,128,65,0.2056,0.2066,-0.0014,-0.0016,2,2,0,0,61,-0.0317,0.9006,0.0014,0.0017,0.0624,0.7803,0.7296,0.755,1.57283,0.9498,9.1e-05,0.98809,0.20654,-0.0013800000000000002,0.00153,0.74227,0.77371,0.71038,-0.03624,0.07100999999999999,1.5699762,0.8552900000000001,0.03076923076923077,0.03076923076923077,0.0,0.0,0.9384615384615385
908,128,63,0.2008,0.2057,-0.004,-0.0018,0,0,0,0,63,-0.0676,0.8681,0.0014,0.0017,0.1373,0.5863,0.7268,0.7525,0.0,0.7968,9.1e-05,0.98817,0.20576,-0.00152,0.0015,0.73964,0.79071,0.70908,-0.042609999999999995,0.08393999999999999,1.397868,0.8610899999999999,0.0,0.0,0.0,0.0,1.0
909,128,61,0.2223,0.2068,-0.004,-0.0019,0,0,0,0,61,-0.0088,0.9962,0.0013,0.0016,0.0184,0.9197,0.723,0.7498,0.0,0.9676,9.1e-05,0.98824,0.20805,-0.00165,0.0014700000000000002,0.73686,0.82463,0.73578,-0.03857,0.07617,1.247906,0.88018,0.0,0.0,0.0,0.0,1.0
910,126,67,0.187,0.2059,-0.0001,-0.0018,3,3,0,0,61,-0.0445,0.6195,0.0013,0.0016,0.0837,0.4709,0.7207,0.7471,1.515602,0.6601,9e-05,0.98832,0.20481,-0.0015300000000000001,0.0014399999999999999,0.73412,0.78999,0.68471,-0.04128,0.08105,1.2373514,0.83897,0.04477611940298507,0.04477611940298507,0.0,0.0,0.9104477611940298
911,128,63,0.2194,0.2064,-0.004,-0.0021,0,0,0,0,63,0.0079,1.0475,0.0013,0.0016,-0.0161,0.9242,0.7178,0.7444,0.0,0.9776,9e-05,0.98839,0.20711,-0.00166,0.00141,0.73125,0.83765,0.72521,-0.03405,0.06666000000000001,1.087642,0.8684000000000001,0.0,0.0,0.0,0.0,1.0
912,128,64,0.1978,0.2063,-0.004,-0.0021,0,0,0,0,64,-0.0442,0.7653,0.0013,0.0015,0.0884,0.6918,0.7161,0.7417,0.0,0.7727,8.9e-05,0.98847,0.20491,-0.0024400000000000003,0.00139,0.72844,0.8139100000000001,0.69633,-0.03528,0.06942,0.9261908,0.83554,0.0,0.0,0.0,0.0,1.0
913,125,66,0.2106,0.206,-0.0001,-0.002,3,3,0,0,60,-0.0141,0.8788,0.0012,0.0015,0.0267,0.8301,0.7141,0.7391,1.513672,0.9427,8.9e-05,0.98854,0.20682,-0.00231,0.0013599999999999999,0.7256600000000001,0.84206,0.7415999999999999,-0.03283,0.06455000000000001,0.9241418999999998,0.86973,0.045454545454545456,0.045454545454545456,0.0,0.0,0.9090909090909091
914,128,63,0.2056,0.2068,-0.0013,-0.0019,2,2,0,0,59,-0.011,0.9532,0.0012,0.0015,0.0223,0.8912,0.7098,0.7364,1.583081,1.0127,8.8e-05,0.98862,0.20587,-0.0022900000000000004,0.00133,0.7227399999999999,0.8438399999999999,0.73566,-0.0295,0.05826,0.9290915999999999,0.86494,0.031746031746031744,0.031746031746031744,0.0,0.0,0.9365079365079365
915,128,63,0.2008,0.206,-0.004,-0.002,0,0,0,0,63,-0.0441,0.7743,0.0012,0.0014,0.0896,0.6519,0.7067,0.7336,0.0,0.7586,8.8e-05,0.98869,0.20555000000000004,-0.00255,0.0013,0.7197799999999999,0.8524800000000001,0.7317,-0.028459999999999996,0.05666,0.7757968,0.85906,0.0,0.0,0.0,0.0,1.0
916,127,65,0.2181,0.2068,-0.001,-0.0019,3,3,0,0,59,0.0239,1.1451,0.0012,0.0014,-0.0468,0.9592,0.7023,0.7308,1.539524,1.1062,8.7e-05,0.98877,0.2068,-0.0023900000000000006,0.0012799999999999999,0.71669,0.8948599999999999,0.7705599999999999,-0.023420000000000003,0.046590000000000006,0.7724708999999998,0.89448,0.046153846153846156,0.046153846153846156,0.0,0.0,0.9076923076923077
917,128,64,0.19,0.2059,-0.004,-0.002,0,0,0,0,64,0.0012,0.6357,0.0011,0.0014,-0.0024,0.4929,0.699,0.7279,0.0,0.5631,8.7e-05,0.98884,0.20524,-0.0026500000000000004,0.00125,0.71363,0.8683700000000002,0.74182,-0.020130000000000002,0.04011,0.6151878999999999,0.85581,0.0,0.0,0.0,0.0,1.0
918,127,64,0.226,0.2068,-0.0013,-0.0019,2,2,0,0,60,-0.011,1.3357,0.0011,0.0014,0.0218,1.2372,0.6949,0.725,1.572827,1.3759,8.6e-05,0.98892,0.20776,-0.00238,0.00122,0.71044,0.9151299999999999,0.8069099999999999,-0.01447,0.028560000000000002,0.7724705999999999,0.91372,0.03125,0.03125,0.0,0.0,0.9375
919,127,66,0.1885,0.2062,-0.0014,-0.0019,2,2,0,0,62,-0.0595,0.6985,0.0011,0.0013,0.1145,0.5292,0.692,0.7221,1.523868,0.745,8.6e-05,0.98899,0.20438,-0.00212,0.0012,0.70734,0.88536,0.76786,-0.019540000000000002,0.038169999999999996,0.9248573999999999,0.89146,0.030303030303030304,0.030303030303030304,0.0,0.0,0.9393939393939394
920,127,63,0.2211,0.2063,-0.0037,-0.002,1,1,0,0,61,-0.0194,1.0856,0.0011,0.0013,0.0391,0.9262,0.6886,0.7191,1.478903,1.0995,8.6e-05,0.98907,0.20779,-0.0024800000000000004,0.00118,0.7041299999999999,0.93197,0.8133900000000001,-0.01703,0.033710000000000004,0.9211875,0.9354000000000001,0.015873015873015872,0.015873015873015872,0.0,0.0,0.9682539682539683
921,127,64,0.1994,0.2065,-0.0013,-0.0019,2,2,0,0,60,0.0082,0.8198,0.0011,0.0013,-0.0164,0.6551,0.6852,0.7161,1.522761,0.8054,8.5e-05,0.98914,0.20579,-0.00221,0.00116,0.7008699999999999,0.9092,0.78648,-0.016999999999999998,0.03368,1.0734636,0.9181800000000001,0.03125,0.03125,0.0,0.0,0.9375
922,128,65,0.1978,0.2053,-0.0027,-0.0023,1,1,0,0,63,-0.0241,0.8396,0.0011,0.0013,0.0475,0.6595,0.6804,0.7129,1.476127,0.8467,8.5e-05,0.98922,0.20579,-0.0020800000000000003,0.00114,0.6973,0.91663,0.78325,-0.014989999999999998,0.029589999999999998,1.2210763,0.9255800000000001,0.015384615384615385,0.015384615384615385,0.0,0.0,0.9692307692307692
923,127,65,0.2181,0.2067,-0.001,-0.0022,3,2,1,0,59,0.0057,1.151,0.001,0.0012,-0.0112,1.072,0.6764,0.7096,1.551395,1.1836,8.4e-05,0.98929,0.20654,-0.0021700000000000005,0.0011200000000000001,0.6935300000000001,0.9438500000000001,0.80744,-0.013009999999999999,0.0258,1.2248486,0.94967,0.046153846153846156,0.03076923076923077,0.015384615384615385,0.0,0.9076923076923077
924,126,65,0.1979,0.2058,-0.0014,-0.0022,2,2,0,0,61,-0.0327,0.7127,0.001,0.0012,0.0634,0.5622,0.6738,0.7063,1.520387,0.7442,8.4e-05,0.98937,0.20577,-0.0021800000000000005,0.0011,0.68993,0.9198000000000001,0.77454,-0.015179999999999999,0.029910000000000003,1.2185792000000002,0.9228200000000001,0.03076923076923077,0.03076923076923077,0.0,0.0,0.9384615384615385
925,127,65,0.2211,0.2067,0.0002,-0.0022,3,3,0,0,59,-0.0176,1.1695,0.001,0.0012,0.0345,1.0709,0.6694,0.703,1.575049,1.2158,8.3e-05,0.98944,0.20779999999999998,-0.0017600000000000005,0.00108,0.6862,0.95932,0.81644,-0.01253,0.024399999999999998,1.3760841000000001,0.96854,0.046153846153846156,0.046153846153846156,0.0,0.0,0.9076923076923077
926,125,67,0.1915,0.206,0.0011,-0.002,4,4,0,0,59,-0.1062,0.6896,0.001,0.0012,0.1981,0.5802,0.666,0.6996,1.573506,0.8055,8.3e-05,0.98952,0.20514000000000002,-0.0015500000000000002,0.00106,0.68257,0.9137700000000001,0.77854,-0.02554,0.04889,1.3794823,0.93847,0.05970149253731343,0.05970149253731343,0.0,0.0,0.8805970149253731
927,127,65,0.2151,0.2064,0.0013,-0.0018,4,4,0,0,57,-0.0058,1.1918,0.001,0.0011,0.0113,1.0417,0.6626,0.6963,1.492308,1.1968,8.2e-05,0.98959,0.20765000000000003,-0.00102,0.00105,0.67893,0.9693799999999999,0.8334199999999999,-0.026239999999999996,0.050260000000000006,1.5287131,1.00184,0.06153846153846154,0.06153846153846154,0.0,0.0,0.8769230769230769
928,126,66,0.201,0.2065,-0.0008,-0.0017,4,3,1,0,58,-0.0354,0.8958,0.001,0.0011,0.0676,0.692,0.6606,0.693,1.535084,0.9028,8.2e-05,0.98967,0.20515,-0.0009700000000000002,0.00104,0.6755,0.9253900000000002,0.7788999999999999,-0.028679999999999994,0.05484,1.5249388,0.9545300000000001,0.06060606060606061,0.045454545454545456,0.015151515151515152,0.0,0.8787878787878788
929,127,64,0.2072,0.2057,-0.0037,-0.0017,1,1,0,0,62,-0.0663,0.7328,0.0009,0.0011,0.1315,0.6785,0.6568,0.6897,1.680218,0.8549,8.2e-05,0.98974,0.20701999999999998,-0.0012000000000000001,0.00102,0.67198,0.92882,0.79383,-0.029359999999999997,0.05654,1.5405738,0.96552,0.015625,0.015625,0.0,0.0,0.96875
930,127,65,0.2102,0.2069,-0.0027,-0.0018,1,1,0,0,63,-0.0351,0.971,0.0009,0.0011,0.0686,0.9993,0.6548,0.6864,1.57049,1.0971,8.1e-05,0.98982,0.20593,-0.0011,0.001,0.6686,0.9173600000000001,0.80114,-0.030930000000000003,0.05949,1.5497325,0.9652799999999999,0.015384615384615385,0.015384615384615385,0.0,0.0,0.9692307692307692
931,128,64,0.2008,0.2059,-0.0027,-0.0017,1,1,0,0,62,-0.037,0.8889,0.0009,0.0011,0.0741,0.8577,0.6539,0.6832,1.691292,0.9949,8.1e-05,0.98989,0.20607000000000003,-0.0012400000000000002,0.00098,0.66547,0.9242699999999999,0.8214,-0.03545,0.06853999999999999,1.5665856,0.9842299999999999,0.015625,0.015625,0.0,0.0,0.96875
932,127,63,0.2151,0.2068,-0.0013,-0.0016,2,2,0,0,59,-0.0177,1.1744,0.0009,0.001,0.0357,1.1198,0.6521,0.68,1.460659,1.2381,8e-05,0.98997,0.20779999999999998,-0.0011,0.0009600000000000001,0.66264,0.9577500000000001,0.86743,-0.03481,0.06736,1.5650388,1.02337,0.031746031746031744,0.031746031746031744,0.0,0.0,0.9365079365079365
933,127,65,0.1915,0.2058,-0.0027,-0.0017,1,1,0,0,63,-0.048,0.7332,0.0009,0.001,0.0937,0.5523,0.6514,0.6768,1.569633,0.7669,8e-05,0.99005,0.20514000000000002,-0.0012700000000000003,0.00095,0.66014,0.9159700000000001,0.8154600000000001,-0.04018,0.07785,1.5668625999999999,0.9817,0.015384615384615385,0.015384615384615385,0.0,0.0,0.9692307692307692
934,128,63,0.2272,0.2069,-0.004,-0.0019,0,0,0,0,63,-0.0116,1.1513,0.0008,0.001,0.0236,1.1664,0.6505,0.6739,0.0,1.1708,7.9e-05,0.99012,0.20807000000000003,-0.0015300000000000001,0.0009299999999999999,0.65781,0.95983,0.8758800000000001,-0.03807,0.07387,1.4148239,1.0243600000000002,0.0,0.0,0.0,0.0,1.0
935,128,65,0.19,0.2064,-0.0014,-0.0017,2,2,0,0,61,-0.0234,0.6978,0.0008,0.001,0.046,0.6383,0.6517,0.6711,1.513976,0.7663,7.9e-05,0.9902,0.20496000000000003,-0.00169,0.0009099999999999999,0.6560400000000001,0.91266,0.83262,-0.038650000000000004,0.07502,1.4087166,0.97941,0.03076923076923077,0.03076923076923077,0.0,0.0,0.9384615384615385
936,126,65,0.2089,0.2059,-0.0014,-0.0017,2,2,0,0,61,-0.0329,1.0106,0.0008,0.001,0.0638,0.9719,0.6518,0.6686,1.458486,1.095,7.8e-05,0.99027,0.20670000000000002,-0.00194,0.00089,0.65462,0.9447599999999999,0.8717900000000001,-0.03132,0.06159,1.3972145999999999,1.0083600000000001,0.03076923076923077,0.03076923076923077,0.0,0.0,0.9384615384615385
937,125,68,0.2075,0.2068,0.0049,-0.0013,7,7,0,0,54,0.0085,1.091,0.0008,0.001,-0.0157,0.9572,0.6523,0.6663,1.549199,1.0944,7.8e-05,0.99035,0.20594,-0.0015800000000000002,0.0008700000000000001,0.6535900000000001,0.9346800000000002,0.86334,-0.02989,0.05889,1.4029037,0.9981199999999999,0.10294117647058823,0.10294117647058823,0.0,0.0,0.7941176470588235
938,126,66,0.204,0.2057,-0.0001,-0.0012,3,3,0,0,60,-0.0591,0.901,0.0008,0.0009,0.1128,0.8927,0.6521,0.6641,1.638917,1.0325,7.7e-05,0.99042,0.20624000000000003,-0.00151,0.0008500000000000001,0.65274,0.9352,0.8834099999999999,-0.03226,0.06341,1.413287,1.0110899999999998,0.045454545454545456,0.045454545454545456,0.0,0.0,0.9090909090909091
939,126,64,0.2138,0.207,0.0,-0.0012,3,3,0,0,58,-0.0481,1.1762,0.0008,0.0009,0.0947,1.3167,0.651,0.6621,1.573202,1.3717,7.7e-05,0.9905,0.2069,-0.00114,0.0008400000000000001,0.6521600000000001,0.9795400000000001,0.94723,-0.030439999999999995,0.05972999999999999,1.4025854,1.06277,0.046875,0.046875,0.0,0.0,0.90625
940,128,65,0.19,0.2054,-0.0027,-0.0011,1,1,0,0,63,-0.0428,0.7436,0.0008,0.0009,0.0842,0.6814,0.6494,0.6601,1.570134,0.8325,7.7e-05,0.99057,0.20488,-0.00114,0.00083,0.65162,0.9568,0.91544,-0.031209999999999998,0.06129,1.4025497999999998,1.0363099999999998,0.015384615384615385,0.015384615384615385,0.0,0.0,0.9692307692307692
941,128,63,0.2302,0.2069,-0.0037,-0.0012,2,0,1,0,60,-0.0359,1.3308,0.0007,0.0009,0.0729,1.3881,0.6472,0.6582,1.76112,1.4845,7.6e-05,0.99065,0.20781999999999998,-0.0012400000000000002,0.00081,0.65095,1.00099,0.9684800000000001,-0.0311,0.06117,1.4095326,1.08527,0.031746031746031744,0.0,0.015873015873015872,0.0,0.9523809523809523
942,127,65,0.1915,0.2066,-0.0014,-0.0012,2,2,0,0,61,-0.0695,0.7688,0.0007,0.0009,0.1358,0.5989,0.6462,0.6565,1.44939,0.8226,7.6e-05,0.99072,0.20546000000000003,-0.0012500000000000002,0.0007900000000000001,0.65036,0.96043,0.9163900000000001,-0.03628,0.07118,1.4084056999999999,1.04372,0.03076923076923077,0.03076923076923077,0.0,0.0,0.9384615384615385
943,127,64,0.2151,0.2065,-0.0013,-0.0012,2,2,0,0,60,-0.0283,1.1044,0.0007,0.0009,0.0562,1.1126,0.6442,0.6549,1.571089,1.215,7.5e-05,0.9908,0.20782000000000003,-0.00111,0.0007700000000000001,0.64964,0.99755,0.97242,-0.03431,0.06743,1.4085512999999998,1.08853,0.03125,0.03125,0.0,0.0,0.9375
944,128,64,0.1978,0.2065,-0.004,-0.0013,0,0,0,0,64,0.0027,0.9043,0.0007,0.0008,-0.0054,0.879,0.6412,0.6533,0.0,0.8889,7.5e-05,0.99087,0.20488,-0.00111,0.00076,0.64871,0.9728499999999999,0.9436800000000002,-0.03288,0.06453,1.4085512999999998,1.06034,0.0,0.0,0.0,0.0,1.0
945,127,65,0.1994,0.2054,-0.0,-0.0013,3,3,0,0,59,-0.0141,0.8978,0.0007,0.0008,0.0276,0.8745,0.6371,0.6517,1.572122,0.9782,7.4e-05,0.99095,0.20582000000000003,-0.00097,0.00075,0.64725,0.99285,0.9673,-0.03195,0.06269,1.4143659,1.08153,0.046153846153846156,0.046153846153846156,0.0,0.0,0.9076923076923077
946,125,65,0.2186,0.2067,0.0002,-0.0014,3,3,0,0,59,-0.046,1.2929,0.0007,0.0008,0.0884,1.3769,0.6338,0.65,1.5291,1.4538,7.4e-05,0.99102,0.20678999999999997,-0.00081,0.00074,0.6454500000000001,1.02108,1.0078,-0.03326,0.06515,1.4214273,1.11741,0.046153846153846156,0.046153846153846156,0.0,0.0,0.9076923076923077
947,127,66,0.1915,0.2056,-0.0001,-0.0014,3,3,0,0,60,-0.0435,0.8056,0.0007,0.0008,0.0836,0.649,0.6329,0.6486,1.656112,0.8502,7.3e-05,0.9911,0.20518999999999998,-0.00131,0.00073,0.6435099999999999,0.9925400000000002,0.97698,-0.03846,0.07508000000000001,1.4321186000000001,1.09299,0.045454545454545456,0.045454545454545456,0.0,0.0,0.9090909090909091
948,128,63,0.2272,0.2069,-0.004,-0.0016,0,0,0,0,63,-0.0394,1.3125,0.0006,0.0008,0.0802,1.378,0.6319,0.6471,0.0,1.3859,7.3e-05,0.99117,0.20751,-0.0017000000000000001,0.00071,0.6414899999999999,1.03369,1.0255100000000001,-0.03649,0.07182000000000001,1.2682269,1.12833,0.0,0.0,0.0,0.0,1.0
949,126,66,0.19,0.206,-0.0001,-0.0014,3,3,0,0,60,-0.076,0.749,0.0006,0.0008,0.145,0.8209,0.6322,0.6459,1.444974,0.9263,7.3e-05,0.99125,0.20512999999999998,-0.0017100000000000001,0.00069,0.63961,0.9909699999999999,0.97593,-0.03928,0.07685,1.2554041,1.08379,0.045454545454545456,0.045454545454545456,0.0,0.0,0.9090909090909091
950,127,65,0.2181,0.2064,-0.0,-0.0013,3,3,0,0,59,-0.0392,1.3116,0.0006,0.0008,0.0767,1.4285,0.6319,0.6447,1.570947,1.486,7.2e-05,0.99132,0.20794,-0.0014399999999999999,0.0006699999999999999,0.6378600000000001,1.04777,1.05064,-0.038919999999999996,0.0761,1.2554854,1.1491399999999998,0.046153846153846156,0.046153846153846156,0.0,0.0,0.9076923076923077
951,128,64,0.1978,0.2063,-0.0027,-0.0013,1,1,0,0,62,-0.0555,0.9941,0.0006,0.0007,0.111,0.9459,0.6331,0.6437,1.699199,1.1104,7.2e-05,0.9914,0.20470000000000002,-0.0013399999999999998,0.00066,0.6364500000000001,1.0141,1.0064199999999999,-0.04088,0.07991000000000001,1.2492933000000002,1.1117299999999999,0.015625,0.015625,0.0,0.0,0.96875
952,127,63,0.2102,0.206,-0.0026,-0.0014,1,1,0,0,61,-0.0041,0.9567,0.0006,0.0007,0.0083,0.7692,0.634,0.6428,1.443742,0.9393,7.1e-05,0.99147,0.20657,-0.00146,0.00065,0.63523,1.0328899999999999,1.02345,-0.034339999999999996,0.06716,1.2487285,1.1234,0.015873015873015872,0.015873015873015872,0.0,0.0,0.9682539682539683
953,127,65,0.2072,0.2068,0.0002,-0.0012,3,3,0,0,59,-0.0162,1.158,0.0006,0.0007,0.0316,1.0736,0.634,0.6419,1.597977,1.2111,7.1e-05,0.99155,0.20578,-0.00131,0.0006399999999999999,0.63421,1.0382500000000001,1.0195500000000002,-0.03313,0.0647,1.2514173,1.12301,0.046153846153846156,0.046153846153846156,0.0,0.0,0.9076923076923077
954,128,64,0.2008,0.2055,-0.0027,-0.0011,1,1,0,0,62,-0.0032,1.0779,0.0006,0.0007,0.0065,0.7851,0.6325,0.641,1.704074,1.0199,7e-05,0.99162,0.20607999999999999,-0.00118,0.00063,0.63334,1.0556100000000002,1.01016,-0.03372,0.06589,1.4218247,1.13611,0.015625,0.015625,0.0,0.0,0.96875
955,127,64,0.2211,0.207,-0.0015,-0.0012,4,2,0,0,58,-0.0081,1.2839,0.0005,0.0007,0.0161,1.2293,0.6295,0.6399,1.505867,1.3399,7e-05,0.9917,0.20825,-0.00133,0.00061,0.63258,1.09422,1.0456400000000001,-0.03312,0.06473999999999999,1.4151992,1.17228,0.0625,0.03125,0.0,0.0,0.90625
956,128,64,0.19,0.2061,-0.004,-0.0013,0,0,0,0,64,-0.0597,0.8941,0.0005,0.0007,0.1194,0.5821,0.6279,0.6387,0.0,0.7978,6.9e-05,0.99177,0.20539000000000002,-0.0017500000000000003,0.00059,0.6319899999999999,1.05434,0.96616,-0.03449,0.06783999999999998,1.2622892000000001,1.10668,0.0,0.0,0.0,0.0,1.0
957,128,64,0.2134,0.2064,-0.004,-0.0017,0,0,0,0,64,-0.0118,1.354,0.0005,0.0007,0.0235,1.3407,0.6258,0.6374,0.0,1.3591,6.9e-05,0.99185,0.20758000000000001,-0.0021400000000000004,0.00057,0.6312800000000001,1.1091799999999998,1.03533,-0.03132,0.06183000000000001,1.096678,1.1575700000000002,0.0,0.0,0.0,0.0,1.0
958,126,66,0.201,0.2062,-0.0008,-0.0018,4,4,0,0,58,-0.0408,1.022,0.0005,0.0006,0.0779,0.7624,0.625,0.636,1.440894,1.0013,6.8e-05,0.99192,0.20495999999999998,-0.00182,0.00056,0.63059,1.08013,0.97377,-0.03146,0.0616,1.2407674,1.1191100000000003,0.06060606060606061,0.06060606060606061,0.0,0.0,0.8787878787878788
959,125,67,0.2106,0.2061,0.0024,-0.0016,5,5,0,0,57,-0.0373,1.1832,0.0005,0.0006,0.0695,1.2188,0.6243,0.6347,1.493665,1.3079,6.8e-05,0.992,0.20702000000000004,-0.0015700000000000002,0.0005499999999999999,0.6298,1.12355,1.01356,-0.027589999999999996,0.05405,1.2456365,1.15727,0.07462686567164178,0.07462686567164178,0.0,0.0,0.8507462686567164
960,125,67,0.2106,0.2071,0.0011,-0.0014,4,4,0,0,59,-0.0432,1.0982,0.0005,0.0006,0.0806,1.128,0.6254,0.6335,1.471921,1.2241,6.8e-05,0.99207,0.20627,-0.0014600000000000001,0.00054,0.62915,1.10221,0.9835100000000001,-0.027989999999999998,0.05444,1.2357339,1.13108,0.05970149253731343,0.05970149253731343,0.0,0.0,0.8805970149253731
961,128,64,0.1978,0.2055,-0.0013,-0.0013,2,2,0,0,60,-0.0597,1.0628,0.0005,0.0006,0.1195,0.9302,0.6246,0.6324,1.437226,1.128,6.7e-05,0.99215,0.20627,-0.00132,0.00053,0.6283,1.10908,0.98194,-0.02841,0.055290000000000006,1.2095365999999999,1.13284,0.03125,0.03125,0.0,0.0,0.9375
962,128,63,0.2134,0.2066,-0.0026,-0.0014,1,1,0,0,61,-0.0416,1.4667,0.0005,0.0006,0.0846,1.5388,0.6223,0.6312,1.789846,1.6352,6.7e-05,0.99222,0.20659,-0.00132,0.0005200000000000001,0.62713,1.1600800000000002,1.0589,-0.03216,0.06292,1.2441470000000001,1.20243,0.015873015873015872,0.015873015873015872,0.0,0.0,0.9682539682539683
963,126,67,0.193,0.2055,-0.0001,-0.0013,3,3,0,0,61,-0.1226,0.9472,0.0005,0.0006,0.2306,0.7554,0.6213,0.63,1.552628,1.0369,6.6e-05,0.9923,0.20517,-0.0013499999999999999,0.0005099999999999999,0.62586,1.139,1.02708,-0.042800000000000005,0.08282,1.2396121,1.18501,0.04477611940298507,0.04477611940298507,0.0,0.0,0.9104477611940298
964,127,62,0.226,0.2069,-0.0012,-0.0012,2,2,0,0,58,0.0216,1.5757,0.0004,0.0006,-0.0442,1.2932,0.6196,0.629,1.431901,1.4834,6.6e-05,0.99237,0.20769,-0.0012000000000000001,0.00049,0.62457,1.18878,1.07789,-0.04032000000000001,0.07775000000000001,1.2123948,1.23136,0.03225806451612903,0.03225806451612903,0.0,0.0,0.9354838709677419
965,128,65,0.19,0.2064,-0.0027,-0.0013,1,1,0,0,63,-0.0227,0.9426,0.0004,0.0006,0.0446,0.7587,0.6193,0.6281,1.430037,0.9441,6.5e-05,0.99245,0.20457999999999998,-0.00132,0.00048000000000000007,0.62355,1.15465,1.03083,-0.04178,0.0806,1.2048118,1.19178,0.015384615384615385,0.015384615384615385,0.0,0.0,0.9692307692307692
966,128,63,0.2194,0.2065,-0.0026,-0.0015,1,1,0,0,61,-0.0053,1.4569,0.0004,0.0005,0.0107,1.209,0.6184,0.6273,1.428083,1.4098,6.5e-05,0.99252,0.20752,-0.00118,0.00047000000000000004,0.6226,1.2109299999999998,1.09352,-0.03634,0.06972999999999999,1.3476200999999999,1.25298,0.015873015873015872,0.015873015873015872,0.0,0.0,0.9682539682539683
967,127,64,0.2024,0.207,-0.0027,-0.0016,1,1,0,0,62,-0.014,1.0461,0.0004,0.0005,0.0278,0.9153,0.6186,0.6266,1.42567,1.0657,6.4e-05,0.9926,0.20642,-0.00105,0.00046,0.62188,1.1801400000000002,1.05098,-0.03656,0.07016,1.4901871,1.22364,0.015625,0.015625,0.0,0.0,0.96875
968,126,65,0.1949,0.2054,-0.0014,-0.0015,2,2,0,0,61,-0.0244,1.1089,0.0004,0.0005,0.0474,0.9462,0.6181,0.6259,1.42297,1.1216,6.4e-05,0.99267,0.20581,-0.0011099999999999999,0.00045,0.62119,1.1888299999999998,1.06936,-0.03492,0.06711,1.4883947,1.23567,0.03076923076923077,0.03076923076923077,0.0,0.0,0.9384615384615385
969,128,64,0.2194,0.2069,-0.004,-0.0017,0,0,0,0,64,-0.021,1.465,0.0004,0.0005,0.0421,1.5052,0.6157,0.6251,0.0,1.5061,6.4e-05,0.99275,0.20668999999999998,-0.0017499999999999998,0.00044,0.62033,1.2170100000000001,1.098,-0.03329,0.06437000000000001,1.3390282,1.25549,0.0,0.0,0.0,0.0,1.0
970,128,64,0.2008,0.206,-0.0023,-0.0018,2,1,1,0,60,-0.0057,1.0824,0.0004,0.0005,0.0114,0.949,0.6146,0.6242,1.450128,1.0939,6.3e-05,0.99282,0.20571,-0.00209,0.00043,0.61925,1.21543,1.0801,-0.02954,0.05745,1.3368489000000001,1.24247,0.03125,0.015625,0.015625,0.0,0.9375
971,128,62,0.2164,0.2069,-0.004,-0.0018,0,0,0,0,62,0.0265,1.5724,0.0004,0.0005,-0.0547,1.3726,0.6117,0.6231,0.0,1.4443,6.3e-05,0.9929,0.20756999999999998,-0.00236,0.00042000000000000007,0.6179600000000001,1.26639,1.1243400000000001,-0.02092,0.040029999999999996,1.1931263,1.2741000000000002,0.0,0.0,0.0,0.0,1.0
972,128,65,0.19,0.2059,-0.0027,-0.0018,1,1,0,0,63,-0.0041,0.986,0.0004,0.0005,0.008,0.749,0.6116,0.622,1.715984,0.9572,6.2e-05,0.99297,0.20522999999999997,-0.0023699999999999997,0.00041000000000000005,0.6168899999999999,1.2183199999999998,1.04536,-0.01717,0.03237,1.1857400999999999,1.2063,0.015384615384615385,0.015384615384615385,0.0,0.0,0.9692307692307692
973,127,63,0.2181,0.2064,-0.0026,-0.002,1,1,0,0,61,-0.0129,1.5701,0.0003,0.0005,0.0261,1.5437,0.6101,0.6208,1.809381,1.6605,6.2e-05,0.99305,0.20773999999999998,-0.00262,0.00039000000000000005,0.61577,1.28061,1.12419,-0.006200000000000001,0.01192,1.2114154,1.2686600000000001,0.015873015873015872,0.015873015873015872,0.0,0.0,0.9682539682539683
974,128,64,0.1978,0.2063,-0.004,-0.002,0,0,0,0,64,-0.0021,1.2742,0.0003,0.0004,0.0042,1.0362,0.6088,0.6196,0.0,1.1573,6.1e-05,0.99312,0.20492,-0.0029,0.00038,0.6146900000000001,1.25046,1.09849,-0.008570000000000001,0.01676,1.0682253,1.23605,0.0,0.0,0.0,0.0,1.0
975,125,66,0.2106,0.2058,-0.0001,-0.002,3,3,0,0,60,-0.0165,1.2348,0.0003,0.0004,0.0312,1.1242,0.6067,0.6185,1.620453,1.2753,6.1e-05,0.9932,0.20698,-0.00264,0.00037,0.61343,1.27968,1.13504,-0.007950000000000002,0.01542,1.0872669,1.2691700000000001,0.045454545454545456,0.045454545454545456,0.0,0.0,0.9090909090909091
976,128,63,0.2086,0.2067,-0.0026,-0.0019,1,1,0,0,61,-0.0149,1.376,0.0003,0.0004,0.0302,1.3334,0.6038,0.6173,1.406387,1.4403,6e-05,0.99327,0.20590000000000003,-0.00264,0.00035999999999999997,0.61197,1.27159,1.14748,-0.008910000000000001,0.017370000000000003,1.0850973,1.27222,0.015873015873015872,0.015873015873015872,0.0,0.0,0.9682539682539683
977,128,64,0.2008,0.2061,-0.004,-0.0019,0,0,0,0,64,-0.0206,1.2184,0.0003,0.0004,0.0412,1.0942,0.6045,0.6162,0.0,1.1769,6e-05,0.99335,0.20573999999999998,-0.00277,0.00034999999999999994,0.61056,1.2888199999999999,1.16537,-0.00957,0.018709999999999997,0.9425302999999999,1.2833400000000001,0.0,0.0,0.0,0.0,1.0
978,128,63,0.2164,0.2068,-0.0026,-0.002,1,1,0,0,61,-0.0161,1.5319,0.0003,0.0004,0.0328,1.5752,0.6039,0.6152,1.81334,1.6609,5.9e-05,0.99342,0.20789,-0.00289,0.00034,0.60914,1.33112,1.22827,-0.008740000000000001,0.017249999999999998,0.9815673,1.33727,0.015873015873015872,0.015873015873015872,0.0,0.0,0.9682539682539683
979,128,64,0.19,0.2058,-0.004,-0.0023,0,0,0,0,64,-0.0358,1.022,0.0003,0.0004,0.0717,0.9048,0.6046,0.6142,0.0,0.9992,5.9e-05,0.9935,0.20495000000000002,-0.00289,0.00033,0.60803,1.2868199999999999,1.1682299999999999,-0.01022,0.02021,0.9815673,1.2865800000000003,0.0,0.0,0.0,0.0,1.0
980,128,63,0.2272,0.2066,-0.0013,-0.0024,2,2,0,0,59,-0.0024,1.6462,0.0003,0.0004,0.0048,1.4707,0.6043,0.6131,1.658619,1.6438,5.9e-05,0.99357,0.20759000000000002,-0.00279,0.00031999999999999997,0.607,1.3432,1.2204000000000002,-0.00989,0.01955,1.0024164,1.34157,0.031746031746031744,0.031746031746031744,0.0,0.0,0.9365079365079365
981,125,67,0.1915,0.2063,-0.0001,-0.0024,3,3,0,0,61,-0.0241,0.9924,0.0003,0.0004,0.0449,0.9524,0.6046,0.6121,1.513899,1.0689,5.8e-05,0.99365,0.2051,-0.0024000000000000002,0.00031,0.60629,1.2852,1.17838,-0.014950000000000001,0.029509999999999998,1.1538062999999998,1.30403,0.04477611940298507,0.04477611940298507,0.0,0.0,0.9104477611940298
982,127,66,0.2072,0.206,-0.0001,-0.0023,3,3,0,0,60,-0.0332,1.3734,0.0003,0.0004,0.0639,1.4366,0.6043,0.6112,1.464549,1.5089,5.8e-05,0.99372,0.20682,-0.00214,0.0003,0.60556,1.32394,1.24714,-0.017859999999999997,0.035100000000000006,1.1286628,1.3592,0.045454545454545456,0.045454545454545456,0.0,0.0,0.9090909090909091
983,127,63,0.2102,0.2069,-0.0026,-0.0024,1,1,0,0,61,-0.0168,1.2865,0.0003,0.0003,0.0338,1.2492,0.6058,0.6104,1.397005,1.3547,5.7e-05,0.9938,0.20603000000000002,-0.00214,0.0003,0.6051300000000001,1.29558,1.21769,-0.01825,0.03587,1.0874252,1.3286200000000001,0.015873015873015872,0.015873015873015872,0.0,0.0,0.9682539682539683
984,128,64,0.1978,0.2055,-0.0013,-0.0024,2,2,0,0,60,-0.0099,1.2599,0.0003,0.0003,0.0198,1.0735,0.6045,0.6097,1.661667,1.2596,5.7e-05,0.99387,0.20603000000000002,-0.0018699999999999997,0.0003,0.6047,1.29415,1.22142,-0.01903,0.03743,1.2535919,1.33885,0.03125,0.03125,0.0,0.0,0.9375
985,127,65,0.2181,0.2069,-0.0027,-0.0024,1,1,0,0,63,-0.0402,1.7254,0.0002,0.0003,0.0785,1.7745,0.6007,0.6088,1.394193,1.858,5.6e-05,0.99395,0.20678000000000002,-0.00213,0.00029,0.6041,1.34321,1.2864499999999999,-0.0214,0.04216,1.2309659,1.39712,0.015384615384615385,0.015384615384615385,0.0,0.0,0.9692307692307692
986,126,66,0.193,0.2056,0.0012,-0.0022,4,4,0,0,58,-0.0646,1.0344,0.0002,0.0003,0.1233,0.9691,0.5978,0.6077,1.444895,1.1327,5.6e-05,0.99402,0.20522,-0.0017500000000000003,0.00028,0.6035,1.30905,1.25002,-0.026369999999999998,0.05147,1.2348167,1.36636,0.06060606060606061,0.06060606060606061,0.0,0.0,0.8787878787878788
987,128,64,0.2212,0.2065,-0.0023,-0.0022,2,2,0,0,60,-0.01,1.9778,0.0002,0.0003,0.02,1.9451,0.5943,0.6065,1.496753,2.0463,5.5e-05,0.9941,0.20726,-0.0015800000000000002,0.00026999999999999995,0.6024800000000001,1.38499,1.3351099999999998,-0.02531,0.04935,1.384492,1.4533,0.03125,0.03125,0.0,0.0,0.9375
988,127,65,0.1915,0.2063,-0.0027,-0.0022,1,1,0,0,63,-0.0885,1.1802,0.0002,0.0003,0.173,0.9133,0.5929,0.6052,1.390095,1.2007,5.5e-05,0.99417,0.20476999999999998,-0.00159,0.00026,0.60138,1.3498199999999998,1.26892,-0.03255,0.06337000000000001,1.3421675,1.4072799999999999,0.015384615384615385,0.015384615384615385,0.0,0.0,0.9692307692307692
989,127,62,0.2211,0.2064,-0.0027,-0.0022,2,1,0,0,59,-0.0193,1.7996,0.0002,0.0003,0.0395,1.7105,0.59,0.604,1.388638,1.8447,5.5e-05,0.99425,0.20788,-0.00146,0.00024999999999999995,0.59992,1.4275799999999998,1.34949,-0.0309,0.06015,1.4810313000000002,1.49183,0.03225806451612903,0.016129032258064516,0.0,0.0,0.9516129032258065
990,126,66,0.1979,0.2063,-0.0001,-0.0021,3,3,0,0,60,-0.0209,1.405,0.0002,0.0003,0.04,1.1652,0.5884,0.6027,1.624904,1.3854,5.4e-05,0.99432,0.20495000000000002,-0.0013399999999999998,0.00023999999999999998,0.59833,1.4034600000000002,1.31894,-0.032749999999999994,0.06367,1.4776598,1.4659900000000001,0.045454545454545456,0.045454545454545456,0.0,0.0,0.9090909090909091
991,127,66,0.1994,0.2054,-0.0001,-0.0019,3,3,0,0,60,-0.0186,1.2294,0.0002,0.0003,0.0359,1.2522,0.5868,0.6014,1.63513,1.3398,5.4e-05,0.9944,0.20573999999999998,-0.00134,0.00023,0.5965499999999999,1.4271600000000002,1.3489200000000001,-0.0322,0.06276999999999999,1.4897829,1.49308,0.045454545454545456,0.045454545454545456,0.0,0.0,0.9090909090909091
992,127,64,0.2211,0.207,-0.0028,-0.0019,2,1,0,0,61,-0.0122,1.5608,0.0002,0.0003,0.0242,1.5395,0.5851,0.6001,1.384183,1.6314,5.3e-05,0.99447,0.20712999999999998,-0.0016099999999999999,0.00022,0.59463,1.4459,1.35921,-0.0301,0.0588,1.4817463,1.50533,0.03125,0.015625,0.0,0.0,0.953125
993,128,63,0.1978,0.206,-0.004,-0.0019,0,0,0,0,63,-0.0377,1.4164,0.0002,0.0003,0.0765,1.2582,0.5836,0.5988,0.0,1.3761,5.3e-05,0.99455,0.20589,-0.0017500000000000003,0.00021000000000000004,0.59241,1.45889,1.3601100000000002,-0.032189999999999996,0.06307,1.3420458,1.50747,0.0,0.0,0.0,0.0,1.0
994,128,64,0.2134,0.2067,-0.0013,-0.0018,2,2,0,0,60,-0.007,1.7905,0.0002,0.0003,0.014,1.7188,0.5816,0.5974,1.495415,1.8364,5.2e-05,0.99462,0.20745,-0.0017500000000000003,0.0002,0.59012,1.5119500000000001,1.42464,-0.0319,0.062490000000000004,1.3254206,1.56515,0.03125,0.03125,0.0,0.0,0.9375
995,125,69,0.1915,0.2058,0.0026,-0.0017,6,5,1,0,57,-0.0745,1.1837,0.0002,0.0002,0.135,1.0002,0.5809,0.5961,1.589904,1.2319,5.2e-05,0.9947,0.20478999999999997,-0.0012200000000000002,0.0002,0.58814,1.45778,1.34721,-0.03533,0.06814,1.3449917,1.5025400000000002,0.08695652173913043,0.07246376811594203,0.014492753623188406,0.0,0.8260869565217391
996,128,61,0.2194,0.2063,-0.004,-0.0017,0,0,0,0,61,0.0027,1.8139,0.0002,0.0002,-0.0057,1.7011,0.579,0.5949,0.0,1.7545,5.1e-05,0.99477,0.20743,-0.0017399999999999998,0.0002,0.58626,1.53573,1.42041,-0.028599999999999997,0.05524,1.2005022,1.56472,0.0,0.0,0.0,0.0,1.0
997,128,63,0.2008,0.2063,-0.004,-0.0017,0,0,0,0,63,0.0082,1.3858,0.0002,0.0002,-0.0166,1.0729,0.5788,0.5936,0.0,1.2209,5.1e-05,0.99485,0.20539000000000002,-0.0019099999999999998,0.0002,0.5847100000000001,1.47653,1.33319,-0.026779999999999998,0.05158,1.0508269000000001,1.48218,0.0,0.0,0.0,0.0,1.0
998,128,64,0.2086,0.2059,-0.004,-0.0018,0,0,0,0,64,0.002,1.5976,0.0002,0.0002,-0.0039,1.4823,0.5775,0.5923,0.0,1.5379,5e-05,0.99492,0.2071,-0.00204,0.0002,0.58317,1.51827,1.39009,-0.01773,0.033889999999999997,0.9118174,1.5159,0.0,0.0,0.0,0.0,1.0
999,128,64,0.2056,0.2067,-0.0027,-0.0017,1,1,0,0,62,0.0136,1.7499,0.0002,0.0002,-0.0273,1.5006,0.5761,0.5908,1.615729,1.6924,5e-05,0.995,0.20554999999999998,-0.0020399999999999997,0.0002,0.58178,1.5133,1.3691,-0.014439999999999998,0.02721,0.9345264999999999,1.50067,0.015625,0.015625,0.0,0.0,0.96875
